{
  "P_LV0101": 0.6430276167746335,
  "Q_LV0101": -0.053528810092055915,
  "P_LV0102": 0.4081145584725537,
  "Q_LV0102": -0.035458574838049775,
  "P_LV0103": 0.5734742584384589,
  "Q_LV0103": -0.053528810092055915,
  "P_LV0201": 0.41970678486191615,
  "Q_LV0201": -0.035458574838049775,
  "P_LV0202": 0.41732015001704736,
  "Q_LV0202": -0.035458574838049775,
  "P_LV0203": 0.4186839413569724,
  "Q_LV0203": -0.03579952267303103,
  "U_POI": 1.0,
  "P_POIMV_MV0101": -1.597337542951971,
  "Q_POIMV_MV0101": 0.26971712769113015,
  "I_POIMV_MV0101": 1.630681404017311,
  "P_POIMV_MV0201": -1.2387301185844484,
  "Q_POIMV_MV0201": 0.1802500298190846,
  "I_POIMV_MV0201": 1.2600689414306459,
  "P_POI_POIMV": -2.8360676789233406,
  "Q_POI_POIMV": 0.558195972512511,
  "I_POI_POIMV": 2.8904779229675515
}