{
  "P_LV0101": 0.2724173201500171,
  "Q_LV0101": -0.040913740197749744,
  "P_LV0102": 0.19809069212410502,
  "Q_LV0102": -0.027616774633481077,
  "P_LV0103": 0.321854756222298,
  "Q_LV0103": -0.04125468803273099,
  "P_LV0201": 0.19434026593931128,
  "Q_LV0201": -0.027616774633481077,
  "P_LV0202": 0.19638595294919878,
  "Q_LV0202": -0.027616774633481077,
  "P_LV0203": 0.19774974428912376,
  "Q_LV0203": -0.02727582679849983,
  "U_POI": 1.0,
  "P_POIMV_MV0101": -0.7857168920708757,
  "Q_POIMV_MV0101": 0.13963506491267413,
  "I_POIMV_MV0101": 0.8006328332189454,
  "P_POIMV_MV0201": -0.5846896683052291,
  "Q_POIMV_MV0201": 0.09769528606408312,
  "I_POIMV_MV0201": 0.5947301896337257,
  "P_POI_POIMV": -1.3704065604308144,
  "Q_POI_POIMV": 0.2621160247136484,
  "I_POI_POIMV": 1.3952487058884881
}