{
  "P_LV0101": 0.30010228435049435,
  "Q_LV0101": -0.015588135015342652,
  "U_LV0101": 1.0031737156249443,
  "I_LV0101_MV0101": 0.2995561508416732,
  "P_LV0102": 0.29231557377049183,
  "Q_LV0102": -0.01567622950819672,
  "U_LV0102": 1.0033634215588,
  "I_LV0102_MV0102": 0.2917543197669567,
  "P_LV0103": 0.28316695352839927,
  "Q_LV0103": -0.01573838209982788,
  "U_LV0103": 1.0033364482462843,
  "I_LV0103_MV0103": 0.28266090142523503,
  "P_LV0201": 0.29482758620689653,
  "Q_LV0201": -0.015517241379310345,
  "U_LV0201": 1.0036422303866703,
  "I_LV0201_MV0201": 0.2941642383519768,
  "P_LV0202": 0.2944461305007587,
  "Q_LV0202": -0.015477996965098634,
  "U_LV0202": 1.0040199130046121,
  "I_LV0202_MV0202": 0.29367212539958204,
  "P_LV0203": 0.29413533834586464,
  "Q_LV0203": -0.015338345864661653,
  "U_LV0203": 1.0042226668873235,
  "I_LV0203_MV0203": 0.29329649963140014,
  "P_POIMV_MV0101": -0.8679565458359907,
  "Q_POIMV_MV0101": 0.08148982520315612,
  "U_POIMV": 0.9976214909638752,
  "I_POIMV_MV0101": 0.8738520348007848,
  "P_POIMV_MV0201": -0.875108483253919,
  "Q_POIMV_MV0201": 0.0814782369090625,
  "I_POIMV_MV0201": 0.8809888125381501,
  "P_POI_POIMV": -1.7430650293421912,
  "Q_POI_POIMV": 0.20249966106565018,
  "U_POI": 1.0,
  "I_POI_POIMV": 1.7547882519687088
}