{
  "P_LV0101": 0.26491646778042954,
  "Q_LV0101": -0.009001022843504942,
  "U_LV0101": 1.0040001436800463,
  "I_LV0101_MV0101": 0.2640132458953471,
  "P_LV0102": 0.2692622950819672,
  "Q_LV0102": -0.009067622950819672,
  "U_LV0102": 1.004444752180003,
  "I_LV0102_MV0102": 0.26822274791215195,
  "P_LV0103": 0.27325301204819274,
  "Q_LV0103": -0.009087779690189328,
  "U_LV0103": 1.004710481593676,
  "I_LV0103_MV0103": 0.27212226292819847,
  "P_LV0201": 0.26759634888438133,
  "Q_LV0201": -0.008975659229208925,
  "U_LV0201": 1.0045924727287479,
  "I_LV0201_MV0201": 0.26652283753596057,
  "P_LV0202": 0.26858877086494687,
  "Q_LV0202": -0.008952959028831564,
  "U_LV0202": 1.004971302451314,
  "I_LV0202_MV0202": 0.2674085765262267,
  "P_LV0203": 0.2693233082706767,
  "Q_LV0203": -0.00887218045112782,
  "U_LV0203": 1.0051758476898849,
  "I_LV0203_MV0203": 0.26808185367789134,
  "P_POIMV_MV0101": -0.8009595966102548,
  "Q_POIMV_MV0101": 0.056169281805138256,
  "U_POIMV": 0.9983312880242504,
  "I_POIMV_MV0101": 0.804268779273504,
  "P_POIMV_MV0201": -0.79863018988569,
  "Q_POIMV_MV0201": 0.055650177054577636,
  "I_POIMV_MV0201": 0.8019048990563733,
  "P_POI_POIMV": -1.5995897866179731,
  "Q_POI_POIMV": 0.14484486152321707,
  "U_POI": 1.0,
  "I_POI_POIMV": 1.6061343403844563
}