{
  "P_LV0101": 0.8888510057961132,
  "Q_LV0101": -0.035458574838049775,
  "P_LV0102": 0.5813160586430276,
  "Q_LV0102": -0.023184452778724857,
  "P_LV0103": 0.8438458915785885,
  "Q_LV0103": -0.035458574838049775,
  "P_LV0201": 0.5912035458574838,
  "Q_LV0201": -0.023184452778724857,
  "P_LV0202": 0.5925673371974088,
  "Q_LV0202": -0.023184452778724857,
  "P_LV0203": 0.5973406068871463,
  "Q_LV0203": -0.023184452778724857,
  "U_POI": 1.0,
  "P_POIMV_MV0101": -2.2594572485867213,
  "Q_POIMV_MV0101": 0.34939605961530207,
  "I_POIMV_MV0101": 2.3066629219735844,
  "P_POIMV_MV0201": -1.7473550360904775,
  "Q_POIMV_MV0201": 0.21722245178711655,
  "I_POIMV_MV0201": 1.7764781985204208,
  "P_POI_POIMV": -4.006812284677135,
  "Q_POI_POIMV": 0.7830908808114763,
  "I_POI_POIMV": 4.082618768909203
}