{
  "P_LV0101": 0.8636208660075009,
  "Q_LV0101": -0.033071939993181046,
  "P_LV0102": 0.5867712240027276,
  "Q_LV0102": -0.02216160927378111,
  "P_LV0103": 0.8878281622911695,
  "Q_LV0103": -0.033071939993181046,
  "P_LV0201": 0.5877940675076714,
  "Q_LV0201": -0.02216160927378111,
  "P_LV0202": 0.5922263893624276,
  "Q_LV0202": -0.02216160927378111,
  "P_LV0203": 0.596999659052165,
  "Q_LV0203": -0.02216160927378111,
  "U_POI": 1.0,
  "P_POIMV_MV0101": -2.2824876770642555,
  "Q_POIMV_MV0101": 0.34868452779054016,
  "I_POIMV_MV0101": 2.3294098612064236,
  "P_POIMV_MV0201": -1.7434292865216734,
  "Q_POIMV_MV0201": 0.21340630668638366,
  "I_POIMV_MV0201": 1.771992435953408,
  "P_POI_POIMV": -4.025916963585562,
  "Q_POI_POIMV": 0.7805087942489187,
  "I_POI_POIMV": 4.100878122498386
}