{
  "P_LV0101": 0.006996249573815206,
  "Q_LV0101": -0.002209341970678486,
  "U_LV0101": 0.9997634842766252,
  "I_LV0101_MV0101": 0.007338540157962335,
  "P_LV0102": 0.007561475409836066,
  "Q_LV0102": -0.0022131147540983605,
  "U_LV0102": 0.9997877903337336,
  "I_LV0102_MV0102": 0.007880364261053627,
  "P_LV0103": 0.008179001721170396,
  "Q_LV0103": -0.0023545611015490533,
  "U_LV0103": 0.9997899129618408,
  "I_LV0103_MV0103": 0.008512959181435019,
  "P_LV0201": 0.007119675456389452,
  "Q_LV0201": -0.0021906693711967544,
  "U_LV0201": 0.999782123768666,
  "I_LV0201_MV0201": 0.007450704536874226,
  "P_LV0202": 0.007465857359635812,
  "Q_LV0202": -0.0021851289833080424,
  "U_LV0202": 0.9998010369533499,
  "I_LV0202_MV0202": 0.007780610638443378,
  "P_LV0203": 0.007218045112781954,
  "Q_LV0203": -0.0021654135338345865,
  "U_LV0203": 0.999801067620819,
  "I_LV0203_MV0203": 0.007537359756357857,
  "P_POIMV_MV0101": -0.02273106978375407,
  "Q_POIMV_MV0101": 0.005530483070366018,
  "U_POIMV": 0.9998699383900874,
  "I_POIMV_MV0101": 0.023397225616356997,
  "P_POIMV_MV0201": -0.021798055201037055,
  "Q_POIMV_MV0201": 0.005009796789408208,
  "I_POIMV_MV0201": 0.022369251827059015,
  "P_POI_POIMV": -0.044529125008264545,
  "Q_POI_POIMV": 0.010001642455515951,
  "U_POI": 1.0,
  "I_POI_POIMV": 0.04563853443976515
}