{
  "P_LV0101": 0.0804636890555745,
  "Q_LV0101": -0.018070235254006136,
  "P_LV0102": 0.0640981929764746,
  "Q_LV0102": -0.012274122059324924,
  "P_LV0103": 0.11114899420388681,
  "Q_LV0103": -0.018070235254006136,
  "P_LV0201": 0.06034776679168087,
  "Q_LV0201": -0.012274122059324924,
  "P_LV0202": 0.06205250596658711,
  "Q_LV0202": -0.011933174224343675,
  "P_LV0203": 0.061711558131605865,
  "Q_LV0203": -0.012274122059324924,
  "U_POI": 1.0,
  "P_POIMV_MV0101": -0.2549958530717358,
  "Q_POIMV_MV0101": 0.050483351882235586,
  "I_POIMV_MV0101": 0.26024285380430917,
  "P_POIMV_MV0201": -0.18373436127527282,
  "Q_POIMV_MV0201": 0.03659657424386628,
  "I_POIMV_MV0201": 0.18755819484547945,
  "P_POI_POIMV": -0.4387302143472272,
  "Q_POI_POIMV": 0.08912504769009127,
  "I_POI_POIMV": 0.44769127209152176
}