{
  "P_LV0101": 0.049096488237299694,
  "Q_LV0101": -0.013637913399249914,
  "P_LV0102": 0.0405727923627685,
  "Q_LV0102": -0.009205591544493692,
  "P_LV0103": 0.06955335833617457,
  "Q_LV0103": -0.013296965564268667,
  "P_LV0201": 0.03784520968291851,
  "Q_LV0201": -0.009205591544493692,
  "P_LV0202": 0.03852710535288101,
  "Q_LV0202": -0.009205591544493692,
  "P_LV0203": 0.03886805318786226,
  "Q_LV0203": -0.009205591544493692,
  "U_POI": 1.0,
  "P_POIMV_MV0101": -0.1589411154699274,
  "Q_POIMV_MV0101": 0.03618324231117741,
  "I_POIMV_MV0101": 0.16314127073579282,
  "P_POIMV_MV0201": -0.11508994943852283,
  "Q_POIMV_MV0201": 0.02672765327118385,
  "I_POIMV_MV0201": 0.11824954154318154,
  "P_POI_POIMV": -0.2740311002151055,
  "Q_POI_POIMV": 0.06337602353071628,
  "I_POI_POIMV": 0.28126422496234227
}