{
  "P_LV0101": 0.37572451414933516,
  "Q_LV0101": -0.04432321854756222,
  "P_LV0102": 0.2294578929423798,
  "Q_LV0102": -0.029321513808387316,
  "P_LV0103": 0.3034435731333106,
  "Q_LV0103": -0.04432321854756222,
  "P_LV0201": 0.23968632799181724,
  "Q_LV0201": -0.029321513808387316,
  "P_LV0202": 0.23491305830207979,
  "Q_LV0202": -0.029662461643368564,
  "P_LV0203": 0.23695874531196726,
  "Q_LV0203": -0.029321513808387316,
  "U_POI": 1.0,
  "P_POIMV_MV0101": -0.8999730008582947,
  "Q_POIMV_MV0101": 0.15754186629007252,
  "I_POIMV_MV0101": 0.9170731377763716,
  "P_POIMV_MV0201": -0.7060532129061535,
  "Q_POIMV_MV0201": 0.11110184658672059,
  "I_POIMV_MV0201": 0.717412697831074,
  "P_POI_POIMV": -1.606026213950339,
  "Q_POI_POIMV": 0.30286124827731975,
  "I_POI_POIMV": 1.6343332388481107
}