{
  "P_LV0101": 1.0,
  "Q_LV0101": -0.013978861234231163,
  "P_LV0102": 0.6638254347084896,
  "Q_LV0102": -0.009205591544493692,
  "P_LV0103": 0.9901125127855438,
  "Q_LV0103": -0.013978861234231163,
  "P_LV0201": 0.6723491305830208,
  "Q_LV0201": -0.009205591544493692,
  "P_LV0202": 0.6733719740879646,
  "Q_LV0202": -0.009205591544493692,
  "P_LV0203": 0.6801909307875895,
  "Q_LV0203": -0.009205591544493692,
  "U_POI": 1.0,
  "P_POIMV_MV0101": -2.582702667377475,
  "Q_POIMV_MV0101": 0.3706052126824844,
  "I_POIMV_MV0101": 2.6342623167910646,
  "P_POIMV_MV0201": -1.9825409715037512,
  "Q_POIMV_MV0201": 0.21778033362003377,
  "I_POIMV_MV0201": 2.013657199465717,
  "P_POI_POIMV": -4.565243638881345,
  "Q_POI_POIMV": 0.8690370807347294,
  "I_POI_POIMV": 4.647222281109279
}