{
  "P_LV0101": 0.6982611660415956,
  "Q_LV0101": -0.04977838390726219,
  "P_LV0102": 0.4466416638254347,
  "Q_LV0102": -0.03341288782816229,
  "P_LV0103": 0.6290487555404023,
  "Q_LV0103": -0.04977838390726219,
  "P_LV0201": 0.4589157858847596,
  "Q_LV0201": -0.03341288782816229,
  "P_LV0202": 0.4531196726900784,
  "Q_LV0202": -0.03341288782816229,
  "P_LV0203": 0.4592567337197409,
  "Q_LV0203": -0.03341288782816229,
  "U_POI": 1.0,
  "P_POIMV_MV0101": -1.7415750784816975,
  "Q_POIMV_MV0101": 0.28413643930680194,
  "I_POIMV_MV0101": 1.7770500144706616,
  "P_POIMV_MV0201": -1.3511093235387956,
  "Q_POIMV_MV0201": 0.18792786135818854,
  "I_POIMV_MV0201": 1.3737398244600256,
  "P_POI_POIMV": -3.092684436175157,
  "Q_POI_POIMV": 0.6007458261142044,
  "I_POI_POIMV": 3.150490845781604
}