{
  "P_LV0101": 0.03170814865325605,
  "Q_LV0101": -0.010228435049437436,
  "P_LV0102": 0.024889191953631096,
  "Q_LV0102": -0.006818956699624957,
  "P_LV0103": 0.041936583702693486,
  "Q_LV0103": -0.00954653937947494,
  "P_LV0201": 0.0235254006137061,
  "Q_LV0201": -0.006818956699624957,
  "P_LV0202": 0.0242072962836686,
  "Q_LV0202": -0.006818956699624957,
  "P_LV0203": 0.0242072962836686,
  "Q_LV0203": -0.006818956699624957,
  "U_POI": 1.0,
  "P_POIMV_MV0101": -0.09842485309091374,
  "Q_POIMV_MV0101": 0.02583191162483824,
  "I_POIMV_MV0101": 0.1018174325389822,
  "P_POIMV_MV0201": -0.0718801234860962,
  "Q_POIMV_MV0201": 0.019167013681508797,
  "I_POIMV_MV0201": 0.07443498397766002,
  "P_POI_POIMV": -0.17030498226691324,
  "Q_POI_POIMV": 0.04483751402418365,
  "I_POI_POIMV": 0.17610845990128499
}