{
  "P_LV0101": 0.9171496760995568,
  "Q_LV0101": -0.03239004432321855,
  "P_LV0102": 0.6021138765768838,
  "Q_LV0102": -0.021820661438799863,
  "P_LV0103": 0.8728264575519945,
  "Q_LV0103": -0.03239004432321855,
  "P_LV0201": 0.6109785202863962,
  "Q_LV0201": -0.021820661438799863,
  "P_LV0202": 0.6106375724514149,
  "Q_LV0202": -0.021820661438799863,
  "P_LV0203": 0.6171155813160586,
  "Q_LV0203": -0.021820661438799863,
  "U_POI": 1.0,
  "P_POIMV_MV0101": -2.333880336020833,
  "Q_POIMV_MV0101": 0.3590555679554513,
  "I_POIMV_MV0101": 2.383065482009833,
  "P_POIMV_MV0201": -1.8027853764767094,
  "Q_POIMV_MV0201": 0.22281366920166396,
  "I_POIMV_MV0201": 1.8332164906110482,
  "P_POI_POIMV": -4.136665712497424,
  "Q_POI_POIMV": 0.8127267281962363,
  "I_POI_POIMV": 4.21574761479816
}