{
  "P_LV0101": 0.2635254006137061,
  "Q_LV0101": -0.016447323559495394,
  "U_LV0101": 1.0023456714216512,
  "I_LV0101_MV0101": 0.2634202650471236,
  "P_LV0102": 0.27,
  "Q_LV0102": -0.016413934426229508,
  "U_LV0102": 1.0028489931079585,
  "I_LV0102_MV0102": 0.2697300017929101,
  "P_LV0103": 0.27796213425129085,
  "Q_LV0103": -0.016729776247848535,
  "U_LV0103": 1.0031616664170055,
  "I_LV0103_MV0103": 0.27758749966672974,
  "P_LV0201": 0.26634888438133875,
  "Q_LV0201": -0.016247464503042597,
  "U_LV0201": 1.0029530415303811,
  "I_LV0201_MV0201": 0.2660582962806899,
  "P_LV0202": 0.26877086494688923,
  "Q_LV0202": -0.01620637329286798,
  "U_LV0202": 1.0033596991447058,
  "I_LV0202_MV0202": 0.26835742819480357,
  "P_LV0203": 0.2685112781954887,
  "Q_LV0203": -0.0162406015037594,
  "U_LV0203": 1.0035223206257327,
  "I_LV0203_MV0203": 0.26805779156838655,
  "P_POIMV_MV0101": -0.8049071374932316,
  "Q_POIMV_MV0101": 0.07909923996579984,
  "U_POIMV": 0.9977441604892254,
  "I_POIMV_MV0101": 0.8106130029903456,
  "P_POIMV_MV0201": -0.7967445363081384,
  "Q_POIMV_MV0201": 0.07758108550478081,
  "I_POIMV_MV0201": 0.8023226724604545,
  "P_POI_POIMV": -1.6016516739304736,
  "Q_POI_POIMV": 0.1899891575701097,
  "U_POI": 1.0,
  "I_POI_POIMV": 1.6128806417706452
}