{
  "P_LV0101": 0.7132628707807706,
  "Q_LV0101": -0.04943743607228094,
  "P_LV0102": 0.4592567337197409,
  "Q_LV0102": -0.032730992158199794,
  "P_LV0103": 0.6501875213092397,
  "Q_LV0103": -0.04943743607228094,
  "P_LV0201": 0.47050801227412203,
  "Q_LV0201": -0.032730992158199794,
  "P_LV0202": 0.46743948175929084,
  "Q_LV0202": -0.032730992158199794,
  "P_LV0203": 0.4715308557790658,
  "Q_LV0203": -0.032730992158199794,
  "U_POI": 1.0,
  "P_POIMV_MV0101": -1.7885606763729747,
  "Q_POIMV_MV0101": 0.29106109660813095,
  "I_POIMV_MV0101": 1.8251955966824132,
  "P_POIMV_MV0201": -1.3881742436678373,
  "Q_POIMV_MV0201": 0.1908347332779267,
  "I_POIMV_MV0201": 1.4113650974159748,
  "P_POI_POIMV": -3.1767349622259897,
  "Q_POI_POIMV": 0.6177079743063192,
  "I_POI_POIMV": 3.2362336383133057
}