{
  "P_LV0101": 0.07487214456188203,
  "Q_LV0101": -0.012171837708830548,
  "U_LV0101": 0.9994128433271783,
  "I_LV0101_MV0101": 0.07589963510773308,
  "P_LV0102": 0.08329918032786884,
  "Q_LV0102": -0.01214139344262295,
  "U_LV0102": 0.9997469289706946,
  "I_LV0102_MV0102": 0.08420068198698627,
  "P_LV0103": 0.09087779690189328,
  "Q_LV0103": -0.012289156626506023,
  "U_LV0103": 0.9999806822510039,
  "I_LV0103_MV0103": 0.09170671876398108,
  "P_LV0201": 0.08017241379310344,
  "Q_LV0201": -0.012018255578093304,
  "U_LV0201": 0.9997211307909122,
  "I_LV0201_MV0201": 0.08109082205549492,
  "P_LV0202": 0.08118361153262518,
  "Q_LV0202": -0.011987860394537177,
  "U_LV0202": 0.9998521163871157,
  "I_LV0202_MV0202": 0.08207606143666395,
  "P_LV0203": 0.07984962406015038,
  "Q_LV0203": -0.0118796992481203,
  "U_LV0203": 0.9998819104517123,
  "I_LV0203_MV0203": 0.0807380281516883,
  "P_POIMV_MV0101": -0.24840908472485768,
  "Q_POIMV_MV0101": 0.03831757583143796,
  "U_POIMV": 0.9990035035473355,
  "I_POIMV_MV0101": 0.2515977074351851,
  "P_POIMV_MV0201": -0.2405697165563066,
  "Q_POIMV_MV0201": 0.03714365612411308,
  "I_POIMV_MV0201": 0.24366310379488404,
  "P_POI_POIMV": -0.4889788012815668,
  "Q_POI_POIMV": 0.07808913849418879,
  "U_POI": 1.0,
  "I_POI_POIMV": 0.4951749000641315
}