{
  "P_LV0101": 0.32452778724855097,
  "Q_LV0101": -0.009942038868053187,
  "U_LV0101": 1.004669024697038,
  "I_LV0101_MV0101": 0.3231711466788319,
  "P_LV0102": 0.32938524590163937,
  "Q_LV0102": -0.009774590163934426,
  "U_LV0102": 1.0052290426152484,
  "I_LV0102_MV0102": 0.327816081491031,
  "P_LV0103": 0.334223752151463,
  "Q_LV0103": -0.01003786574870912,
  "U_LV0103": 1.0055130255773685,
  "I_LV0103_MV0103": 0.3325411458642263,
  "P_LV0201": 0.328052738336714,
  "Q_LV0201": -0.009675456389452332,
  "U_LV0201": 1.0054260330420233,
  "I_LV0201_MV0201": 0.3264242009009426,
  "P_LV0202": 0.3295902883156297,
  "Q_LV0202": -0.009650986342943854,
  "U_LV0202": 1.0058929369323428,
  "I_LV0202_MV0202": 0.3277998532203888,
  "P_LV0203": 0.32968421052631575,
  "Q_LV0203": -0.00956390977443609,
  "U_LV0203": 1.0061224508578008,
  "I_LV0203_MV0203": 0.3278158660870164,
  "P_POIMV_MV0101": -0.9784606713848699,
  "Q_POIMV_MV0101": 0.07376120557059482,
  "U_POIMV": 0.9977674840460355,
  "I_POIMV_MV0101": 0.9834325036455029,
  "P_POIMV_MV0201": -0.9770147779081246,
  "Q_POIMV_MV0201": 0.07292177331214386,
  "I_POIMV_MV0201": 0.9819245037696714,
  "P_POI_POIMV": -1.955475449908049,
  "Q_POI_POIMV": 0.1964120713378122,
  "U_POI": 1.0,
  "I_POI_POIMV": 1.9653147170263334
}