{
  "P_LV0101": 0.058983975451755884,
  "Q_LV0101": -0.014660756904193658,
  "U_LV0101": 0.9987181806978941,
  "I_LV0101_MV0101": 0.06085668077365207,
  "P_LV0102": 0.0477326968973747,
  "Q_LV0102": -0.009887487214456188,
  "U_LV0102": 0.9991611452353091,
  "I_LV0102_MV0102": 0.048786927613682314,
  "P_LV0103": 0.08250937606546198,
  "Q_LV0103": -0.014660756904193658,
  "U_LV0103": 0.9994679119184984,
  "I_LV0103_MV0103": 0.08384637337324662,
  "P_LV0201": 0.044664166382543474,
  "Q_LV0201": -0.010228435049437436,
  "U_LV0201": 0.9990179277252283,
  "I_LV0201_MV0201": 0.045865438658562706,
  "P_LV0202": 0.04602795772246846,
  "Q_LV0202": -0.009887487214456188,
  "U_LV0202": 0.9991569852843494,
  "I_LV0202_MV0202": 0.04711769129155744,
  "P_LV0203": 0.04602795772246846,
  "Q_LV0203": -0.009887487214456188,
  "U_LV0203": 0.9991843749596124,
  "I_LV0203_MV0203": 0.04711639969983923,
  "P_POIMV_MV0101": -0.1888316413472894,
  "Q_POIMV_MV0101": 0.039779482987953654,
  "U_POIMV": 0.9990970790313043,
  "I_POIMV_MV0101": 0.19315055375782844,
  "P_POIMV_MV0201": -0.13651017593052522,
  "Q_POIMV_MV0201": 0.02937738299740543,
  "I_POIMV_MV0201": 0.13976164324441612,
  "P_POI_POIMV": -0.32534181727796185,
  "Q_POI_POIMV": 0.0700340662835345,
  "U_POI": 1.0,
  "I_POI_POIMV": 0.3327943336505795
}