{
  "P_LV0101": 0.1972451414933515,
  "Q_LV0101": -0.01927037163314013,
  "U_LV0101": 1.000639911127244,
  "I_LV0101_MV0101": 0.198057501005969,
  "P_LV0102": 0.1868237704918033,
  "Q_LV0102": -0.01918032786885246,
  "U_LV0102": 1.0006302008223213,
  "I_LV0102_MV0102": 0.1876874864031286,
  "P_LV0103": 0.17262650602409638,
  "Q_LV0103": -0.019456110154905334,
  "U_LV0103": 1.000357242707996,
  "I_LV0103_MV0103": 0.1736574222146354,
  "P_LV0201": 0.1913184584178499,
  "Q_LV0201": -0.018803245436105474,
  "U_LV0201": 1.0009282229651673,
  "I_LV0201_MV0201": 0.1920619758746152,
  "P_LV0202": 0.18828528072837633,
  "Q_LV0202": -0.018937784522003034,
  "U_LV0202": 1.0010758941911333,
  "I_LV0202_MV0202": 0.18903188959964268,
  "P_LV0203": 0.18857142857142856,
  "Q_LV0203": -0.01876691729323308,
  "U_LV0203": 1.0012261778052904,
  "I_LV0203_MV0203": 0.18927090398956942,
  "P_POIMV_MV0101": -0.5535685793520055,
  "Q_POIMV_MV0101": 0.07131640363046902,
  "U_POIMV": 0.9980529496988225,
  "I_POIMV_MV0101": 0.5592323848300524,
  "P_POIMV_MV0201": -0.5646981841734701,
  "Q_POIMV_MV0201": 0.0703318875482338,
  "I_POIMV_MV0201": 0.5701713208477028,
  "P_POI_POIMV": -1.118266763533313,
  "Q_POI_POIMV": 0.1576911897525196,
  "U_POI": 1.0,
  "I_POI_POIMV": 1.1293303616519108
}