{
  "P_LV0101": 0.04160927378111148,
  "Q_LV0101": -0.006873508353221956,
  "U_LV0101": 0.999706090185914,
  "I_LV0101_MV0101": 0.04218557321744013,
  "P_LV0102": 0.03467213114754099,
  "Q_LV0102": -0.006823770491803279,
  "U_LV0102": 0.9995632095672379,
  "I_LV0102_MV0102": 0.03535268004658452,
  "P_LV0103": 0.028502581755593802,
  "Q_LV0103": -0.007187607573149742,
  "U_LV0103": 0.9993615879033941,
  "I_LV0103_MV0103": 0.02941365478065951,
  "P_LV0201": 0.037241379310344824,
  "Q_LV0201": -0.006754563894523326,
  "U_LV0201": 0.9996723659639227,
  "I_LV0201_MV0201": 0.037861372440390374,
  "P_LV0202": 0.03550834597875569,
  "Q_LV0202": -0.006737481031866464,
  "U_LV0202": 0.9996711231155402,
  "I_LV0202_MV0202": 0.036153779881792095,
  "P_LV0203": 0.03536842105263158,
  "Q_LV0203": -0.006676691729323308,
  "U_LV0203": 0.9996973246952175,
  "I_LV0203_MV0203": 0.03600399875650445,
  "P_POIMV_MV0101": -0.10466832958395367,
  "Q_POIMV_MV0101": 0.020158692955856556,
  "U_POIMV": 0.999490966584479,
  "I_POIMV_MV0101": 0.10664618165722911,
  "P_POIMV_MV0201": -0.10798890057478192,
  "Q_POIMV_MV0201": 0.019185921116592376,
  "I_POIMV_MV0201": 0.10973585838200957,
  "P_POI_POIMV": -0.2126572409753235,
  "Q_POI_POIMV": 0.03938833806168416,
  "U_POI": 1.0,
  "I_POI_POIMV": 0.21627423173947086
}