{
  "P_LV0101": 0.9038527105352882,
  "Q_LV0101": -0.033753835663143536,
  "P_LV0102": 0.5908625980225025,
  "Q_LV0102": -0.02250255710876236,
  "P_LV0103": 0.8561200136379133,
  "Q_LV0103": -0.033753835663143536,
  "P_LV0201": 0.6014319809069213,
  "Q_LV0201": -0.02250255710876236,
  "P_LV0202": 0.5993862938970338,
  "Q_LV0202": -0.02250255710876236,
  "P_LV0203": 0.605182407091715,
  "Q_LV0203": -0.02250255710876236,
  "U_POI": 1.0,
  "P_POIMV_MV0101": -2.294574393696686,
  "Q_POIMV_MV0101": 0.3533350435865645,
  "I_POIMV_MV0101": 2.3425718446636323,
  "P_POIMV_MV0201": -1.7713118497014562,
  "Q_POIMV_MV0201": 0.21931188144295402,
  "I_POIMV_MV0201": 1.8009449838816547,
  "P_POI_POIMV": -4.065886243397846,
  "Q_POI_POIMV": 0.7955857275690561,
  "I_POI_POIMV": 4.142992589199674
}