{
  "P_LV0101": 0.03409478349812479,
  "Q_LV0101": -0.02386634844868735,
  "P_LV0102": 0.01909307875894988,
  "Q_LV0102": -0.015342652574156155,
  "P_LV0103": 0.0,
  "Q_LV0103": 0.0,
  "P_LV0201": 0.021479713603818614,
  "Q_LV0201": -0.01602454824411865,
  "P_LV0202": 0.0,
  "Q_LV0202": 0.0,
  "P_LV0203": 0.020456870098874872,
  "Q_LV0203": -0.015342652574156155,
  "U_POI": 1.0,
  "P_POIMV_MV0101": -0.053120786761905334,
  "Q_POIMV_MV0101": 0.03826507967426391,
  "I_POIMV_MV0101": 0.065525680751183,
  "P_POIMV_MV0201": -0.04189460825018578,
  "Q_POIMV_MV0201": 0.030007605712825184,
  "I_POIMV_MV0201": 0.05157820736786602,
  "P_POI_POIMV": -0.09501539817759594,
  "Q_POI_POIMV": 0.06788533974287786,
  "I_POI_POIMV": 0.11677476286789477
}