{
  "P_LV0101": 0.354926696215479,
  "Q_LV0101": -0.04807364473235595,
  "U_LV0101": 0.9980492666416169,
  "I_LV0101_MV0101": 0.3588676624706727,
  "P_LV0102": 0.2529832935560859,
  "Q_LV0102": -0.03170814865325605,
  "U_LV0102": 0.9985289859081108,
  "I_LV0102_MV0102": 0.2553382573538083,
  "P_LV0103": 0.40231844527787247,
  "Q_LV0103": -0.04807364473235595,
  "U_LV0103": 0.9996552049723605,
  "I_LV0103_MV0103": 0.40532021425952924,
  "P_LV0201": 0.2485509717013297,
  "Q_LV0201": -0.0320490964882373,
  "U_LV0201": 0.9983681388231975,
  "I_LV0201_MV0201": 0.25101834622894875,
  "P_LV0202": 0.25093760654619846,
  "Q_LV0202": -0.03170814865325605,
  "U_LV0202": 0.998781405728805,
  "I_LV0202_MV0202": 0.25324157217979787,
  "P_LV0203": 0.25264234572110467,
  "Q_LV0203": -0.0320490964882373,
  "U_LV0203": 0.9989285089489178,
  "I_LV0203_MV0203": 0.2549402025403592,
  "P_POIMV_MV0101": -0.999495772530002,
  "Q_POIMV_MV0101": 0.17687916478900662,
  "U_POIMV": 0.9958454447589196,
  "I_POIMV_MV0101": 1.019260701767001,
  "P_POIMV_MV0201": -0.745966231940062,
  "Q_POIMV_MV0201": 0.12150607358446466,
  "I_POIMV_MV0201": 0.7589502594873853,
  "P_POI_POIMV": -1.7454620048454925,
  "Q_POI_POIMV": 0.3389900658921296,
  "U_POI": 1.0,
  "I_POI_POIMV": 1.7780753288690545
}