{
  "P_LV0101": 0.8663484486873508,
  "Q_LV0101": -0.03716331401295602,
  "P_LV0102": 0.5605182407091714,
  "Q_LV0102": -0.02557108762359359,
  "P_LV0103": 0.8189566996249574,
  "Q_LV0103": -0.03716331401295602,
  "P_LV0201": 0.5768837367882714,
  "Q_LV0201": -0.024889191953631096,
  "P_LV0202": 0.5765427889532901,
  "Q_LV0202": -0.024548244118649847,
  "P_LV0203": 0.5813160586430276,
  "Q_LV0203": -0.024889191953631096,
  "U_POI": 1.0,
  "P_POIMV_MV0101": -2.1943298249102297,
  "Q_POIMV_MV0101": 0.3408367699870901,
  "I_POIMV_MV0101": 2.2398976885660864,
  "P_POIMV_MV0201": -1.7026933147330683,
  "Q_POIMV_MV0201": 0.2144572129423024,
  "I_POIMV_MV0201": 1.7310265071961226,
  "P_POI_POIMV": -3.8970231396432777,
  "Q_POI_POIMV": 0.7600033172703906,
  "I_POI_POIMV": 3.9704400755051257
}