{
  "P_LV0101": 0.33397886123423115,
  "Q_LV0101": -0.01104670985339243,
  "U_LV0101": 1.0046199645443572,
  "I_LV0101_MV0101": 0.3326247875097483,
  "P_LV0102": 0.32883196721311475,
  "Q_LV0102": -0.011065573770491804,
  "U_LV0102": 1.004933169625465,
  "I_LV0102_MV0102": 0.3274029648590082,
  "P_LV0103": 0.32220309810671255,
  "Q_LV0103": -0.011153184165232357,
  "U_LV0103": 1.004990264123959,
  "I_LV0103_MV0103": 0.3207952233491724,
  "P_LV0201": 0.3307910750507099,
  "Q_LV0201": -0.010770791075050709,
  "U_LV0201": 1.005238624122511,
  "I_LV0201_MV0201": 0.3292416079063536,
  "P_LV0202": 0.3303186646433991,
  "Q_LV0202": -0.010925644916540212,
  "U_LV0202": 1.0056373573766946,
  "I_LV0202_MV0202": 0.32864660567501996,
  "P_LV0203": 0.32950375939849624,
  "Q_LV0203": -0.010827067669172932,
  "U_LV0203": 1.0058485825798889,
  "I_LV0203_MV0203": 0.3277646346738678,
  "P_POIMV_MV0101": -0.9754045854214756,
  "Q_POIMV_MV0101": 0.0770176856307875,
  "U_POIMV": 0.9976728992795716,
  "I_POIMV_MV0101": 0.980722749365672,
  "P_POIMV_MV0201": -0.9802270974363569,
  "Q_POIMV_MV0201": 0.07688981957753556,
  "I_POIMV_MV0201": 0.9855315543847792,
  "P_POI_POIMV": -1.9556316834762415,
  "Q_POI_POIMV": 0.20368253677096154,
  "U_POI": 1.0,
  "I_POI_POIMV": 1.9662100236753883
}