{
  "P_LV0101": 0.9907944084555063,
  "Q_LV0101": -0.020456870098874872,
  "P_LV0102": 0.6593931128537334,
  "Q_LV0102": -0.013296965564268667,
  "P_LV0103": 0.9740879645414252,
  "Q_LV0103": -0.020115922263893624,
  "P_LV0201": 0.665871121718377,
  "Q_LV0201": -0.013296965564268667,
  "P_LV0202": 0.6689396522332083,
  "Q_LV0202": -0.013296965564268667,
  "P_LV0203": 0.6733719740879646,
  "Q_LV0203": -0.013296965564268667,
  "U_POI": 1.0,
  "P_POIMV_MV0101": -2.554506115133014,
  "Q_POIMV_MV0101": 0.3804550578720026,
  "I_POIMV_MV0101": 2.6081089647447206,
  "P_POIMV_MV0201": -1.9654814983177749,
  "Q_POIMV_MV0201": 0.22709362195483213,
  "I_POIMV_MV0201": 1.998036376341676,
  "P_POI_POIMV": -4.519987613451001,
  "Q_POI_POIMV": 0.8831692222393974,
  "I_POI_POIMV": 4.605461529625605
}