{
  "P_LV0101": 0.08125468803273099,
  "Q_LV0101": -0.011169451073985679,
  "U_LV0101": 0.9998016131708953,
  "I_LV0101_MV0101": 0.08203505889315883,
  "P_LV0102": 0.07118852459016393,
  "Q_LV0102": -0.011065573770491804,
  "U_LV0102": 0.9996325947155288,
  "I_LV0102_MV0102": 0.0720698890785658,
  "P_LV0103": 0.06047504302925989,
  "Q_LV0103": -0.01140103270223752,
  "U_LV0103": 0.999338906231397,
  "I_LV0103_MV0103": 0.061581058399857,
  "P_LV0201": 0.07539553752535497,
  "Q_LV0201": -0.011135902636916835,
  "U_LV0201": 0.9997932605335536,
  "I_LV0201_MV0201": 0.07622924531798819,
  "P_LV0202": 0.07283763277693475,
  "Q_LV0202": -0.011107738998482549,
  "U_LV0202": 0.9998204454801713,
  "I_LV0202_MV0202": 0.07369296191343773,
  "P_LV0203": 0.07272180451127819,
  "Q_LV0203": -0.01100751879699248,
  "U_LV0203": 0.9998765281681692,
  "I_LV0203_MV0203": 0.07355924443494674,
  "P_POIMV_MV0101": -0.21245045851831315,
  "Q_POIMV_MV0101": 0.03456867751254369,
  "U_POIMV": 0.9990970672546925,
  "I_POIMV_MV0101": 0.2154390176736528,
  "P_POIMV_MV0201": -0.22042143407839046,
  "Q_POIMV_MV0201": 0.03405780560627167,
  "I_POIMV_MV0201": 0.2232386577190784,
  "P_POI_POIMV": -0.4328718925968273,
  "Q_POI_POIMV": 0.07056625639135422,
  "U_POI": 1.0,
  "I_POI_POIMV": 0.43858599150160904
}