{
  "P_LV0101": 0.883054892601432,
  "Q_LV0101": -0.030003409478349813,
  "U_LV0101": 1.004509284977718,
  "I_LV0101_MV0101": 0.8795980975243288,
  "P_LV0102": 0.5973406068871463,
  "Q_LV0102": -0.020115922263893624,
  "U_LV0102": 1.0030732433431684,
  "I_LV0102_MV0102": 0.595848034784136,
  "P_LV0103": 0.9021479713603818,
  "Q_LV0103": -0.030003409478349813,
  "U_LV0103": 1.0061873642530332,
  "I_LV0103_MV0103": 0.8970960960673348,
  "P_LV0201": 0.599727241732015,
  "Q_LV0201": -0.020115922263893624,
  "U_LV0201": 1.0031728033524305,
  "I_LV0201_MV0201": 0.5981666437362944,
  "P_LV0202": 0.6034776679168087,
  "Q_LV0202": -0.020115922263893624,
  "U_LV0202": 1.003999939607919,
  "I_LV0202_MV0202": 0.6014072475403798,
  "P_LV0203": 0.6106375724514149,
  "Q_LV0203": -0.020115922263893624,
  "U_LV0203": 1.0044986872519124,
  "I_LV0203_MV0203": 0.6082325687914224,
  "P_POIMV_MV0101": -2.3247597727119986,
  "Q_POIMV_MV0101": 0.3501700176047467,
  "U_POIMV": 0.9911507273189405,
  "I_POIMV_MV0101": 2.3719745202284166,
  "P_POIMV_MV0201": -1.7788855180987035,
  "Q_POIMV_MV0201": 0.21330174698036894,
  "I_POIMV_MV0201": 1.807624280551823,
  "P_POI_POIMV": -4.103645290810866,
  "Q_POI_POIMV": 0.7903182738882784,
  "U_POI": 1.0,
  "I_POI_POIMV": 4.179055831983577
}