{
  "P_LV0101": 0.0,
  "Q_LV0101": 0.0,
  "U_LV0101": 0.9995439786818098,
  "I_LV0101_MV0101": 3.7077275998488803e-19,
  "P_LV0102": 0.0033196721311475413,
  "Q_LV0102": -0.03762295081967213,
  "U_LV0102": 0.99436537492918,
  "I_LV0102_MV0102": 0.037983135958441425,
  "P_LV0103": 0.0,
  "Q_LV0103": 0.0,
  "U_LV0103": 0.9995289392916556,
  "I_LV0103_MV0103": 2.9183404334294414e-18,
  "P_LV0201": 0.0,
  "Q_LV0201": 0.0,
  "U_LV0201": 0.9995525665676805,
  "I_LV0201_MV0201": 1.0973677654391446e-18,
  "P_LV0202": 0.0,
  "Q_LV0202": 0.0,
  "U_LV0202": 0.9995529670356927,
  "I_LV0202_MV0202": 1.2558432193036532e-18,
  "P_LV0203": 0.0,
  "Q_LV0203": 0.0,
  "U_LV0203": 0.9995531005250937,
  "I_LV0203_MV0203": 7.863970635163351e-19,
  "P_POIMV_MV0101": -0.0032781663882731544,
  "Q_POIMV_MV0101": 0.036552189076315925,
  "U_POIMV": 0.9995514652821887,
  "I_POIMV_MV0101": 0.03671536320934261,
  "P_POIMV_MV0201": 3.08515467653224e-09,
  "Q_POIMV_MV0201": -0.0015548461974404962,
  "I_POIMV_MV0201": 0.0015555439128935695,
  "P_POI_POIMV": -0.0032781636082485598,
  "Q_POI_POIMV": 0.034447536322555365,
  "U_POI": 1.0,
  "I_POI_POIMV": 0.0346031662617197
}