{
  "P_LV0101": 0.29253324241391065,
  "Q_LV0101": -0.043641322877599725,
  "P_LV0102": 0.21138765768837367,
  "Q_LV0102": -0.028980565973406067,
  "P_LV0103": 0.3416297306512104,
  "Q_LV0103": -0.043641322877599725,
  "P_LV0201": 0.20559154449369246,
  "Q_LV0201": -0.028980565973406067,
  "P_LV0202": 0.2100238663484487,
  "Q_LV0202": -0.028980565973406067,
  "P_LV0203": 0.21138765768837367,
  "Q_LV0203": -0.028980565973406067,
  "U_POI": 1.0,
  "P_POIMV_MV0101": -0.8379899296221562,
  "Q_POIMV_MV0101": 0.15040460646415224,
  "I_POIMV_MV0101": 0.8543742724238185,
  "P_POIMV_MV0201": -0.6227042852520006,
  "Q_POIMV_MV0201": 0.1043892943361789,
  "I_POIMV_MV0201": 0.6336137541106172,
  "P_POI_POIMV": -1.4606942149656803,
  "Q_POI_POIMV": 0.28305680802578653,
  "I_POI_POIMV": 1.4878671802966659
}