{
  "P_LV0101": 0.9754517558813501,
  "Q_LV0101": -0.022843504943743608,
  "U_LV0101": 1.0058190789006742,
  "I_LV0101_MV0101": 0.9700742595615515,
  "P_LV0102": 0.6406409819297647,
  "Q_LV0102": -0.015342652574156155,
  "U_LV0102": 1.003898282726934,
  "I_LV0102_MV0102": 0.6383362602718877,
  "P_LV0103": 0.9437436072280941,
  "Q_LV0103": -0.022843504943743608,
  "U_LV0103": 1.0071044740230017,
  "I_LV0103_MV0103": 0.9373605786930118,
  "P_LV0201": 0.6443914081145584,
  "Q_LV0201": -0.015342652574156155,
  "U_LV0201": 1.0040354248683043,
  "I_LV0201_MV0201": 0.6419833572570025,
  "P_LV0202": 0.6464370951244459,
  "Q_LV0202": -0.015342652574156155,
  "U_LV0202": 1.0048901051109702,
  "I_LV0202_MV0202": 0.6434724939767877,
  "P_LV0203": 0.6546198431639959,
  "Q_LV0203": -0.015342652574156155,
  "U_LV0203": 1.0054265167410898,
  "I_LV0203_MV0203": 0.6512655119856227,
  "P_POIMV_MV0101": -2.493370437174205,
  "Q_POIMV_MV0101": 0.3722189707922553,
  "U_POIMV": 0.9905255791919514,
  "I_POIMV_MV0101": 2.545113896399992,
  "P_POIMV_MV0201": -1.9053306637139649,
  "Q_POIMV_MV0201": 0.2217992345994864,
  "I_POIMV_MV0201": 1.9365446671763205,
  "P_POI_POIMV": -4.3987011008884815,
  "Q_POI_POIMV": 0.8549141385800216,
  "U_POI": 1.0,
  "I_POI_POIMV": 4.481009881634001
}