{
  "P_LV0101": 0.883054892601432,
  "Q_LV0101": -0.030003409478349813,
  "P_LV0102": 0.5973406068871463,
  "Q_LV0102": -0.020115922263893624,
  "P_LV0103": 0.9021479713603818,
  "Q_LV0103": -0.030003409478349813,
  "P_LV0201": 0.599727241732015,
  "Q_LV0201": -0.020115922263893624,
  "P_LV0202": 0.6034776679168087,
  "Q_LV0202": -0.020115922263893624,
  "P_LV0203": 0.6106375724514149,
  "Q_LV0203": -0.020115922263893624,
  "U_POI": 1.0,
  "P_POIMV_MV0101": -2.3247597727119986,
  "Q_POIMV_MV0101": 0.3501700176047467,
  "I_POIMV_MV0101": 2.3719745202284166,
  "P_POIMV_MV0201": -1.7788855180987035,
  "Q_POIMV_MV0201": 0.21330174698036894,
  "I_POIMV_MV0201": 1.807624280551823,
  "P_POI_POIMV": -4.103645290810866,
  "Q_POI_POIMV": 0.7903182738882784,
  "I_POI_POIMV": 4.179055831983577
}