{
  "P_LV0101": 0.9423798158881691,
  "Q_LV0101": -0.027957722468462325,
  "P_LV0102": 0.6191612683259461,
  "Q_LV0102": -0.018752130923968633,
  "P_LV0103": 0.9045346062052506,
  "Q_LV0103": -0.028298670303443574,
  "P_LV0201": 0.6293897033753836,
  "Q_LV0201": -0.018752130923968633,
  "P_LV0202": 0.6290487555404023,
  "Q_LV0202": -0.018752130923968633,
  "P_LV0203": 0.634162973065121,
  "Q_LV0203": -0.018752130923968633,
  "U_POI": 1.0,
  "P_POIMV_MV0101": -2.40429526686002,
  "Q_POIMV_MV0101": 0.36420912555777724,
  "I_POIMV_MV0101": 2.454490020822495,
  "P_POIMV_MV0201": -1.8545819566938055,
  "Q_POIMV_MV0201": 0.2227784164529256,
  "I_POIMV_MV0201": 1.8854016685994779,
  "P_POI_POIMV": -4.258877223553643,
  "Q_POI_POIMV": 0.8316092888468695,
  "I_POI_POIMV": 4.339309762462272
}