{
  "P_LV0101": 0.9277190589839754,
  "Q_LV0101": -0.03068530514831231,
  "U_LV0101": 1.004548946200555,
  "I_LV0101_MV0101": 0.9240230637837096,
  "P_LV0102": 0.607909989771565,
  "Q_LV0102": -0.020456870098874872,
  "U_LV0102": 1.0028862983771492,
  "I_LV0102_MV0102": 0.6065035407980759,
  "P_LV0103": 0.8864643709512444,
  "Q_LV0103": -0.03068530514831231,
  "U_LV0103": 1.0056148233697524,
  "I_LV0103_MV0103": 0.8820427893079773,
  "P_LV0201": 0.6177974769860212,
  "Q_LV0201": -0.020115922263893624,
  "U_LV0201": 1.0031819195491758,
  "I_LV0201_MV0201": 0.6161642993195758,
  "P_LV0202": 0.6184793726559836,
  "Q_LV0202": -0.020456870098874872,
  "U_LV0202": 1.0039285296961697,
  "I_LV0202_MV0202": 0.6163960664078058,
  "P_LV0203": 0.6225707466757586,
  "Q_LV0203": -0.020456870098874872,
  "U_LV0203": 1.0043849591626102,
  "I_LV0203_MV0203": 0.6201872533820121,
  "P_POIMV_MV0101": -2.3624331045033387,
  "Q_POIMV_MV0101": 0.3610901862143707,
  "U_POIMV": 0.9908349193153085,
  "I_POIMV_MV0101": 2.41197546413307,
  "P_POIMV_MV0201": -1.8221403946859533,
  "Q_POIMV_MV0201": 0.2217492148015484,
  "I_POIMV_MV0201": 1.8525628089381607,
  "P_POI_POIMV": -4.184573499188877,
  "Q_POI_POIMV": 0.8190214714882504,
  "U_POI": 1.0,
  "I_POI_POIMV": 4.263971334433737
}