{
  "P_LV0101": 0.951926355267644,
  "Q_LV0101": -0.025912035458574838,
  "P_LV0102": 0.6280259120354585,
  "Q_LV0102": -0.017388339584043642,
  "P_LV0103": 0.9168087282645755,
  "Q_LV0103": -0.026252983293556086,
  "P_LV0201": 0.6358677122400272,
  "Q_LV0201": -0.017388339584043642,
  "P_LV0202": 0.6362086600750085,
  "Q_LV0202": -0.017388339584043642,
  "P_LV0203": 0.6406409819297647,
  "Q_LV0203": -0.017388339584043642,
  "U_POI": 1.0,
  "P_POIMV_MV0101": -2.433504369737705,
  "Q_POIMV_MV0101": 0.3656638287386067,
  "I_POIMV_MV0101": 2.4839807808680403,
  "P_POIMV_MV0201": -1.8739119099394,
  "Q_POIMV_MV0201": 0.2221607020636558,
  "I_POIMV_MV0201": 1.904792551894469,
  "P_POI_POIMV": -4.3074162796767945,
  "Q_POI_POIMV": 0.8379993078684331,
  "I_POI_POIMV": 4.388174773913712
}