{
  "P_LV0101": 0.7282645755199455,
  "Q_LV0101": -0.0484145925673372,
  "P_LV0102": 0.46948516876917834,
  "Q_LV0102": -0.0320490964882373,
  "P_LV0103": 0.6668939652233208,
  "Q_LV0103": -0.0484145925673372,
  "P_LV0201": 0.48039549948857824,
  "Q_LV0201": -0.0320490964882373,
  "P_LV0202": 0.47698602113876576,
  "Q_LV0202": -0.0320490964882373,
  "P_LV0203": 0.48244118649846573,
  "Q_LV0203": -0.0320490964882373,
  "U_POI": 1.0,
  "P_POIMV_MV0101": -1.8289389037737371,
  "Q_POIMV_MV0101": 0.29565271176891395,
  "I_POIMV_MV0101": 1.8663181778405509,
  "P_POIMV_MV0201": -1.4176078881191454,
  "Q_POIMV_MV0201": 0.1928123140777385,
  "I_POIMV_MV0201": 1.4411907705893279,
  "P_POI_POIMV": -3.246546841988157,
  "Q_POI_POIMV": 0.6303211098844903,
  "I_POI_POIMV": 3.307169650742049
}