{
  "P_LV0101": 0.2686668939652233,
  "Q_LV0101": -0.035458574838049775,
  "P_LV0102": 0.15922263893624275,
  "Q_LV0102": -0.02386634844868735,
  "P_LV0103": 0.20490964882372997,
  "Q_LV0103": -0.03614047050801227,
  "P_LV0201": 0.16979202182066144,
  "Q_LV0201": -0.023184452778724857,
  "P_LV0202": 0.16501875213092396,
  "Q_LV0202": -0.02386634844868735,
  "P_LV0203": 0.16570064780088647,
  "Q_LV0203": -0.023184452778724857,
  "U_POI": 1.0,
  "P_POIMV_MV0101": -0.6285588987161972,
  "Q_POIMV_MV0101": 0.11423871387654932,
  "I_POIMV_MV0101": 0.6405512697897376,
  "P_POIMV_MV0201": -0.49777673411864504,
  "Q_POIMV_MV0201": 0.08078201681318557,
  "I_POIMV_MV0201": 0.5056273318314625,
  "P_POI_POIMV": -1.1263356328465501,
  "Q_POI_POIMV": 0.21155923984668057,
  "I_POI_POIMV": 1.146031967173841
}