{
  "P_LV0101": 0.9887487214456189,
  "Q_LV0101": -0.020456870098874872,
  "P_LV0102": 0.6539379474940334,
  "Q_LV0102": -0.013637913399249914,
  "P_LV0103": 0.9689737470167065,
  "Q_LV0103": -0.020456870098874872,
  "P_LV0201": 0.6638254347084896,
  "Q_LV0201": -0.013637913399249914,
  "P_LV0202": 0.665871121718377,
  "Q_LV0202": -0.013637913399249914,
  "P_LV0203": 0.6713262870780771,
  "Q_LV0203": -0.013637913399249914,
  "U_POI": 1.0,
  "P_POIMV_MV0101": -2.54252000292884,
  "Q_POIMV_MV0101": 0.3782198628386603,
  "I_POIMV_MV0101": 2.595676983882307,
  "P_POIMV_MV0201": -1.9586210745882908,
  "Q_POIMV_MV0201": 0.22679372605386447,
  "I_POIMV_MV0201": 1.991021739476791,
  "P_POI_POIMV": -4.501141077517381,
  "Q_POI_POIMV": 0.8783088360600677,
  "I_POI_POIMV": 4.586032861986002
}