{
  "P_LV0101": 0.21397886123423113,
  "Q_LV0101": -0.01483123082168428,
  "U_LV0101": 1.001912695996519,
  "I_LV0101_MV0101": 0.21408275880312588,
  "P_LV0102": 0.2070184426229508,
  "Q_LV0102": -0.014754098360655736,
  "U_LV0102": 1.0020202061562034,
  "I_LV0102_MV0102": 0.20712509980160368,
  "P_LV0103": 0.19693631669535283,
  "Q_LV0103": -0.014974182444061962,
  "U_LV0103": 1.0018774160843857,
  "I_LV0103_MV0103": 0.1971346783377975,
  "P_LV0201": 0.2099391480730223,
  "Q_LV0201": -0.014604462474645028,
  "U_LV0201": 1.0022567081887201,
  "I_LV0201_MV0201": 0.20997266924678806,
  "P_LV0202": 0.2080424886191199,
  "Q_LV0202": -0.01456752655538695,
  "U_LV0202": 1.0024860309925923,
  "I_LV0202_MV0202": 0.20803470706175228,
  "P_LV0203": 0.20796992481203008,
  "Q_LV0203": -0.01443609022556391,
  "U_LV0203": 1.0026369732962956,
  "I_LV0203_MV0203": 0.20792207343598773,
  "P_POIMV_MV0101": -0.6141151436096505,
  "Q_POIMV_MV0101": 0.06119661888506999,
  "U_POIMV": 0.9982891691895925,
  "I_POIMV_MV0101": 0.6182143954115665,
  "P_POIMV_MV0201": -0.6217636162647707,
  "Q_POIMV_MV0201": 0.060572693715604704,
  "I_POIMV_MV0201": 0.6257777678729625,
  "P_POI_POIMV": -1.235878759890029,
  "Q_POI_POIMV": 0.14135348142883136,
  "U_POI": 1.0,
  "I_POI_POIMV": 1.2439361381756566
}