{
  "P_LV0101": 0.3106034776679168,
  "Q_LV0101": -0.03852710535288101,
  "P_LV0102": 0.18649846573474257,
  "Q_LV0102": -0.02557108762359359,
  "P_LV0103": 0.2427548585066485,
  "Q_LV0103": -0.039209001022843505,
  "P_LV0201": 0.19740879645414253,
  "Q_LV0201": -0.02557108762359359,
  "P_LV0202": 0.1922945789294238,
  "Q_LV0202": -0.02557108762359359,
  "P_LV0203": 0.1936583702693488,
  "Q_LV0203": -0.02557108762359359,
  "U_POI": 1.0,
  "P_POIMV_MV0101": -0.7340920177498022,
  "Q_POIMV_MV0101": 0.12927011383776763,
  "I_POIMV_MV0101": 0.7476478689079614,
  "P_POIMV_MV0201": -0.579655892705101,
  "Q_POIMV_MV0201": 0.09155494437956378,
  "I_POIMV_MV0201": 0.5886217080339275,
  "P_POI_POIMV": -1.3137479104926093,
  "Q_POI_POIMV": 0.2435077472044011,
  "I_POI_POIMV": 1.3361248426970658
}