{
  "P_LV0101": 0.922945789294238,
  "Q_LV0101": -0.0242072962836686,
  "P_LV0102": 0.6222297988407773,
  "Q_LV0102": -0.01602454824411865,
  "P_LV0103": 0.9365837026934879,
  "Q_LV0103": -0.024548244118649847,
  "P_LV0201": 0.6249573815206273,
  "Q_LV0201": -0.01602454824411865,
  "P_LV0202": 0.6293897033753836,
  "Q_LV0202": -0.01602454824411865,
  "P_LV0203": 0.6355267644050461,
  "Q_LV0203": -0.01602454824411865,
  "U_POI": 1.0,
  "P_POIMV_MV0101": -2.4192237428421954,
  "Q_POIMV_MV0101": 0.35718005643397605,
  "I_POIMV_MV0101": 2.4678392271470715,
  "P_POIMV_MV0201": -1.852007323894228,
  "Q_POIMV_MV0201": 0.21388919469701587,
  "I_POIMV_MV0201": 1.8813869054251589,
  "P_POI_POIMV": -4.27123106673625,
  "Q_POI_POIMV": 0.8167438456159881,
  "I_POI_POIMV": 4.348618784718255
}