{
  "P_LV0101": 0.9764745993862939,
  "Q_LV0101": -0.021820661438799863,
  "P_LV0102": 0.6556426866689397,
  "Q_LV0102": -0.014660756904193658,
  "P_LV0103": 0.9781793385612001,
  "Q_LV0103": -0.021820661438799863,
  "P_LV0201": 0.6580293215138084,
  "Q_LV0201": -0.014660756904193658,
  "P_LV0202": 0.6621206955335833,
  "Q_LV0202": -0.014660756904193658,
  "P_LV0203": 0.6679168087282645,
  "Q_LV0203": -0.014660756904193658,
  "U_POI": 1.0,
  "P_POIMV_MV0101": -2.5411965585470275,
  "Q_POIMV_MV0101": 0.3816114876431888,
  "I_POIMV_MV0101": 2.5949780617352824,
  "P_POIMV_MV0201": -1.9461830577947383,
  "Q_POIMV_MV0201": 0.22755982625027574,
  "I_POIMV_MV0201": 1.9787243321960437,
  "P_POI_POIMV": -4.487379616341731,
  "Q_POI_POIMV": 0.8809157111690344,
  "I_POI_POIMV": 4.573028352344179
}