{
  "P_LV0101": 0.24957381520627345,
  "Q_LV0101": -0.0405727923627685,
  "P_LV0102": 0.18479372655983634,
  "Q_LV0102": -0.026934878963518583,
  "P_LV0103": 0.30003409478349813,
  "Q_LV0103": -0.0405727923627685,
  "P_LV0201": 0.17967950903511762,
  "Q_LV0201": -0.026934878963518583,
  "P_LV0202": 0.1824070917149676,
  "Q_LV0202": -0.026934878963518583,
  "P_LV0203": 0.18104330037504263,
  "Q_LV0203": -0.026934878963518583,
  "U_POI": 1.0,
  "P_POIMV_MV0101": -0.7286729446774686,
  "Q_POIMV_MV0101": 0.13362555480725005,
  "I_POIMV_MV0101": 0.7431254613553592,
  "P_POIMV_MV0201": -0.5398961749998011,
  "Q_POIMV_MV0201": 0.09355012402978971,
  "I_POIMV_MV0201": 0.54964347341665,
  "P_POI_POIMV": -1.268569119707498,
  "Q_POI_POIMV": 0.24837050675487676,
  "I_POI_POIMV": 1.2926544472909731
}