{
  "P_LV0101": 0.5758608932833277,
  "Q_LV0101": -0.05250596658711217,
  "P_LV0102": 0.397545175588135,
  "Q_LV0102": -0.034776679168087285,
  "P_LV0103": 0.6174565291510399,
  "Q_LV0103": -0.05250596658711217,
  "P_LV0201": 0.3992499147630413,
  "Q_LV0201": -0.034776679168087285,
  "P_LV0202": 0.40163654960791,
  "Q_LV0202": -0.034776679168087285,
  "P_LV0203": 0.40572792362768495,
  "Q_LV0203": -0.034776679168087285,
  "U_POI": 1.0,
  "P_POIMV_MV0101": -1.5646170309538858,
  "Q_POIMV_MV0101": 0.26163844183533835,
  "I_POIMV_MV0101": 1.596445677340676,
  "P_POIMV_MV0201": -1.190924334491921,
  "Q_POIMV_MV0201": 0.1721328675362591,
  "I_POIMV_MV0201": 1.2109638085107914,
  "P_POI_POIMV": -2.755541379321021,
  "Q_POI_POIMV": 0.5358181529066581,
  "I_POI_POIMV": 2.807153253054542
}