{
  "P_LV0101": 0.7599727241732015,
  "Q_LV0101": -0.047391749062393455,
  "P_LV0102": 0.49062393453801567,
  "Q_LV0102": -0.03136720081827481,
  "P_LV0103": 0.6992840095465394,
  "Q_LV0103": -0.047391749062393455,
  "P_LV0201": 0.5015342652574156,
  "Q_LV0201": -0.03136720081827481,
  "P_LV0202": 0.4988066825775656,
  "Q_LV0202": -0.03136720081827481,
  "P_LV0203": 0.5039209001022843,
  "Q_LV0203": -0.03136720081827481,
  "U_POI": 1.0,
  "P_POIMV_MV0101": -1.9108784483934542,
  "Q_POIMV_MV0101": 0.30842592092796395,
  "I_POIMV_MV0101": 1.9505298365376185,
  "P_POIMV_MV0201": -1.480037800261387,
  "Q_POIMV_MV0201": 0.1996477869907303,
  "I_POIMV_MV0201": 1.504954904444384,
  "P_POI_POIMV": -3.390916319669005,
  "Q_POI_POIMV": 0.6629569522852707,
  "I_POI_POIMV": 3.4551158312827894
}