{
  "P_LV0101": 0.9945448346403001,
  "Q_LV0101": -0.015342652574156155,
  "P_LV0102": 0.6610978520286396,
  "Q_LV0102": -0.010228435049437436,
  "P_LV0103": 0.9792021820661438,
  "Q_LV0103": -0.015342652574156155,
  "P_LV0201": 0.6672349130583021,
  "Q_LV0201": -0.010228435049437436,
  "P_LV0202": 0.6689396522332083,
  "Q_LV0202": -0.010228435049437436,
  "P_LV0203": 0.6750767132628708,
  "Q_LV0203": -0.010228435049437436,
  "U_POI": 1.0,
  "P_POIMV_MV0101": -2.564639101517326,
  "Q_POIMV_MV0101": 0.3695438604607778,
  "I_POIMV_MV0101": 2.6159668621300316,
  "P_POIMV_MV0201": -1.9684864597877676,
  "Q_POIMV_MV0201": 0.21816818710190075,
  "I_POIMV_MV0201": 1.9995262635454552,
  "P_POI_POIMV": -4.533125561305015,
  "Q_POI_POIMV": 0.8644551464562629,
  "I_POI_POIMV": 4.6148141950453025
}