{
  "P_LV0101": 0.7613365155131265,
  "Q_LV0101": -0.043641322877599725,
  "P_LV0102": 0.5196045005114217,
  "Q_LV0102": -0.028980565973406067,
  "P_LV0103": 0.7920218206614388,
  "Q_LV0103": -0.043641322877599725,
  "P_LV0201": 0.5206273440163655,
  "Q_LV0201": -0.028980565973406067,
  "P_LV0202": 0.522673031026253,
  "Q_LV0202": -0.028980565973406067,
  "P_LV0203": 0.5254006137061029,
  "Q_LV0203": -0.028980565973406067,
  "U_POI": 1.0,
  "P_POIMV_MV0101": -2.028890576315107,
  "Q_POIMV_MV0101": 0.32185423707124433,
  "I_POIMV_MV0101": 2.0707502713690986,
  "P_POIMV_MV0201": -1.54240163920674,
  "Q_POIMV_MV0201": 0.2016499782512019,
  "I_POIMV_MV0201": 1.5680136284921637,
  "P_POI_POIMV": -3.571292215521787,
  "Q_POI_POIMV": 0.695311693502925,
  "I_POI_POIMV": 3.6383494114458585
}