{
  "P_LV0101": 0.7320150017047392,
  "Q_LV0101": -0.045687009887487216,
  "P_LV0102": 0.4991476304125469,
  "Q_LV0102": -0.03034435731333106,
  "P_LV0103": 0.764745993862939,
  "Q_LV0103": -0.04602795772246846,
  "P_LV0201": 0.4974428912376406,
  "Q_LV0201": -0.03034435731333106,
  "P_LV0202": 0.5032390044323218,
  "Q_LV0202": -0.03034435731333106,
  "P_LV0203": 0.5073303784520968,
  "Q_LV0203": -0.03068530514831231,
  "U_POI": 1.0,
  "P_POIMV_MV0101": -1.954969157550862,
  "Q_POIMV_MV0101": 0.3129353641781575,
  "I_POIMV_MV0101": 1.9952361359695263,
  "P_POIMV_MV0201": -1.4836683593864697,
  "Q_POIMV_MV0201": 0.19741716047256788,
  "I_POIMV_MV0201": 1.5083714829158892,
  "P_POI_POIMV": -3.4386375971587304,
  "Q_POI_POIMV": 0.6695947029935522,
  "I_POI_POIMV": 3.5032250271529213
}