{
  "P_LV0101": 0.1752471871803614,
  "Q_LV0101": -0.033071939993181046,
  "U_LV0101": 0.9978144683713789,
  "I_LV0101_MV0101": 0.1787311109706796,
  "P_LV0102": 0.13126491646778043,
  "Q_LV0102": -0.021820661438799863,
  "U_LV0102": 0.9985117716814478,
  "I_LV0102_MV0102": 0.13326455054209368,
  "P_LV0103": 0.21854756222297989,
  "Q_LV0103": -0.032730992158199794,
  "U_LV0103": 0.9992422092372009,
  "I_LV0103_MV0103": 0.22115255246319868,
  "P_LV0201": 0.12717354244800547,
  "Q_LV0201": -0.021820661438799863,
  "U_LV0201": 0.998387607090262,
  "I_LV0201_MV0201": 0.12924036353964988,
  "P_LV0202": 0.1288782816229117,
  "Q_LV0202": -0.021820661438799863,
  "U_LV0202": 0.9985872590906856,
  "I_LV0202_MV0202": 0.13089740531250954,
  "P_LV0203": 0.12853733378793045,
  "Q_LV0203": -0.021820661438799863,
  "U_LV0203": 0.9986567813644788,
  "I_LV0203_MV0203": 0.13055168953370944,
  "P_POIMV_MV0101": -0.5220998766095901,
  "Q_POIMV_MV0101": 0.10020083633652617,
  "U_POIMV": 0.997701627365831,
  "I_POIMV_MV0101": 0.5328528433453331,
  "P_POIMV_MV0201": -0.38295694423031645,
  "Q_POIMV_MV0201": 0.07112645655373549,
  "I_POIMV_MV0201": 0.3904033822047951,
  "P_POI_POIMV": -0.905056820842435,
  "Q_POI_POIMV": 0.18186035349584823,
  "U_POI": 1.0,
  "I_POI_POIMV": 0.9231473539620045
}