{
  "P_LV0101": 0.2686668939652233,
  "Q_LV0101": -0.035458574838049775,
  "U_LV0101": 0.9993491736563875,
  "I_LV0101_MV0101": 0.271173184863013,
  "P_LV0102": 0.15922263893624275,
  "Q_LV0102": -0.02386634844868735,
  "U_LV0102": 0.9986151770246884,
  "I_LV0102_MV0102": 0.16122466929040324,
  "P_LV0103": 0.20490964882372997,
  "Q_LV0103": -0.03614047050801227,
  "U_LV0103": 0.9981257729301237,
  "I_LV0103_MV0103": 0.20846304495725232,
  "P_LV0201": 0.16979202182066144,
  "Q_LV0201": -0.023184452778724857,
  "U_LV0201": 0.9990209602222437,
  "I_LV0201_MV0201": 0.17153552608249614,
  "P_LV0202": 0.16501875213092396,
  "Q_LV0202": -0.02386634844868735,
  "U_LV0202": 0.9990133368622117,
  "I_LV0202_MV0202": 0.16690036690800325,
  "P_LV0203": 0.16570064780088647,
  "Q_LV0203": -0.023184452778724857,
  "U_LV0203": 0.9992276690114651,
  "I_LV0203_MV0203": 0.16744406615830004,
  "P_POIMV_MV0101": -0.6285588987161972,
  "Q_POIMV_MV0101": 0.11423871387654932,
  "U_POIMV": 0.9973531568965369,
  "I_POIMV_MV0101": 0.6405512697897376,
  "P_POIMV_MV0201": -0.49777673411864504,
  "Q_POIMV_MV0201": 0.08078201681318557,
  "I_POIMV_MV0201": 0.5056273318314625,
  "P_POI_POIMV": -1.1263356328465501,
  "Q_POI_POIMV": 0.21155923984668057,
  "U_POI": 1.0,
  "I_POI_POIMV": 1.146031967173841
}