{
  "P_LV0101": 0.7136038186157518,
  "Q_LV0101": -0.04500511421752472,
  "P_LV0102": 0.48891919536310946,
  "Q_LV0102": -0.030003409478349813,
  "P_LV0103": 0.7504261847937266,
  "Q_LV0103": -0.045346062052505964,
  "P_LV0201": 0.48823729969314694,
  "Q_LV0201": -0.030003409478349813,
  "P_LV0202": 0.4933515172178657,
  "Q_LV0202": -0.030003409478349813,
  "P_LV0203": 0.4971019434026594,
  "Q_LV0203": -0.030003409478349813,
  "U_POI": 1.0,
  "P_POIMV_MV0101": -1.913754655011574,
  "Q_POIMV_MV0101": 0.3030129601340457,
  "I_POIMV_MV0101": 1.9521626442094473,
  "P_POIMV_MV0201": -1.4552892147712015,
  "Q_POIMV_MV0201": 0.19189153313707738,
  "I_POIMV_MV0201": 1.4789222191596283,
  "P_POI_POIMV": -3.369043937388778,
  "Q_POI_POIMV": 0.6476002540099187,
  "I_POI_POIMV": 3.430720498823795
}