{
  "P_LV0101": 0.19434026593931128,
  "Q_LV0101": -0.03443573133310603,
  "P_LV0102": 0.1445618820320491,
  "Q_LV0102": -0.022843504943743608,
  "P_LV0103": 0.23968632799181724,
  "Q_LV0103": -0.03443573133310603,
  "P_LV0201": 0.13944766450733037,
  "Q_LV0201": -0.022843504943743608,
  "P_LV0202": 0.14217524718718036,
  "Q_LV0202": -0.022843504943743608,
  "P_LV0203": 0.14217524718718036,
  "Q_LV0203": -0.022843504943743608,
  "U_POI": 1.0,
  "P_POIMV_MV0101": -0.5750083591712601,
  "Q_POIMV_MV0101": 0.107197276157195,
  "I_POIMV_MV0101": 0.5863605775848337,
  "P_POIMV_MV0201": -0.4218213881830061,
  "Q_POIMV_MV0201": 0.07571688132366845,
  "I_POIMV_MV0201": 0.4296220674638527,
  "P_POI_POIMV": -0.9968297473584687,
  "Q_POI_POIMV": 0.19578857372683875,
  "I_POI_POIMV": 1.0158753421659266
}