{
  "P_LV0101": 0.7732696897374701,
  "Q_LV0101": -0.04159563586771224,
  "P_LV0102": 0.5260825093760655,
  "Q_LV0102": -0.027616774633481077,
  "P_LV0103": 0.8022502557108763,
  "Q_LV0103": -0.04159563586771224,
  "P_LV0201": 0.5301738833958405,
  "Q_LV0201": -0.027616774633481077,
  "P_LV0202": 0.5311967269007842,
  "Q_LV0202": -0.027616774633481077,
  "P_LV0203": 0.5393794749403341,
  "Q_LV0203": -0.027616774633481077,
  "U_POI": 1.0,
  "P_POIMV_MV0101": -2.0563493605598575,
  "Q_POIMV_MV0101": 0.3219570977459022,
  "I_POIMV_MV0101": 2.09820466011009,
  "P_POIMV_MV0201": -1.5733914316429598,
  "Q_POIMV_MV0201": 0.20222637689638903,
  "I_POIMV_MV0201": 1.5991412313045053,
  "P_POI_POIMV": -3.629740792202073,
  "Q_POI_POIMV": 0.7015854562873443,
  "I_POI_POIMV": 3.696923095095386
}