{
  "P_LV0101": 0.22387998636208659,
  "Q_LV0101": -0.019147630412546877,
  "U_LV0101": 1.001154435454573,
  "I_LV0101_MV0101": 0.2244382081774978,
  "P_LV0102": 0.2148565573770492,
  "Q_LV0102": -0.01918032786885246,
  "U_LV0102": 1.0012038417899458,
  "I_LV0102_MV0102": 0.2154516064871764,
  "P_LV0103": 0.2016247848537005,
  "Q_LV0103": -0.019456110154905334,
  "U_LV0103": 1.0009811095200847,
  "I_LV0103_MV0103": 0.20236279407868307,
  "P_LV0201": 0.21851926977687625,
  "Q_LV0201": -0.01898580121703854,
  "U_LV0201": 1.0014717659011991,
  "I_LV0201_MV0201": 0.21902015270828257,
  "P_LV0202": 0.21669195751138087,
  "Q_LV0202": -0.018937784522003034,
  "U_LV0202": 1.0017121432309801,
  "I_LV0202_MV0202": 0.2171461315297992,
  "P_LV0203": 0.21672180451127818,
  "Q_LV0203": -0.01876691729323308,
  "U_LV0203": 1.0018748440018963,
  "I_LV0203_MV0203": 0.21712576594965913,
  "P_POIMV_MV0101": -0.6362412520151582,
  "Q_POIMV_MV0101": 0.0758449835347126,
  "U_POIMV": 0.9978947545257101,
  "I_POIMV_MV0101": 0.6420977388499242,
  "P_POIMV_MV0201": -0.6473708691091111,
  "Q_POIMV_MV0201": 0.07531067380145202,
  "I_POIMV_MV0201": 0.6531116708479489,
  "P_POI_POIMV": -1.283612121146911,
  "Q_POI_POIMV": 0.17243319056345635,
  "U_POI": 1.0,
  "I_POI_POIMV": 1.295142186311281
}