{
  "P_LV0101": 0.06996249573815205,
  "Q_LV0101": -0.012396863279918171,
  "U_LV0101": 0.9992410206720348,
  "I_LV0101_MV0101": 0.07110629420092347,
  "P_LV0102": 0.07819672131147541,
  "Q_LV0102": -0.01235655737704918,
  "U_LV0102": 0.9995660400714451,
  "I_LV0102_MV0102": 0.0792013566050684,
  "P_LV0103": 0.08711876075731496,
  "Q_LV0103": -0.012516351118760757,
  "U_LV0103": 0.9998312542503474,
  "I_LV0103_MV0103": 0.08802813474205398,
  "P_LV0201": 0.07466531440162272,
  "Q_LV0201": -0.012231237322515213,
  "U_LV0201": 0.9995245052178614,
  "I_LV0201_MV0201": 0.0756965004339616,
  "P_LV0202": 0.07593323216995447,
  "Q_LV0202": -0.01220030349013657,
  "U_LV0202": 0.9996555041390253,
  "I_LV0202_MV0202": 0.07693361060895428,
  "P_LV0203": 0.07524812030075187,
  "Q_LV0203": -0.012090225563909774,
  "U_LV0203": 0.9996992382242261,
  "I_LV0203_MV0203": 0.07623613750215517,
  "P_POIMV_MV0101": -0.23470341204231193,
  "Q_POIMV_MV0101": 0.03867856797762279,
  "U_POIMV": 0.9989972179333761,
  "I_POIMV_MV0101": 0.23810790083345906,
  "P_POIMV_MV0201": -0.22528662478910602,
  "Q_POIMV_MV0201": 0.03744369818293821,
  "I_POIMV_MV0201": 0.22860632927449887,
  "P_POI_POIMV": -0.45999003683160977,
  "Q_POI_POIMV": 0.07839260236413988,
  "U_POI": 1.0,
  "I_POI_POIMV": 0.4666221534494133
}