{
  "P_LV0101": 0.02386634844868735,
  "Q_LV0101": -0.007159904534606206,
  "P_LV0102": 0.017388339584043642,
  "Q_LV0102": -0.00477326968973747,
  "P_LV0103": 0.028298670303443574,
  "Q_LV0103": -0.007159904534606206,
  "P_LV0201": 0.016706443914081145,
  "Q_LV0201": -0.00477326968973747,
  "P_LV0202": 0.016365496079099897,
  "Q_LV0202": -0.00477326968973747,
  "P_LV0203": 0.017047391749062394,
  "Q_LV0203": -0.00477326968973747,
  "U_POI": 1.0,
  "P_POIMV_MV0101": -0.06949941748339923,
  "Q_POIMV_MV0101": 0.01807339283794454,
  "I_POIMV_MV0101": 0.07183951398242698,
  "P_POIMV_MV0201": -0.050090291774440784,
  "Q_POIMV_MV0201": 0.012893191763742554,
  "I_POIMV_MV0201": 0.05174358246905216,
  "P_POI_POIMV": -0.11958971062291071,
  "Q_POI_POIMV": 0.030599541915394976,
  "I_POI_POIMV": 0.12344241917713514
}