{
  "P_LV0101": 0.22793044664166381,
  "Q_LV0101": -0.018656665530173883,
  "U_LV0101": 1.0012630631677364,
  "I_LV0101_MV0101": 0.22840422992299597,
  "P_LV0102": 0.23569672131147543,
  "Q_LV0102": -0.01862704918032787,
  "U_LV0102": 1.0017542463816027,
  "I_LV0102_MV0102": 0.23601758797846475,
  "P_LV0103": 0.24450258175559378,
  "Q_LV0103": -0.018836488812392426,
  "U_LV0103": 1.002083772515312,
  "I_LV0103_MV0103": 0.2447171553758469,
  "P_LV0201": 0.23294117647058823,
  "Q_LV0201": -0.01843813387423935,
  "U_LV0201": 1.0018565491117573,
  "I_LV0201_MV0201": 0.23323674396985086,
  "P_LV0202": 0.23399089529590286,
  "Q_LV0202": -0.018209408194233688,
  "U_LV0202": 1.0022125093197622,
  "I_LV0202_MV0202": 0.23418023711533956,
  "P_LV0203": 0.23422556390977442,
  "Q_LV0203": -0.018225563909774437,
  "U_LV0203": 1.0023656359621436,
  "I_LV0203_MV0203": 0.23437912210228792,
  "P_POIMV_MV0101": -0.7030917569861793,
  "Q_POIMV_MV0101": 0.07840710079702183,
  "U_POIMV": 0.9978179560230883,
  "I_POIMV_MV0101": 0.7089971971348187,
  "P_POIMV_MV0201": -0.6958911932051707,
  "Q_POIMV_MV0201": 0.07660083423559644,
  "I_POIMV_MV0201": 0.7016254287301503,
  "P_POI_POIMV": -1.3989829502357936,
  "Q_POI_POIMV": 0.1803517891384106,
  "U_POI": 1.0,
  "I_POI_POIMV": 1.4105601947084252
}