{
  "P_LV0101": 0.061711558131605865,
  "Q_LV0101": -0.012274122059324924,
  "U_LV0101": 0.9992914037263626,
  "I_LV0101_MV0101": 0.0629649589614724,
  "P_LV0102": 0.03409478349812479,
  "Q_LV0102": -0.007841800204568702,
  "U_LV0102": 0.9992116275264199,
  "I_LV0102_MV0102": 0.035012569108326806,
  "P_LV0103": 0.04295942720763723,
  "Q_LV0103": -0.012274122059324924,
  "U_LV0103": 0.9988582732393098,
  "I_LV0103_MV0103": 0.04472954126574138,
  "P_LV0201": 0.037504261847937266,
  "Q_LV0201": -0.008182748039549948,
  "U_LV0201": 0.9992671943238388,
  "I_LV0201_MV0201": 0.03841469431322697,
  "P_LV0202": 0.03511762700306853,
  "Q_LV0202": -0.008182748039549948,
  "U_LV0202": 0.9992439643819988,
  "I_LV0202_MV0202": 0.03608563545581412,
  "P_LV0203": 0.034776679168087285,
  "Q_LV0203": -0.007841800204568702,
  "U_LV0203": 0.9993027542173943,
  "I_LV0203_MV0203": 0.03567471311829062,
  "P_POIMV_MV0101": -0.1385531489042,
  "Q_POIMV_MV0101": 0.032125812486848475,
  "U_POIMV": 0.9992809744695925,
  "I_POIMV_MV0101": 0.1423311796516252,
  "P_POIMV_MV0201": -0.1072689768618173,
  "Q_POIMV_MV0201": 0.023227013874258483,
  "I_POIMV_MV0201": 0.109833825474745,
  "P_POI_POIMV": -0.24582214825037157,
  "Q_POI_POIMV": 0.055614859723570755,
  "U_POI": 1.0,
  "I_POI_POIMV": 0.252034801550302
}