{
  "P_LV0101": 0.9713603818615751,
  "Q_LV0101": -0.021820661438799863,
  "P_LV0102": 0.6508694169792022,
  "Q_LV0102": -0.014319809069212411,
  "P_LV0103": 0.975110808046369,
  "Q_LV0103": -0.021820661438799863,
  "P_LV0201": 0.6559836345039209,
  "Q_LV0201": -0.014319809069212411,
  "P_LV0202": 0.6597340606887147,
  "Q_LV0202": -0.014319809069212411,
  "P_LV0203": 0.6662120695533583,
  "Q_LV0203": -0.014319809069212411,
  "U_POI": 1.0,
  "P_POIMV_MV0101": -2.5289021959860034,
  "Q_POIMV_MV0101": 0.3781589761775103,
  "I_POIMV_MV0101": 2.581949775480286,
  "P_POIMV_MV0201": -1.9403128404427867,
  "Q_POIMV_MV0201": 0.2253561033303146,
  "I_POIMV_MV0201": 1.9724003452517944,
  "P_POI_POIMV": -4.469215036429262,
  "Q_POI_POIMV": 0.8729592805924917,
  "I_POI_POIMV": 4.553673346587124
}