{
  "P_LV0101": 0.2228775997272417,
  "Q_LV0101": -0.013603818615751788,
  "U_LV0101": 1.0022704761879746,
  "I_LV0101_MV0101": 0.22278655151979324,
  "P_LV0102": 0.22930327868852457,
  "Q_LV0102": -0.01367827868852459,
  "U_LV0102": 1.0027108866730445,
  "I_LV0102_MV0102": 0.22908984455941753,
  "P_LV0103": 0.2350430292598967,
  "Q_LV0103": -0.013734939759036145,
  "U_LV0103": 1.0029881765489148,
  "I_LV0103_MV0103": 0.2347425415542287,
  "P_LV0201": 0.2283468559837728,
  "Q_LV0201": -0.013539553752535495,
  "U_LV0201": 1.0028535591585452,
  "I_LV0201_MV0201": 0.22809702127362014,
  "P_LV0202": 0.22943854324734447,
  "Q_LV0202": -0.013505311077389984,
  "U_LV0202": 1.0031820278745525,
  "I_LV0202_MV0202": 0.22910665353378287,
  "P_LV0203": 0.23007518796992482,
  "Q_LV0203": -0.01338345864661654,
  "U_LV0203": 1.003363066485242,
  "I_LV0203_MV0203": 0.2296916484151315,
  "P_POIMV_MV0101": -0.6825040615532708,
  "Q_POIMV_MV0101": 0.061821900721873616,
  "U_POIMV": 0.9982444015619252,
  "I_POIMV_MV0101": 0.6865035109665893,
  "P_POIMV_MV0201": -0.682815128915178,
  "Q_POIMV_MV0201": 0.06117691969203691,
  "I_POIMV_MV0201": 0.686755896065383,
  "P_POI_POIMV": -1.365319190503387,
  "Q_POI_POIMV": 0.1469883125040709,
  "U_POI": 1.0,
  "I_POI_POIMV": 1.3732086716772578
}