{
  "P_LV0101": 0.29140811455847254,
  "Q_LV0101": -0.00705762018411183,
  "U_LV0101": 1.0048672094569207,
  "I_LV0101_MV0101": 0.2900816781002979,
  "P_LV0102": 0.29031762295081964,
  "Q_LV0102": -0.007069672131147541,
  "U_LV0102": 1.005222593798747,
  "I_LV0102_MV0102": 0.28889490805402535,
  "P_LV0103": 0.2874010327022375,
  "Q_LV0103": -0.0071256454388984505,
  "U_LV0103": 1.0053402513539926,
  "I_LV0103_MV0103": 0.28596224334726666,
  "P_LV0201": 0.29117647058823526,
  "Q_LV0201": -0.006997971602434076,
  "U_LV0201": 1.0054484414997826,
  "I_LV0201_MV0201": 0.2896822344257076,
  "P_LV0202": 0.2911987860394537,
  "Q_LV0202": -0.006980273141122913,
  "U_LV0202": 1.005835809383779,
  "I_LV0202_MV0202": 0.2895924292695847,
  "P_LV0203": 0.2918796992481203,
  "Q_LV0203": -0.006766917293233083,
  "U_LV0203": 1.0060726791022094,
  "I_LV0203_MV0203": 0.2901958642391224,
  "P_POIMV_MV0101": -0.8616514249518744,
  "Q_POIMV_MV0101": 0.05498988383974044,
  "U_POIMV": 0.9983198295053047,
  "I_POIMV_MV0101": 0.8648574544140242,
  "P_POIMV_MV0201": -0.8661717676725437,
  "Q_POIMV_MV0201": 0.05492320565650966,
  "I_POIMV_MV0201": 0.8693720306608169,
  "P_POI_POIMV": -1.7278231928492354,
  "Q_POI_POIMV": 0.14850829925998538,
  "U_POI": 1.0,
  "I_POI_POIMV": 1.734193674506057
}