{
  "P_LV0101": 0.0,
  "Q_LV0101": 0.0,
  "P_LV0102": 0.0,
  "Q_LV0102": 0.0,
  "P_LV0103": 0.0,
  "Q_LV0103": 0.0,
  "P_LV0201": 0.0,
  "Q_LV0201": 0.0,
  "P_LV0202": 0.0,
  "Q_LV0202": 0.0,
  "P_LV0203": 0.0,
  "Q_LV0203": 0.0,
  "U_POI": 1.0,
  "P_POIMV_MV0101": 2.6510971418328426e-08,
  "Q_POIMV_MV0101": -0.0012734963172471342,
  "I_POIMV_MV0101": 0.0012734400119355877,
  "P_POIMV_MV0201": 3.361293679531393e-08,
  "Q_POIMV_MV0201": -0.001556498252871697,
  "I_POIMV_MV0201": 0.0015564294351726026,
  "P_POI_POIMV": 2.273946524520983e-13,
  "Q_POI_POIMV": -0.003395738377054158,
  "I_POI_POIMV": 0.003395738377054158
}