{
  "P_LV0101": 0.27974769860211385,
  "Q_LV0101": -0.00920559154449369,
  "U_LV0101": 1.0042400770338862,
  "I_LV0101_MV0101": 0.2787173377655874,
  "P_LV0102": 0.27617827868852457,
  "Q_LV0102": -0.009067622950819672,
  "U_LV0102": 1.0045396742632478,
  "I_LV0102_MV0102": 0.2750783289574058,
  "P_LV0103": 0.27139414802065404,
  "Q_LV0103": -0.00929432013769363,
  "U_LV0103": 1.0045798885939108,
  "I_LV0103_MV0103": 0.2703152370454681,
  "P_LV0201": 0.2787018255578093,
  "Q_LV0201": -0.008975659229208925,
  "U_LV0201": 1.0047991350352072,
  "I_LV0201_MV0201": 0.2775144902354329,
  "P_LV0202": 0.27769347496206376,
  "Q_LV0202": -0.008952959028831564,
  "U_LV0202": 1.005144860930249,
  "I_LV0202_MV0202": 0.27641564112094963,
  "P_LV0203": 0.2780451127819549,
  "Q_LV0203": -0.009022556390977444,
  "U_LV0203": 1.0053255246942263,
  "I_LV0203_MV0203": 0.2767177976766748,
  "P_POIMV_MV0101": -0.820535687668459,
  "Q_POIMV_MV0101": 0.05807981595726002,
  "U_POIMV": 0.9982622001318658,
  "I_POIMV_MV0101": 0.8240206284721124,
  "P_POIMV_MV0201": -0.8270637657287733,
  "Q_POIMV_MV0201": 0.05800933900239379,
  "I_POIMV_MV0201": 0.8305389358142625,
  "P_POI_POIMV": -1.6475994535519625,
  "Q_POI_POIMV": 0.1511689128102161,
  "U_POI": 1.0,
  "I_POI_POIMV": 1.654519869794542
}