{
  "P_LV0101": 0.9856801909307876,
  "Q_LV0101": -0.017729287419024888,
  "P_LV0102": 0.6580293215138084,
  "Q_LV0102": -0.011592226389362428,
  "P_LV0103": 0.9829526082509376,
  "Q_LV0103": -0.017729287419024888,
  "P_LV0201": 0.6641663825434708,
  "Q_LV0201": -0.011592226389362428,
  "P_LV0202": 0.6651892260484146,
  "Q_LV0202": -0.011592226389362428,
  "P_LV0203": 0.6737129219229457,
  "Q_LV0203": -0.011592226389362428,
  "U_POI": 1.0,
  "P_POIMV_MV0101": -2.5567920744755885,
  "Q_POIMV_MV0101": 0.37402047910865033,
  "I_POIMV_MV0101": 2.608994580517811,
  "P_POIMV_MV0201": -1.960618166418662,
  "Q_POIMV_MV0201": 0.22086318582032435,
  "I_POIMV_MV0201": 1.9921005734995232,
  "P_POI_POIMV": -4.51741024089477,
  "Q_POI_POIMV": 0.8698977863075907,
  "I_POI_POIMV": 4.600404052163657
}