{
  "P_LV0101": 0.2995908625980225,
  "Q_LV0101": -0.004295942720763723,
  "U_LV0101": 1.0055795050967713,
  "I_LV0101_MV0101": 0.2979591967342279,
  "P_LV0102": 0.2995389344262295,
  "Q_LV0102": -0.0043032786885245896,
  "U_LV0102": 1.005974074576173,
  "I_LV0102_MV0102": 0.29779081949024483,
  "P_LV0103": 0.2989672977624785,
  "Q_LV0103": -0.004440619621342513,
  "U_LV0103": 1.0061407159807902,
  "I_LV0103_MV0103": 0.2971754049195762,
  "P_LV0201": 0.2995436105476673,
  "Q_LV0201": -0.004259634888438134,
  "U_LV0201": 1.006179445932085,
  "I_LV0201_MV0201": 0.2977340643941318,
  "P_LV0202": 0.29969650986342944,
  "Q_LV0202": -0.004248861911987861,
  "U_LV0202": 1.0065814609682613,
  "I_LV0202_MV0202": 0.29776688577427435,
  "P_LV0203": 0.29969924812030074,
  "Q_LV0203": -0.004210526315789474,
  "U_LV0203": 1.0067853697238256,
  "I_LV0203_MV0203": 0.2977087599082007,
  "P_POIMV_MV0101": -0.8901283479893222,
  "Q_POIMV_MV0101": 0.04907859495298375,
  "U_POIMV": 0.9984603473437828,
  "I_POIMV_MV0101": 0.8928550197435241,
  "P_POIMV_MV0201": -0.8904090205132866,
  "Q_POIMV_MV0201": 0.04887416078554324,
  "I_POIMV_MV0201": 0.8931244537804619,
  "P_POI_POIMV": -1.7805373687869506,
  "Q_POI_POIMV": 0.13891999933090285,
  "U_POI": 1.0,
  "I_POI_POIMV": 1.7859485120968228
}