{
  "P_LV0101": 0.7916808728264576,
  "Q_LV0101": -0.04432321854756222,
  "P_LV0102": 0.5127855438117968,
  "Q_LV0102": -0.029662461643368564,
  "P_LV0103": 0.7344016365496079,
  "Q_LV0103": -0.04432321854756222,
  "P_LV0201": 0.5233549266962155,
  "Q_LV0201": -0.029662461643368564,
  "P_LV0202": 0.5209682918513467,
  "Q_LV0202": -0.029662461643368564,
  "P_LV0203": 0.5271053528810092,
  "Q_LV0203": -0.029662461643368564,
  "U_POI": 1.0,
  "P_POIMV_MV0101": -1.996310614699792,
  "Q_POIMV_MV0101": 0.317279070040387,
  "I_POIMV_MV0101": 2.037496644254989,
  "P_POIMV_MV0201": -1.5450342154026435,
  "Q_POIMV_MV0201": 0.20412332841180839,
  "I_POIMV_MV0201": 1.5708961537152601,
  "P_POI_POIMV": -3.541344830102617,
  "Q_POI_POIMV": 0.6903467437335797,
  "I_POI_POIMV": 3.60800524282852
}