{
  "P_LV0101": 0.7476986021138766,
  "Q_LV0101": -0.049096488237299694,
  "P_LV0102": 0.48107739515854075,
  "Q_LV0102": -0.033071939993181046,
  "P_LV0103": 0.6812137742925333,
  "Q_LV0103": -0.04875554040231844,
  "P_LV0201": 0.4933515172178657,
  "Q_LV0201": -0.033071939993181046,
  "P_LV0202": 0.4892601431980907,
  "Q_LV0202": -0.032730992158199794,
  "P_LV0203": 0.49403341288782815,
  "Q_LV0203": -0.033071939993181046,
  "U_POI": 1.0,
  "P_POIMV_MV0101": -1.8725219395848887,
  "Q_POIMV_MV0101": 0.30601558800402845,
  "I_POIMV_MV0101": 1.9118792662264286,
  "P_POIMV_MV0201": -1.4532735066060327,
  "Q_POIMV_MV0201": 0.20065954053372775,
  "I_POIMV_MV0201": 1.4782856765918269,
  "P_POI_POIMV": -3.3257955073700076,
  "Q_POI_POIMV": 0.6557390793800045,
  "I_POI_POIMV": 3.389824405049422
}