{
  "P_LV0101": 0.8128196385952949,
  "Q_LV0101": -0.03818615751789976,
  "P_LV0102": 0.5526764405046029,
  "Q_LV0102": -0.02557108762359359,
  "P_LV0103": 0.8407773610637572,
  "Q_LV0103": -0.03818615751789976,
  "P_LV0201": 0.5547221275144902,
  "Q_LV0201": -0.02557108762359359,
  "P_LV0202": 0.5584725536992841,
  "Q_LV0202": -0.02557108762359359,
  "P_LV0203": 0.5635867712240027,
  "Q_LV0203": -0.02557108762359359,
  "U_POI": 1.0,
  "P_POIMV_MV0101": -2.1565057702972115,
  "Q_POIMV_MV0101": 0.3342952641952598,
  "I_POIMV_MV0101": 2.200652295983956,
  "P_POIMV_MV0201": -1.6468083340920403,
  "Q_POIMV_MV0201": 0.20764497358593534,
  "I_POIMV_MV0201": 1.6738349097603262,
  "P_POI_POIMV": -3.803314104389499,
  "Q_POI_POIMV": 0.7368013869675675,
  "I_POI_POIMV": 3.8740256143300638
}