{
  "P_LV0101": 0.09376065461984316,
  "Q_LV0101": -0.02079781793385612,
  "P_LV0102": 0.07398568019093078,
  "Q_LV0102": -0.013978861234231163,
  "P_LV0103": 0.1275144902829867,
  "Q_LV0103": -0.02079781793385612,
  "P_LV0201": 0.06921241050119331,
  "Q_LV0201": -0.013978861234231163,
  "P_LV0202": 0.07159904534606205,
  "Q_LV0202": -0.013978861234231163,
  "P_LV0203": 0.07125809751108081,
  "Q_LV0203": -0.013978861234231163,
  "U_POI": 1.0,
  "P_POIMV_MV0101": -0.294309490260268,
  "Q_POIMV_MV0101": 0.05874837614009363,
  "I_POIMV_MV0101": 0.3005171467876579,
  "P_POIMV_MV0201": -0.21156851797650542,
  "Q_POIMV_MV0201": 0.042598047214807956,
  "I_POIMV_MV0201": 0.21610300948664624,
  "P_POI_POIMV": -0.5058780082363828,
  "Q_POI_POIMV": 0.10425575041046724,
  "I_POI_POIMV": 0.5165092648838542
}