{
  "P_LV0101": 0.9976133651551312,
  "Q_LV0101": -0.011933174224343675,
  "P_LV0102": 0.6655301738833959,
  "Q_LV0102": -0.007841800204568702,
  "P_LV0103": 0.9904534606205251,
  "Q_LV0103": -0.012274122059324924,
  "P_LV0201": 0.6720081827480395,
  "Q_LV0201": -0.007841800204568702,
  "P_LV0202": 0.6737129219229457,
  "Q_LV0202": -0.007841800204568702,
  "P_LV0203": 0.6801909307875895,
  "Q_LV0203": -0.007841800204568702,
  "U_POI": 1.0,
  "P_POIMV_MV0101": -2.582464543108151,
  "Q_POIMV_MV0101": 0.3649740720032064,
  "I_POIMV_MV0101": 2.6328739290797465,
  "P_POIMV_MV0201": -1.9825705216856524,
  "Q_POIMV_MV0201": 0.21355552518326235,
  "I_POIMV_MV0201": 2.012958892826043,
  "P_POI_POIMV": -4.565035064794255,
  "Q_POI_POIMV": 0.8589287556021561,
  "I_POI_POIMV": 4.645137645969316
}