{
  "P_LV0101": 0.9284009546539379,
  "Q_LV0101": -0.02523013978861234,
  "U_LV0101": 1.0053027484154566,
  "I_LV0101_MV0101": 0.9238448008173299,
  "P_LV0102": 0.6242754858506648,
  "Q_LV0102": -0.016706443914081145,
  "U_LV0102": 1.003685826954386,
  "I_LV0102_MV0102": 0.6222056468480821,
  "P_LV0103": 0.9389703375383567,
  "Q_LV0103": -0.02557108762359359,
  "U_LV0103": 1.0069014154509743,
  "I_LV0103_MV0103": 0.9328802688934169,
  "P_LV0201": 0.6280259120354585,
  "Q_LV0201": -0.016706443914081145,
  "U_LV0201": 1.003814633704545,
  "I_LV0201_MV0201": 0.6258606520026265,
  "P_LV0202": 0.6307534947153085,
  "Q_LV0202": -0.016706443914081145,
  "U_LV0202": 1.0046610553912942,
  "I_LV0202_MV0202": 0.6280473399862065,
  "P_LV0203": 0.6403000340947835,
  "Q_LV0203": -0.017047391749062394,
  "U_LV0203": 1.005163631302153,
  "I_LV0203_MV0203": 0.6372364751437325,
  "P_POIMV_MV0101": -2.428578385265858,
  "Q_POIMV_MV0101": 0.3624344913955866,
  "U_POIMV": 0.9907893401387083,
  "I_POIMV_MV0101": 2.478300614835988,
  "P_POIMV_MV0201": -1.860824102359306,
  "Q_POIMV_MV0201": 0.2179895531289268,
  "I_POIMV_MV0201": 1.890966026139844,
  "P_POI_POIMV": -4.289402487624953,
  "Q_POI_POIMV": 0.8283734144661576,
  "U_POI": 1.0,
  "I_POI_POIMV": 4.368658399856579
}