{
  "P_LV0101": 0.45993862938970337,
  "Q_LV0101": -0.051824070917149676,
  "P_LV0102": 0.321854756222298,
  "Q_LV0102": -0.03409478349812479,
  "P_LV0103": 0.5083532219570406,
  "Q_LV0103": -0.051824070917149676,
  "P_LV0201": 0.31946812137742925,
  "Q_LV0201": -0.03409478349812479,
  "P_LV0202": 0.3242413910671667,
  "Q_LV0202": -0.03409478349812479,
  "P_LV0203": 0.3262870780770542,
  "Q_LV0203": -0.03409478349812479,
  "U_POI": 1.0,
  "P_POIMV_MV0101": -1.2727605204759,
  "Q_POIMV_MV0101": 0.21798662914899467,
  "I_POIMV_MV0101": 1.2980178919564027,
  "P_POIMV_MV0201": -0.959804584822843,
  "Q_POIMV_MV0201": 0.14578067905852937,
  "I_POIMV_MV0201": 0.9758683661775663,
  "P_POI_POIMV": -2.232565107922346,
  "Q_POI_POIMV": 0.43052099550951783,
  "I_POI_POIMV": 2.273696393251927
}