{
  "P_LV0101": 0.28942379815888164,
  "Q_LV0101": -0.013624275485850663,
  "U_LV0101": 1.0033557131323498,
  "I_LV0101_MV0101": 0.28877524697892043,
  "P_LV0102": 0.29563524590163937,
  "Q_LV0102": -0.013831967213114754,
  "U_LV0102": 1.0038506739032302,
  "I_LV0102_MV0102": 0.29482338034974365,
  "P_LV0103": 0.301631669535284,
  "Q_LV0103": -0.013879518072289156,
  "U_LV0103": 1.004170423892917,
  "I_LV0103_MV0103": 0.3006967991409021,
  "P_LV0201": 0.2920892494929006,
  "Q_LV0201": -0.013691683569979716,
  "U_LV0201": 1.0039727604841564,
  "I_LV0201_MV0201": 0.29125289427243295,
  "P_LV0202": 0.29317147192716236,
  "Q_LV0202": -0.013657056145675264,
  "U_LV0202": 1.004382138543861,
  "I_LV0202_MV0202": 0.2922088988182054,
  "P_LV0203": 0.29341353383458646,
  "Q_LV0203": -0.013533834586466165,
  "U_LV0203": 1.0045950152594403,
  "I_LV0203_MV0203": 0.2923819954688118,
  "P_POIMV_MV0101": -0.8788654848041346,
  "Q_POIMV_MV0101": 0.07667374949270883,
  "U_POIMV": 0.9977597042242592,
  "I_POIMV_MV0101": 0.8841845552979545,
  "P_POIMV_MV0201": -0.8704717264081165,
  "Q_POIMV_MV0201": 0.07558849763429502,
  "I_POIMV_MV0201": 0.87570932139516,
  "P_POI_POIMV": -1.7493372114685624,
  "Q_POI_POIMV": 0.19202510291038388,
  "U_POI": 1.0,
  "I_POI_POIMV": 1.7598449703244743
}