{
  "P_LV0101": 0.045925673371974084,
  "Q_LV0101": -0.00920559154449369,
  "U_LV0101": 0.9993043208149932,
  "I_LV0101_MV0101": 0.046871798349086446,
  "P_LV0102": 0.05363729508196721,
  "Q_LV0102": -0.009375,
  "U_LV0102": 0.9995579418120379,
  "I_LV0102_MV0102": 0.054474511633022686,
  "P_LV0103": 0.0604130808950086,
  "Q_LV0103": -0.00929432013769363,
  "U_LV0103": 0.9997872582698009,
  "I_LV0103_MV0103": 0.06113684918140667,
  "P_LV0201": 0.05096348884381338,
  "Q_LV0201": -0.009279918864097363,
  "U_LV0201": 0.9995219660090676,
  "I_LV0201_MV0201": 0.051826256369051346,
  "P_LV0202": 0.05204855842185129,
  "Q_LV0202": -0.009256449165402124,
  "U_LV0202": 0.9996176610241468,
  "I_LV0202_MV0202": 0.05288546175914553,
  "P_LV0203": 0.05142857142857143,
  "Q_LV0203": -0.009172932330827067,
  "U_LV0203": 0.9996441338840666,
  "I_LV0203_MV0203": 0.05225881322924494,
  "P_POIMV_MV0101": -0.15970768240529504,
  "Q_POIMV_MV0101": 0.027853757008812454,
  "U_POIMV": 0.9992800817225248,
  "I_POIMV_MV0101": 0.1622351960218505,
  "P_POIMV_MV0201": -0.15417718433192854,
  "Q_POIMV_MV0201": 0.02731931318920248,
  "I_POIMV_MV0201": 0.15669169600787872,
  "P_POI_POIMV": -0.3138849165309992,
  "Q_POI_POIMV": 0.05593161910914296,
  "U_POI": 1.0,
  "I_POI_POIMV": 0.3188292440191812
}