{
  "P_LV0101": 0.7429253324241392,
  "Q_LV0101": -0.045346062052505964,
  "P_LV0102": 0.5086941697920219,
  "Q_LV0102": -0.03034435731333106,
  "P_LV0103": 0.7759972724173202,
  "Q_LV0103": -0.045346062052505964,
  "P_LV0201": 0.511762700306853,
  "Q_LV0201": -0.03034435731333106,
  "P_LV0202": 0.5155131264916468,
  "Q_LV0202": -0.03034435731333106,
  "P_LV0203": 0.5216501875213092,
  "Q_LV0203": -0.03034435731333106,
  "U_POI": 1.0,
  "P_POIMV_MV0101": -1.9853999910256162,
  "Q_POIMV_MV0101": 0.3178997061186898,
  "I_POIMV_MV0101": 2.0266786133783232,
  "P_POIMV_MV0201": -1.5232562522498045,
  "Q_POIMV_MV0201": 0.2029390249325114,
  "I_POIMV_MV0201": 1.5489351190388787,
  "P_POI_POIMV": -3.508656243274656,
  "Q_POI_POIMV": 0.6867172562587627,
  "I_POI_POIMV": 3.5752271569109824
}