{
  "P_LV0101": 0.11558131605864302,
  "Q_LV0101": -0.01909307875894988,
  "P_LV0102": 0.0640981929764746,
  "Q_LV0102": -0.01261506989430617,
  "P_LV0103": 0.07841800204568701,
  "Q_LV0103": -0.019774974428912375,
  "P_LV0201": 0.06955335833617457,
  "Q_LV0201": -0.01261506989430617,
  "P_LV0202": 0.06648482782134334,
  "Q_LV0202": -0.01261506989430617,
  "P_LV0203": 0.06682577565632458,
  "Q_LV0203": -0.01261506989430617,
  "U_POI": 1.0,
  "P_POIMV_MV0101": -0.25737107194308584,
  "Q_POIMV_MV0101": 0.053656221655258574,
  "I_POIMV_MV0101": 0.26322302964861993,
  "P_POIMV_MV0201": -0.20240826100880818,
  "Q_POIMV_MV0201": 0.038308814676191225,
  "I_POIMV_MV0201": 0.20625108871809542,
  "P_POI_POIMV": -0.4597793329518111,
  "Q_POI_POIMV": 0.0942687755693114,
  "I_POI_POIMV": 0.46934383670923985
}