{
  "P_LV0101": 0.008080463689055574,
  "Q_LV0101": -0.008898738493010568,
  "U_LV0101": 0.9985759965619374,
  "I_LV0101_MV0101": 0.012037184143404826,
  "P_LV0102": 0.006762295081967213,
  "Q_LV0102": -0.008606557377049179,
  "U_LV0102": 0.998581259497579,
  "I_LV0102_MV0102": 0.010960936169946929,
  "P_LV0103": 0.0,
  "Q_LV0103": 0.0,
  "U_LV0103": 0.9995910345044431,
  "I_LV0103_MV0103": 4.784164644966297e-19,
  "P_LV0201": 0.007606490872210952,
  "Q_LV0201": -0.008975659229208925,
  "U_LV0201": 0.99855478494505,
  "I_LV0201_MV0201": 0.011782280127402121,
  "P_LV0202": 0.0,
  "Q_LV0202": 0.0,
  "U_LV0202": 0.9995937050331002,
  "I_LV0202_MV0202": 1.0046745754429225e-18,
  "P_LV0203": 0.0069172932330827065,
  "Q_LV0203": -0.008421052631578947,
  "U_LV0203": 0.998615161560146,
  "I_LV0203_MV0203": 0.010912959769005515,
  "P_POIMV_MV0101": -0.01483515342277332,
  "Q_POIMV_MV0101": 0.016270026081332198,
  "U_POIMV": 0.9995885261597417,
  "I_POIMV_MV0101": 0.022027136298128098,
  "P_POIMV_MV0201": -0.01451598212230368,
  "Q_POIMV_MV0201": 0.01587799051379056,
  "I_POIMV_MV0201": 0.021522207952342415,
  "P_POI_POIMV": -0.02935113561820936,
  "Q_POI_POIMV": 0.03160680189420569,
  "U_POI": 1.0,
  "I_POI_POIMV": 0.04313327124225663
}