{
  "P_LV0101": 0.9495397204227753,
  "Q_LV0101": -0.026252983293556086,
  "P_LV0102": 0.6273440163654961,
  "Q_LV0102": -0.017388339584043642,
  "P_LV0103": 0.916126832594613,
  "Q_LV0103": -0.026252983293556086,
  "P_LV0201": 0.634162973065121,
  "Q_LV0201": -0.017388339584043642,
  "P_LV0202": 0.6324582338902148,
  "Q_LV0202": -0.017047391749062394,
  "P_LV0203": 0.638254347084896,
  "Q_LV0203": -0.017388339584043642,
  "U_POI": 1.0,
  "P_POIMV_MV0101": -2.4299468502614077,
  "Q_POIMV_MV0101": 0.36508493051390334,
  "I_POIMV_MV0101": 2.480244544761693,
  "P_POIMV_MV0201": -1.8663894421793077,
  "Q_POIMV_MV0201": 0.22041332414523337,
  "I_POIMV_MV0201": 1.8969694766404261,
  "P_POI_POIMV": -4.296336292440188,
  "Q_POI_POIMV": 0.8343523035671749,
  "I_POI_POIMV": 4.376602484142985
}