{
  "P_LV0101": 0.8591885441527446,
  "Q_LV0101": -0.03682236617797477,
  "U_LV0101": 1.003655859809687,
  "I_LV0101_MV0101": 0.856844728663056,
  "P_LV0102": 0.5594953972042278,
  "Q_LV0102": -0.024889191953631096,
  "U_LV0102": 1.0020648191764503,
  "I_LV0102_MV0102": 0.5588947058107512,
  "P_LV0103": 0.80600068189567,
  "Q_LV0103": -0.03716331401295602,
  "U_LV0103": 1.004349015000542,
  "I_LV0103_MV0103": 0.8033631570403699,
  "P_LV0201": 0.5707466757586089,
  "Q_LV0201": -0.024889191953631096,
  "U_LV0201": 1.0023437605508114,
  "I_LV0201_MV0201": 0.5699532695004377,
  "P_LV0202": 0.5690419365837027,
  "Q_LV0202": -0.024548244118649847,
  "U_LV0202": 1.0030839722809162,
  "I_LV0202_MV0202": 0.5678200499363942,
  "P_LV0203": 0.5734742584384589,
  "Q_LV0203": -0.024548244118649847,
  "U_LV0203": 1.0035184620324018,
  "I_LV0203_MV0203": 0.5719869120565495,
  "P_POIMV_MV0101": -2.1742276067318977,
  "Q_POIMV_MV0101": 0.3349526381204824,
  "U_POIMV": 0.9915600118381789,
  "I_POIMV_MV0101": 2.218602006612017,
  "P_POIMV_MV0201": -1.6820053483989679,
  "Q_POIMV_MV0201": 0.21062402592829813,
  "I_POIMV_MV0201": 1.709570183478546,
  "P_POI_POIMV": -3.856232955130536,
  "Q_POI_POIMV": 0.745891185716766,
  "U_POI": 1.0,
  "I_POI_POIMV": 3.9277075075882046
}