{
  "P_LV0101": 0.3253869757927037,
  "Q_LV0101": -0.012151380838731672,
  "U_LV0101": 1.0042707731232292,
  "I_LV0101_MV0101": 0.32422908092790614,
  "P_LV0102": 0.3196106557377049,
  "Q_LV0102": -0.012172131147540984,
  "U_LV0102": 1.0045554462866766,
  "I_LV0102_MV0102": 0.31839193764162016,
  "P_LV0103": 0.3111738382099828,
  "Q_LV0103": -0.012268502581755592,
  "U_LV0103": 1.0045636424462911,
  "I_LV0103_MV0103": 0.3100008634324053,
  "P_LV0201": 0.3220283975659229,
  "Q_LV0201": -0.01204868154158215,
  "U_LV0201": 1.0048419403181743,
  "I_LV0201_MV0201": 0.32070090464263706,
  "P_LV0202": 0.3201213960546282,
  "Q_LV0202": -0.012018209408194234,
  "U_LV0202": 1.0052223372534703,
  "I_LV0202_MV0202": 0.31868264619907866,
  "P_LV0203": 0.32030075187969925,
  "Q_LV0203": -0.011909774436090224,
  "U_LV0203": 1.0054496575837464,
  "I_LV0203_MV0203": 0.3187848284535057,
  "P_POIMV_MV0101": -0.9471074835012369,
  "Q_POIMV_MV0101": 0.07779641033856986,
  "U_POIMV": 0.9976689709787376,
  "I_POIMV_MV0101": 0.952517597957251,
  "P_POIMV_MV0201": -0.9526357846189513,
  "Q_POIMV_MV0201": 0.07781780802388118,
  "I_POIMV_MV0201": 0.9580420694963586,
  "P_POI_POIMV": -1.8997432686133269,
  "Q_POI_POIMV": 0.20257780101559025,
  "U_POI": 1.0,
  "I_POI_POIMV": 1.9105136095055588
}