{
  "P_LV0101": 0.5758608932833277,
  "Q_LV0101": -0.05250596658711217,
  "U_LV0101": 0.9995213412886991,
  "I_LV0101_MV0101": 0.5785265537085058,
  "P_LV0102": 0.397545175588135,
  "Q_LV0102": -0.034776679168087285,
  "U_LV0102": 0.9994085030761788,
  "I_LV0102_MV0102": 0.39929956719784376,
  "P_LV0103": 0.6174565291510399,
  "Q_LV0103": -0.05250596658711217,
  "U_LV0103": 1.001183848014048,
  "I_LV0103_MV0103": 0.6189522068251302,
  "P_LV0201": 0.3992499147630413,
  "Q_LV0201": -0.034776679168087285,
  "U_LV0201": 0.9994631395629981,
  "I_LV0201_MV0201": 0.4009769325509011,
  "P_LV0202": 0.40163654960791,
  "Q_LV0202": -0.034776679168087285,
  "U_LV0202": 1.0000143848148446,
  "I_LV0202_MV0202": 0.4031335502038971,
  "P_LV0203": 0.40572792362768495,
  "Q_LV0203": -0.034776679168087285,
  "U_LV0203": 1.0003483920048644,
  "I_LV0203_MV0203": 0.40707380337856314,
  "P_POIMV_MV0101": -1.5646170309538858,
  "Q_POIMV_MV0101": 0.26163844183533835,
  "U_POIMV": 0.9936711792978012,
  "I_POIMV_MV0101": 1.596445677340676,
  "P_POIMV_MV0201": -1.190924334491921,
  "Q_POIMV_MV0201": 0.1721328675362591,
  "I_POIMV_MV0201": 1.2109638085107914,
  "P_POI_POIMV": -2.755541379321021,
  "Q_POI_POIMV": 0.5358181529066581,
  "U_POI": 1.0,
  "I_POI_POIMV": 2.807153253054542
}