{
  "P_LV0101": 0.028128196385952944,
  "Q_LV0101": -0.006239345380156835,
  "U_LV0101": 0.9994778384134849,
  "I_LV0101_MV0101": 0.028826938733990736,
  "P_LV0102": 0.033350409836065575,
  "Q_LV0102": -0.006301229508196721,
  "U_LV0102": 0.9996555529055482,
  "I_LV0102_MV0102": 0.03395216111874282,
  "P_LV0103": 0.03862306368330465,
  "Q_LV0103": -0.0062994836488812385,
  "U_LV0103": 0.9998224534719166,
  "I_LV0103_MV0103": 0.039140368139547625,
  "P_LV0201": 0.03088235294117647,
  "Q_LV0201": -0.006237322515212981,
  "U_LV0201": 0.9996084545907614,
  "I_LV0201_MV0201": 0.03151827443996056,
  "P_LV0202": 0.03186646433990895,
  "Q_LV0202": -0.0062215477996965095,
  "U_LV0202": 0.99967589076963,
  "I_LV0202_MV0202": 0.03247865174532608,
  "P_LV0203": 0.03142857142857143,
  "Q_LV0203": -0.006165413533834587,
  "U_LV0203": 0.9996908601314182,
  "I_LV0203_MV0203": 0.03203750736185012,
  "P_POIMV_MV0101": -0.0999956320956726,
  "Q_POIMV_MV0101": 0.018061721152093844,
  "U_POIMV": 0.9995408471561534,
  "I_POIMV_MV0101": 0.10166041792784473,
  "P_POIMV_MV0201": -0.09407879425624566,
  "Q_POIMV_MV0201": 0.01750507809852901,
  "I_POIMV_MV0201": 0.09573746516066578,
  "P_POI_POIMV": -0.19407443379754724,
  "Q_POI_POIMV": 0.0355082655425085,
  "U_POI": 1.0,
  "I_POI_POIMV": 0.19729602828155418
}