{
  "P_LV0101": 0.05830207978179338,
  "Q_LV0101": -0.010330719399931809,
  "U_LV0101": 0.999394068668323,
  "I_LV0101_MV0101": 0.05924617077243401,
  "P_LV0102": 0.0651639344262295,
  "Q_LV0102": -0.010297131147540984,
  "U_LV0102": 0.9996668122883621,
  "I_LV0102_MV0102": 0.06599447720718726,
  "P_LV0103": 0.07259896729776247,
  "Q_LV0103": -0.010430292598967297,
  "U_LV0103": 0.9998899750414828,
  "I_LV0103_MV0103": 0.07335247090962484,
  "P_LV0201": 0.062221095334685596,
  "Q_LV0201": -0.010192697768762677,
  "U_LV0201": 0.9996315500551827,
  "I_LV0201_MV0201": 0.06307366210647171,
  "P_LV0202": 0.06327769347496207,
  "Q_LV0202": -0.010166919575113809,
  "U_LV0202": 0.9997411740125935,
  "I_LV0202_MV0202": 0.06410584834160402,
  "P_LV0203": 0.06270676691729324,
  "Q_LV0203": -0.010075187969924812,
  "U_LV0203": 0.9997775576731369,
  "I_LV0203_MV0203": 0.0635251378345261,
  "P_POIMV_MV0101": -0.19566606377006288,
  "Q_POIMV_MV0101": 0.03164729532643166,
  "U_POIMV": 0.9991837091036426,
  "I_POIMV_MV0101": 0.1983708075322928,
  "P_POIMV_MV0201": -0.18781672781340036,
  "Q_POIMV_MV0201": 0.030599449347948834,
  "I_POIMV_MV0201": 0.19044852366303372,
  "P_POI_POIMV": -0.3834827915835247,
  "Q_POI_POIMV": 0.0636493446903785,
  "U_POI": 1.0,
  "I_POI_POIMV": 0.3887290708452452
}