{
  "P_LV0101": 0.4394817592908285,
  "Q_LV0101": -0.05114217524718718,
  "P_LV0102": 0.3092396863279918,
  "Q_LV0102": -0.03409478349812479,
  "P_LV0103": 0.4878963518581657,
  "Q_LV0103": -0.05114217524718718,
  "P_LV0201": 0.3048073644732356,
  "Q_LV0201": -0.03409478349812479,
  "P_LV0202": 0.3085577906580293,
  "Q_LV0202": -0.033753835663143536,
  "P_LV0203": 0.3106034776679168,
  "Q_LV0203": -0.03409478349812479,
  "U_POI": 1.0,
  "P_POIMV_MV0101": -1.2206310129821067,
  "Q_POIMV_MV0101": 0.2100534085397866,
  "I_POIMV_MV0101": 1.2447733096474907,
  "P_POIMV_MV0201": -0.914708717843731,
  "Q_POIMV_MV0201": 0.14132224373381488,
  "I_POIMV_MV0201": 0.9301950033379878,
  "P_POI_POIMV": -2.1353397326752694,
  "Q_POI_POIMV": 0.412400660507029,
  "I_POI_POIMV": 2.174798859372591
}