{
  "P_LV0101": 0.3064848278213433,
  "Q_LV0101": -0.01276508694169792,
  "U_LV0101": 1.0037876231613414,
  "I_LV0101_MV0101": 0.30559307405467206,
  "P_LV0102": 0.3120491803278689,
  "Q_LV0102": -0.012909836065573771,
  "U_LV0102": 1.0042976964121342,
  "I_LV0102_MV0102": 0.3109796176335611,
  "P_LV0103": 0.31873321858864023,
  "Q_LV0103": -0.012888123924268502,
  "U_LV0103": 1.0046512430508137,
  "I_LV0103_MV0103": 0.31751683283951915,
  "P_LV0201": 0.30997971602434077,
  "Q_LV0201": -0.012778904665314401,
  "U_LV0201": 1.0044676250668583,
  "I_LV0201_MV0201": 0.3088631245811504,
  "P_LV0202": 0.3121092564491654,
  "Q_LV0202": -0.012746585735963581,
  "U_LV0202": 1.0049238741125708,
  "I_LV0202_MV0202": 0.3108389025910095,
  "P_LV0203": 0.31218045112781956,
  "Q_LV0203": -0.01263157894736842,
  "U_LV0203": 1.0051442971516744,
  "I_LV0203_MV0203": 0.31083686165055524,
  "P_POIMV_MV0101": -0.9285366651748865,
  "Q_POIMV_MV0101": 0.07813839148823065,
  "U_POIMV": 0.9976830247649441,
  "I_POIMV_MV0101": 0.9339826379796032,
  "P_POIMV_MV0201": -0.9250097680419384,
  "Q_POIMV_MV0201": 0.07753366367971712,
  "I_POIMV_MV0201": 0.9304092242041653,
  "P_POI_POIMV": -1.8535464336224394,
  "Q_POI_POIMV": 0.20036633535869675,
  "U_POI": 1.0,
  "I_POI_POIMV": 1.864344670370674
}