{
  "P_LV0101": 0.5649505625639277,
  "Q_LV0101": -0.05318786225707467,
  "P_LV0102": 0.3586771224002728,
  "Q_LV0102": -0.03511762700306853,
  "P_LV0103": 0.49539720422775313,
  "Q_LV0103": -0.05284691442209342,
  "P_LV0201": 0.3702693487896352,
  "Q_LV0201": -0.03511762700306853,
  "P_LV0202": 0.36379133992499146,
  "Q_LV0202": -0.03511762700306853,
  "P_LV0203": 0.36924650528469144,
  "Q_LV0203": -0.03511762700306853,
  "U_POI": 1.0,
  "P_POIMV_MV0101": -1.398161452225737,
  "Q_POIMV_MV0101": 0.2381696158241374,
  "I_POIMV_MV0101": 1.4265235861008692,
  "P_POIMV_MV0201": -1.0901651119646663,
  "Q_POIMV_MV0201": 0.16191686062300545,
  "I_POIMV_MV0201": 1.1085127448075347,
  "P_POI_POIMV": -2.488326570273275,
  "Q_POI_POIMV": 0.4831890726957214,
  "I_POI_POIMV": 2.5348058703381033
}