{
  "P_LV0101": 0.017674735765427888,
  "Q_LV0101": -0.004909648823729969,
  "U_LV0101": 0.9994791679939612,
  "I_LV0101_MV0101": 0.01835352065928459,
  "P_LV0102": 0.02194672131147541,
  "Q_LV0102": -0.004979508196721312,
  "U_LV0102": 0.9996150809226889,
  "I_LV0102_MV0102": 0.022513200075590406,
  "P_LV0103": 0.025280550774526678,
  "Q_LV0103": -0.004833046471600688,
  "U_LV0103": 0.9997419257564055,
  "I_LV0103_MV0103": 0.02574503124646899,
  "P_LV0201": 0.02026369168356998,
  "Q_LV0201": -0.004929006085192697,
  "U_LV0201": 0.9995827987165163,
  "I_LV0201_MV0201": 0.020863254997133172,
  "P_LV0202": 0.020576631259484064,
  "Q_LV0202": -0.004916540212443096,
  "U_LV0202": 0.9996174997163112,
  "I_LV0202_MV0202": 0.021163948081170406,
  "P_LV0203": 0.02057142857142857,
  "Q_LV0203": -0.004872180451127819,
  "U_LV0203": 0.9996356668645144,
  "I_LV0203_MV0203": 0.021148230186715196,
  "P_POIMV_MV0101": -0.06485655579659962,
  "Q_POIMV_MV0101": 0.013661363676954117,
  "U_POIMV": 0.9996541696849272,
  "I_POIMV_MV0101": 0.06630268270072147,
  "P_POIMV_MV0201": -0.061369120148405815,
  "Q_POIMV_MV0201": 0.013350966130194344,
  "I_POIMV_MV0201": 0.06282632265524923,
  "P_POI_POIMV": -0.12622567738428808,
  "Q_POI_POIMV": 0.026663534111625368,
  "U_POI": 1.0,
  "I_POI_POIMV": 0.1290111068181503
}