{
  "P_LV0101": 0.015342652574156155,
  "Q_LV0101": -0.006137061029662462,
  "P_LV0102": 0.011592226389362428,
  "Q_LV0102": -0.004432321854756222,
  "P_LV0103": 0.017047391749062394,
  "Q_LV0103": -0.006137061029662462,
  "P_LV0201": 0.010569382884418685,
  "Q_LV0201": -0.0037504261847937266,
  "P_LV0202": 0.010910330719399931,
  "Q_LV0202": -0.0037504261847937266,
  "P_LV0203": 0.010910330719399931,
  "Q_LV0203": -0.004091374019774974,
  "U_POI": 1.0,
  "P_POIMV_MV0101": -0.04395963611445087,
  "Q_POIMV_MV0101": 0.015540081788159982,
  "I_POIMV_MV0101": 0.04664082124493746,
  "P_POIMV_MV0201": -0.03237740693716559,
  "Q_POIMV_MV0201": 0.010092894075526477,
  "I_POIMV_MV0201": 0.03392514652323341,
  "P_POI_POIMV": -0.07633704332493503,
  "Q_POI_POIMV": 0.025151554660131005,
  "I_POI_POIMV": 0.08037378232617004
}