{
  "P_LV0101": 0.3118854415274463,
  "Q_LV0101": -0.013378793044664165,
  "U_LV0101": 1.003812043831298,
  "I_LV0101_MV0101": 0.3109867661575301,
  "P_LV0102": 0.3031967213114754,
  "Q_LV0102": -0.013831967213114754,
  "U_LV0102": 1.0039514993956875,
  "I_LV0102_MV0102": 0.3023174602793139,
  "P_LV0103": 0.29766609294320134,
  "Q_LV0103": -0.013507745266781411,
  "U_LV0103": 1.0040695621865505,
  "I_LV0103_MV0103": 0.29676471585962266,
  "P_LV0201": 0.3088843813387424,
  "Q_LV0201": -0.01332657200811359,
  "U_LV0201": 1.0043590127109068,
  "I_LV0201_MV0201": 0.30782989547792045,
  "P_LV0202": 0.3079210925644916,
  "Q_LV0202": -0.013110773899848254,
  "U_LV0202": 1.004768083760906,
  "I_LV0202_MV0202": 0.3067375335539627,
  "P_LV0203": 0.3076691729323308,
  "Q_LV0203": -0.013172932330827067,
  "U_LV0203": 1.0049538232886754,
  "I_LV0203_MV0203": 0.3064330299594723,
  "P_POIMV_MV0101": -0.904476484966651,
  "Q_POIMV_MV0101": 0.07821394233080561,
  "U_POIMV": 0.9976845292236509,
  "I_POIMV_MV0101": 0.9099589164884883,
  "P_POIMV_MV0201": -0.9154062469500429,
  "Q_POIMV_MV0201": 0.0781503277653681,
  "I_POIMV_MV0201": 0.9208683705996444,
  "P_POI_POIMV": -1.8198827322677442,
  "Q_POI_POIMV": 0.19944357258271384,
  "U_POI": 1.0,
  "I_POI_POIMV": 1.8307787681341692
}