{
  "P_LV0101": 0.21241050119331742,
  "Q_LV0101": -0.03682236617797477,
  "P_LV0102": 0.15683600409137402,
  "Q_LV0102": -0.024548244118649847,
  "P_LV0103": 0.2584384589157859,
  "Q_LV0103": -0.03682236617797477,
  "P_LV0201": 0.1517217865666553,
  "Q_LV0201": -0.0242072962836686,
  "P_LV0202": 0.15513126491646778,
  "Q_LV0202": -0.024548244118649847,
  "P_LV0203": 0.1544493692465053,
  "Q_LV0203": -0.0242072962836686,
  "U_POI": 1.0,
  "P_POIMV_MV0101": -0.6234790423560542,
  "Q_POIMV_MV0101": 0.11660819925407714,
  "I_POIMV_MV0101": 0.6359957675693085,
  "P_POIMV_MV0201": -0.45896255553071036,
  "Q_POIMV_MV0201": 0.0817544772054115,
  "I_POIMV_MV0201": 0.4674409317609627,
  "P_POI_POIMV": -1.082441597895537,
  "Q_POI_POIMV": 0.21365040584309028,
  "I_POI_POIMV": 1.1033251147198457
}