{
  "P_LV0101": 0.09420388680531877,
  "Q_LV0101": -0.013808387316740537,
  "U_LV0101": 0.9995271325713208,
  "I_LV0101_MV0101": 0.09525556709313761,
  "P_LV0102": 0.10158811475409836,
  "Q_LV0102": -0.013831967213114754,
  "U_LV0102": 0.9998475381442067,
  "I_LV0102_MV0102": 0.10254108593818165,
  "P_LV0103": 0.1101893287435456,
  "Q_LV0103": -0.014044750430292598,
  "U_LV0103": 1.0001079120559293,
  "I_LV0103_MV0103": 0.1110688100825216,
  "P_LV0201": 0.09842799188640973,
  "Q_LV0201": -0.013691683569979714,
  "U_LV0201": 0.9998366020685597,
  "I_LV0201_MV0201": 0.0993919506794778,
  "P_LV0202": 0.1,
  "Q_LV0202": -0.013657056145675266,
  "U_LV0202": 1.0000068422265935,
  "I_LV0202_MV0202": 0.10092757694062704,
  "P_LV0203": 0.0993984962406015,
  "Q_LV0203": -0.013533834586466165,
  "U_LV0203": 1.0000706783063424,
  "I_LV0203_MV0203": 0.10030854091651416,
  "P_POIMV_MV0101": -0.3050209571742666,
  "Q_POIMV_MV0101": 0.044898088700279046,
  "U_POIMV": 0.9988228891932245,
  "I_POIMV_MV0101": 0.308671015345561,
  "P_POIMV_MV0201": -0.2968600576774801,
  "Q_POIMV_MV0201": 0.043600897621602255,
  "I_POIMV_MV0201": 0.30039848580924705,
  "P_POI_POIMV": -0.6018810148516045,
  "Q_POI_POIMV": 0.0927633942172593,
  "U_POI": 1.0,
  "I_POI_POIMV": 0.6089875231443614
}