{
  "P_LV0101": 0.3767473576542789,
  "Q_LV0101": -0.04977838390726219,
  "P_LV0102": 0.26730310262529833,
  "Q_LV0102": -0.033071939993181046,
  "P_LV0103": 0.4261847937265598,
  "Q_LV0103": -0.04977838390726219,
  "P_LV0201": 0.2635526764405046,
  "Q_LV0201": -0.033071939993181046,
  "P_LV0202": 0.2669621547903171,
  "Q_LV0202": -0.033071939993181046,
  "P_LV0203": 0.2686668939652233,
  "Q_LV0203": -0.033071939993181046,
  "U_POI": 1.0,
  "P_POIMV_MV0101": -1.0581935761889676,
  "Q_POIMV_MV0101": 0.18779046378515507,
  "I_POIMV_MV0101": 1.0794998394420086,
  "P_POIMV_MV0201": -0.7922264292667324,
  "Q_POIMV_MV0201": 0.12840848257951637,
  "I_POIMV_MV0201": 0.8061294493913466,
  "P_POI_POIMV": -1.850420006054982,
  "Q_POI_POIMV": 0.3619276939720864,
  "I_POI_POIMV": 1.8854829234104644
}