{
  "P_LV0101": 0.9324923286737129,
  "Q_LV0101": -0.03068530514831231,
  "U_LV0101": 1.0044747338908153,
  "I_LV0101_MV0101": 0.9288407539197209,
  "P_LV0102": 0.6126832594613024,
  "Q_LV0102": -0.020115922263893624,
  "U_LV0102": 1.0028989325429234,
  "I_LV0102_MV0102": 0.6112414507766549,
  "P_LV0103": 0.8960109103307194,
  "Q_LV0103": -0.03068530514831231,
  "U_LV0103": 1.0056069544088782,
  "I_LV0103_MV0103": 0.8915373802228942,
  "P_LV0201": 0.6246164336856461,
  "Q_LV0201": -0.020115922263893624,
  "U_LV0201": 1.003181938162078,
  "I_LV0201_MV0201": 0.6229580547848138,
  "P_LV0202": 0.6239345380156835,
  "Q_LV0202": -0.020115922263893624,
  "U_LV0202": 1.0039632965976102,
  "I_LV0202_MV0202": 0.621794371340851,
  "P_LV0203": 0.6304125468803273,
  "Q_LV0203": -0.020456870098874872,
  "U_LV0203": 1.0044128867246236,
  "I_LV0203_MV0203": 0.6279731974048017,
  "P_POIMV_MV0101": -2.3805767032834537,
  "Q_POIMV_MV0101": 0.3651792092192953,
  "U_POIMV": 0.9907108093164997,
  "I_POIMV_MV0101": 2.4310050587756757,
  "P_POIMV_MV0201": -1.8414594126938653,
  "Q_POIMV_MV0201": 0.22492861570143208,
  "I_POIMV_MV0201": 1.8725401043356715,
  "P_POI_POIMV": -4.222036115977722,
  "Q_POI_POIMV": 0.8306403046102978,
  "U_POI": 1.0,
  "I_POI_POIMV": 4.302970169576281
}