{
  "P_LV0101": 0.1655779065802932,
  "Q_LV0101": -0.018656665530173883,
  "U_LV0101": 1.0000731046927902,
  "I_LV0101_MV0101": 0.16661349101184528,
  "P_LV0102": 0.17409836065573772,
  "Q_LV0102": -0.018442622950819672,
  "U_LV0102": 1.0005381039709977,
  "I_LV0102_MV0102": 0.17497831282496615,
  "P_LV0103": 0.18477108433734937,
  "Q_LV0103": -0.018836488812392426,
  "U_LV0103": 1.0008584567594856,
  "I_LV0103_MV0103": 0.18556944219288757,
  "P_LV0201": 0.1710547667342799,
  "Q_LV0201": -0.018255578093306288,
  "U_LV0201": 1.000588087381131,
  "I_LV0201_MV0201": 0.17192505197004618,
  "P_LV0202": 0.17317147192716237,
  "Q_LV0202": -0.018209408194233688,
  "U_LV0202": 1.0008651982626182,
  "I_LV0202_MV0202": 0.1739756986662024,
  "P_LV0203": 0.17269172932330826,
  "Q_LV0203": -0.018045112781954885,
  "U_LV0203": 1.0009858157938367,
  "I_LV0203_MV0203": 0.17346096502343392,
  "P_POIMV_MV0101": -0.5216578228526556,
  "Q_POIMV_MV0101": 0.06770012382708714,
  "U_POIMV": 0.9981758332539701,
  "I_POIMV_MV0101": 0.5269938244705465,
  "P_POIMV_MV0201": -0.5140334190835529,
  "Q_POIMV_MV0201": 0.06570764517592434,
  "I_POIMV_MV0201": 0.5191630669345707,
  "P_POI_POIMV": -1.0356912419404392,
  "Q_POI_POIMV": 0.1470925273797252,
  "U_POI": 1.0,
  "I_POI_POIMV": 1.0460843944171447
}