{
  "P_LV0101": 0.19290828503239002,
  "Q_LV0101": -0.01605864302761677,
  "U_LV0101": 1.0012449980193256,
  "I_LV0101_MV0101": 0.19333483016021774,
  "P_LV0102": 0.18396516393442622,
  "Q_LV0102": -0.015983606557377048,
  "U_LV0102": 1.0012697495825509,
  "I_LV0102_MV0102": 0.18442404495567455,
  "P_LV0103": 0.17370051635111874,
  "Q_LV0103": -0.01621342512908778,
  "U_LV0103": 1.0011004445294966,
  "I_LV0103_MV0103": 0.17426379843282133,
  "P_LV0201": 0.18727180527383366,
  "Q_LV0201": -0.015821501014198783,
  "U_LV0201": 1.0015033141839624,
  "I_LV0201_MV0201": 0.18765684285382078,
  "P_LV0202": 0.1857359635811836,
  "Q_LV0202": -0.015781487101669194,
  "U_LV0202": 1.00170956485263,
  "I_LV0202_MV0202": 0.18608708524485676,
  "P_LV0203": 0.18466165413533833,
  "Q_LV0203": -0.015789473684210527,
  "U_LV0203": 1.0018009906154721,
  "I_LV0203_MV0203": 0.18500227601989205,
  "P_POIMV_MV0101": -0.5475303689516335,
  "Q_POIMV_MV0101": 0.06126578827954758,
  "U_POIMV": 0.9983146694174132,
  "I_POIMV_MV0101": 0.5518774634512457,
  "P_POIMV_MV0201": -0.5543325271889319,
  "Q_POIMV_MV0201": 0.0605954003472865,
  "I_POIMV_MV0201": 0.558575990692438,
  "P_POI_POIMV": -1.1018628961470922,
  "Q_POI_POIMV": 0.137351450335721,
  "U_POI": 1.0,
  "I_POI_POIMV": 1.1103905902046287
}