{
  "P_LV0101": 0.2257074667575861,
  "Q_LV0101": -0.031026252983293555,
  "P_LV0102": 0.13160586430276167,
  "Q_LV0102": -0.020456870098874872,
  "P_LV0103": 0.16638254347084896,
  "Q_LV0103": -0.03136720081827481,
  "P_LV0201": 0.14081145584725538,
  "Q_LV0201": -0.02079781793385612,
  "P_LV0202": 0.13637913399249915,
  "Q_LV0202": -0.02079781793385612,
  "P_LV0203": 0.1374019774974429,
  "Q_LV0203": -0.02079781793385612,
  "U_POI": 1.0,
  "P_POIMV_MV0101": -0.5207770276877993,
  "Q_POIMV_MV0101": 0.09538897695770568,
  "I_POIMV_MV0101": 0.5306159194395655,
  "P_POIMV_MV0201": -0.41271070844817853,
  "Q_POIMV_MV0201": 0.06916716770433495,
  "I_POIMV_MV0201": 0.41939516758902184,
  "P_POI_POIMV": -0.9334877361391749,
  "Q_POI_POIMV": 0.17574123656874935,
  "I_POI_POIMV": 0.9498864857197175
}