{
  "P_LV0101": 0.478690760313672,
  "Q_LV0101": -0.05216501875213092,
  "P_LV0102": 0.33515172178656666,
  "Q_LV0102": -0.034776679168087285,
  "P_LV0103": 0.5264234572110467,
  "Q_LV0103": -0.05216501875213092,
  "P_LV0201": 0.3334469826116604,
  "Q_LV0201": -0.034776679168087285,
  "P_LV0202": 0.3354926696215479,
  "Q_LV0202": -0.034776679168087285,
  "P_LV0203": 0.33890214797136037,
  "Q_LV0203": -0.03443573133310603,
  "U_POI": 1.0,
  "P_POIMV_MV0101": -1.3215311908762957,
  "Q_POIMV_MV0101": 0.2256787914500998,
  "I_POIMV_MV0101": 1.347921090242672,
  "P_POIMV_MV0201": -0.996846601985991,
  "Q_POIMV_MV0201": 0.15104071520593745,
  "I_POIMV_MV0201": 1.013683206437807,
  "P_POI_POIMV": -2.3183777964028947,
  "Q_POI_POIMV": 0.4487673370031224,
  "I_POI_POIMV": 2.3614122320371798
}