{
  "P_LV0101": 0.012580975110808044,
  "Q_LV0101": -0.0036822366177974766,
  "U_LV0101": 0.9996066753517092,
  "I_LV0101_MV0101": 0.013113926085572354,
  "P_LV0102": 0.010758196721311475,
  "Q_LV0102": -0.0035348360655737703,
  "U_LV0102": 0.9995880749486822,
  "I_LV0102_MV0102": 0.011328705687822333,
  "P_LV0103": 0.009500860585197933,
  "Q_LV0103": -0.003614457831325301,
  "U_LV0103": 0.9995473649262763,
  "I_LV0103_MV0103": 0.010169771984210117,
  "P_LV0201": 0.011713995943204866,
  "Q_LV0201": -0.003651115618661257,
  "U_LV0201": 0.9996065451273998,
  "I_LV0201_MV0201": 0.01227464390636041,
  "P_LV0202": 0.011077389984825494,
  "Q_LV0202": -0.0036418816388467377,
  "U_LV0202": 0.9996025859280383,
  "I_LV0202_MV0202": 0.011665333621627534,
  "P_LV0203": 0.010827067669172932,
  "Q_LV0203": -0.0034586466165413532,
  "U_LV0203": 0.999627197630459,
  "I_LV0203_MV0203": 0.011370312514123584,
  "P_POIMV_MV0101": -0.03282802455926898,
  "Q_POIMV_MV0101": 0.009615417577989196,
  "U_POIMV": 0.9997612254911151,
  "I_POIMV_MV0101": 0.034215412446763495,
  "P_POIMV_MV0201": -0.033605175221316355,
  "Q_POIMV_MV0201": 0.009254981393411016,
  "I_POIMV_MV0201": 0.03486463672922607,
  "P_POI_POIMV": -0.06643319991256937,
  "Q_POI_POIMV": 0.01836662202798589,
  "U_POI": 1.0,
  "I_POI_POIMV": 0.06892534262042013
}