{
  "P_LV0101": 0.17613365155131264,
  "Q_LV0101": -0.01616092737811115,
  "U_LV0101": 1.0009013162812201,
  "I_LV0101_MV0101": 0.17671423526896207,
  "P_LV0102": 0.16721311475409836,
  "Q_LV0102": -0.015829918032786886,
  "U_LV0102": 1.0009364965305558,
  "I_LV0102_MV0102": 0.16780359807740433,
  "P_LV0103": 0.15624784853700516,
  "Q_LV0103": -0.01621342512908778,
  "U_LV0103": 1.000713410858106,
  "I_LV0103_MV0103": 0.15697482071061797,
  "P_LV0201": 0.17038539553752535,
  "Q_LV0201": -0.015669371196754562,
  "U_LV0201": 1.0011581363854907,
  "I_LV0201_MV0201": 0.1709064568061517,
  "P_LV0202": 0.1685887708649469,
  "Q_LV0202": -0.015629742033383916,
  "U_LV0202": 1.0013357716475837,
  "I_LV0202_MV0202": 0.16908587160607114,
  "P_LV0203": 0.1688721804511278,
  "Q_LV0203": -0.015488721804511277,
  "U_LV0203": 1.001470313090938,
  "I_LV0203_MV0203": 0.16933202381521717,
  "P_POIMV_MV0101": -0.49708225904622233,
  "Q_POIMV_MV0101": 0.05872534443751728,
  "U_POIMV": 0.9984062331477255,
  "I_POIMV_MV0101": 0.5013381638048564,
  "P_POIMV_MV0201": -0.505073473529408,
  "Q_POIMV_MV0201": 0.05749574012898099,
  "I_POIMV_MV0201": 0.5091469548863423,
  "P_POI_POIMV": -1.0021557325789805,
  "Q_POI_POIMV": 0.1289505278102081,
  "U_POI": 1.0,
  "I_POI_POIMV": 1.0104179090670575
}