{
  "P_LV0101": 0.39652233208319126,
  "Q_LV0101": -0.04943743607228094,
  "P_LV0102": 0.28094101602454824,
  "Q_LV0102": -0.032730992158199794,
  "P_LV0103": 0.44459597681554724,
  "Q_LV0103": -0.04943743607228094,
  "P_LV0201": 0.2748039549948858,
  "Q_LV0201": -0.033071939993181046,
  "P_LV0202": 0.27923627684964203,
  "Q_LV0202": -0.032730992158199794,
  "P_LV0203": 0.280600068189567,
  "Q_LV0203": -0.032730992158199794,
  "U_POI": 1.0,
  "P_POIMV_MV0101": -1.108866026591809,
  "Q_POIMV_MV0101": 0.19217229275379963,
  "I_POIMV_MV0101": 1.1305200338110672,
  "P_POIMV_MV0201": -0.8270682257653222,
  "Q_POIMV_MV0201": 0.13045130493443025,
  "I_POIMV_MV0201": 0.8411058667984502,
  "P_POI_POIMV": -1.9359342532066202,
  "Q_POI_POIMV": 0.37267121446721013,
  "I_POI_POIMV": 1.971477939727234
}