{
  "P_LV0101": 0.03682236617797477,
  "Q_LV0101": -0.010910330719399931,
  "P_LV0102": 0.029321513808387316,
  "Q_LV0102": -0.007500852369587453,
  "P_LV0103": 0.050119331742243436,
  "Q_LV0103": -0.010910330719399931,
  "P_LV0201": 0.027616774633481077,
  "Q_LV0201": -0.007500852369587453,
  "P_LV0202": 0.028639618138424822,
  "Q_LV0202": -0.007500852369587453,
  "P_LV0203": 0.028298670303443574,
  "Q_LV0203": -0.007500852369587453,
  "U_POI": 1.0,
  "P_POIMV_MV0101": -0.11611202942809307,
  "Q_POIMV_MV0101": 0.02875607139696422,
  "I_POIMV_MV0101": 0.11969748705413641,
  "P_POIMV_MV0201": -0.08447309546496028,
  "Q_POIMV_MV0201": 0.021310532345114746,
  "I_POIMV_MV0201": 0.08717622658899629,
  "P_POI_POIMV": -0.20058513549392243,
  "Q_POI_POIMV": 0.05005795545348704,
  "I_POI_POIMV": 0.20673702011323108
}