{
  "P_LV0101": 0.9952267303102625,
  "Q_LV0101": -0.016706443914081145,
  "P_LV0102": 0.6634844868735084,
  "Q_LV0102": -0.010910330719399931,
  "P_LV0103": 0.9856801909307876,
  "Q_LV0103": -0.016706443914081145,
  "P_LV0201": 0.6696215479031709,
  "Q_LV0201": -0.010910330719399931,
  "P_LV0202": 0.669962495738152,
  "Q_LV0202": -0.010910330719399931,
  "P_LV0203": 0.6774633481077396,
  "Q_LV0203": -0.010910330719399931,
  "U_POI": 1.0,
  "P_POIMV_MV0101": -2.5736268858601914,
  "Q_POIMV_MV0101": 0.37553706386866825,
  "I_POIMV_MV0101": 2.6261705690392687,
  "P_POIMV_MV0201": -1.974018002004334,
  "Q_POIMV_MV0201": 0.22138545185537234,
  "I_POIMV_MV0201": 2.0057077678658928,
  "P_POI_POIMV": -4.547644887864881,
  "Q_POI_POIMV": 0.8756358443411526,
  "I_POI_POIMV": 4.6311782688662095
}