{
  "P_LV0101": 0.22979884077736107,
  "Q_LV0101": -0.03852710535288101,
  "P_LV0102": 0.16979202182066144,
  "Q_LV0102": -0.02557108762359359,
  "P_LV0103": 0.277872485509717,
  "Q_LV0103": -0.03852710535288101,
  "P_LV0201": 0.1660415956358677,
  "Q_LV0201": -0.02557108762359359,
  "P_LV0202": 0.16706443914081145,
  "Q_LV0202": -0.02557108762359359,
  "P_LV0203": 0.1687691783157177,
  "Q_LV0203": -0.02557108762359359,
  "U_POI": 1.0,
  "P_POIMV_MV0101": -0.6725766170999876,
  "Q_POIMV_MV0101": 0.12422834118957911,
  "I_POIMV_MV0101": 0.6859238714315163,
  "P_POIMV_MV0201": -0.4991105860163539,
  "Q_POIMV_MV0201": 0.08738348780631186,
  "I_POIMV_MV0201": 0.5081622853350689,
  "P_POI_POIMV": -1.1716872031323484,
  "Q_POI_POIMV": 0.22961130938944208,
  "I_POI_POIMV": 1.1939733059761595
}