{
  "P_LV0101": 0.1436072280941016,
  "Q_LV0101": -0.015649505625639274,
  "U_LV0101": 1.0002589064355538,
  "I_LV0101_MV0101": 0.1444200176317633,
  "P_LV0102": 0.15107581967213113,
  "Q_LV0102": -0.01567622950819672,
  "U_LV0102": 1.0006384279485017,
  "I_LV0102_MV0102": 0.1517900491820484,
  "P_LV0103": 0.15944922547332185,
  "Q_LV0103": -0.015800344234079174,
  "U_LV0103": 1.0009292688848948,
  "I_LV0103_MV0103": 0.16008140821942404,
  "P_LV0201": 0.14878296146044623,
  "Q_LV0201": -0.015517241379310343,
  "U_LV0201": 1.0006890219353946,
  "I_LV0201_MV0201": 0.14948695442072438,
  "P_LV0202": 0.14931714719271624,
  "Q_LV0202": -0.015477996965098634,
  "U_LV0202": 1.0008980138440775,
  "I_LV0202_MV0202": 0.14998253059783484,
  "P_LV0203": 0.14947368421052631,
  "Q_LV0203": -0.01518796992481203,
  "U_LV0203": 1.0010374420209316,
  "I_LV0203_MV0203": 0.1500876177813768,
  "P_POIMV_MV0101": -0.45204292346547503,
  "Q_POIMV_MV0101": 0.05561892653928449,
  "U_POIMV": 0.9985070296242196,
  "I_POIMV_MV0101": 0.4561327130601626,
  "P_POIMV_MV0201": -0.44541288514992877,
  "Q_POIMV_MV0201": 0.054182545985143264,
  "I_POIMV_MV0201": 0.44936721078072894,
  "P_POI_POIMV": -0.8974558086163323,
  "Q_POI_POIMV": 0.11991180992729714,
  "U_POI": 1.0,
  "I_POI_POIMV": 0.9054312622056051
}