{
  "P_LV0101": 0.12205932492328674,
  "Q_LV0101": -0.02557108762359359,
  "P_LV0102": 0.09376065461984316,
  "Q_LV0102": -0.017388339584043642,
  "P_LV0103": 0.16126832594613025,
  "Q_LV0103": -0.02557108762359359,
  "P_LV0201": 0.0896692806000682,
  "Q_LV0201": -0.017047391749062394,
  "P_LV0202": 0.09137401977497443,
  "Q_LV0202": -0.017047391749062394,
  "P_LV0203": 0.09205591544493692,
  "Q_LV0203": -0.017047391749062394,
  "U_POI": 1.0,
  "P_POIMV_MV0101": -0.37554327147964545,
  "Q_POIMV_MV0101": 0.07448234249315747,
  "I_POIMV_MV0101": 0.3835079467204018,
  "P_POIMV_MV0201": -0.27227133767967676,
  "Q_POIMV_MV0201": 0.053249059096292184,
  "I_POIMV_MV0201": 0.2779003848360657,
  "P_POI_POIMV": -0.647814609159828,
  "Q_POI_POIMV": 0.13286163072710142,
  "I_POI_POIMV": 0.6612987076657307
}