{
  "P_LV0101": 0.0726218888510058,
  "Q_LV0101": -0.013637913399249914,
  "P_LV0102": 0.039890896692806,
  "Q_LV0102": -0.008864643709512444,
  "P_LV0103": 0.04977838390726219,
  "Q_LV0103": -0.013637913399249914,
  "P_LV0201": 0.043641322877599725,
  "Q_LV0201": -0.00954653937947494,
  "P_LV0202": 0.04159563586771224,
  "Q_LV0202": -0.00954653937947494,
  "P_LV0203": 0.04125468803273099,
  "Q_LV0203": -0.008864643709512444,
  "U_POI": 1.0,
  "P_POIMV_MV0101": -0.16200120805304657,
  "Q_POIMV_MV0101": 0.03624336638892769,
  "I_POIMV_MV0101": 0.16614325068059071,
  "P_POIMV_MV0201": -0.1263121600500869,
  "Q_POIMV_MV0201": 0.027198321762163087,
  "I_POIMV_MV0201": 0.12931410927741094,
  "P_POI_POIMV": -0.2883134101019515,
  "Q_POI_POIMV": 0.06401246431458975,
  "I_POI_POIMV": 0.2953340786841957
}