{
  "P_LV0101": 0.28500511421752467,
  "Q_LV0101": -0.0159563586771224,
  "U_LV0101": 1.0028693713723382,
  "I_LV0101_MV0101": 0.2846347101595429,
  "P_LV0102": 0.2773770491803279,
  "Q_LV0102": -0.016045081967213114,
  "U_LV0102": 1.0030396542892432,
  "I_LV0102_MV0102": 0.2769987510411962,
  "P_LV0103": 0.2669328743545611,
  "Q_LV0103": -0.016110154905335627,
  "U_LV0103": 1.0029698288807305,
  "I_LV0103_MV0103": 0.2666267434049657,
  "P_LV0201": 0.2802231237322515,
  "Q_LV0201": -0.01588235294117647,
  "U_LV0201": 1.0033176265620711,
  "I_LV0201_MV0201": 0.27974476043823765,
  "P_LV0202": 0.27823975720789074,
  "Q_LV0202": -0.01584218512898331,
  "U_LV0202": 1.003639224681745,
  "I_LV0202_MV0202": 0.2776798575139485,
  "P_LV0203": 0.27897744360902255,
  "Q_LV0203": -0.01569924812030075,
  "U_LV0203": 1.0038556501719869,
  "I_LV0203_MV0203": 0.27834562286300135,
  "P_POIMV_MV0101": -0.8224639352540923,
  "Q_POIMV_MV0101": 0.07896022374164968,
  "U_POIMV": 0.997714781467122,
  "I_POIMV_MV0101": 0.8281379856261266,
  "P_POIMV_MV0201": -0.8299728914393047,
  "Q_POIMV_MV0201": 0.07888702331563838,
  "I_POIMV_MV0201": 0.8356230590448657,
  "P_POI_POIMV": -1.6524368268585128,
  "Q_POI_POIMV": 0.19332457452884122,
  "U_POI": 1.0,
  "I_POI_POIMV": 1.6637072632752998
}