{
  "P_LV0101": 0.9829526082509376,
  "Q_LV0101": -0.018070235254006136,
  "P_LV0102": 0.6570064780088647,
  "Q_LV0102": -0.012274122059324924,
  "P_LV0103": 0.9839754517558813,
  "Q_LV0103": -0.018411183088987385,
  "P_LV0201": 0.6631435390385271,
  "Q_LV0201": -0.012274122059324924,
  "P_LV0202": 0.6682577565632458,
  "Q_LV0202": -0.012274122059324924,
  "P_LV0203": 0.6743948175929083,
  "Q_LV0203": -0.012274122059324924,
  "U_POI": 1.0,
  "P_POIMV_MV0101": -2.5541767218601614,
  "Q_POIMV_MV0101": 0.3751729587950271,
  "I_POIMV_MV0101": 2.606682467034725,
  "P_POIMV_MV0201": -1.9632141470236444,
  "Q_POIMV_MV0201": 0.22347840161558225,
  "I_POIMV_MV0201": 1.995103041945589,
  "P_POI_POIMV": -4.517390868883982,
  "Q_POI_POIMV": 0.873750735427,
  "I_POI_POIMV": 4.601115148519498
}