{
  "P_LV0101": 0.6048414592567337,
  "Q_LV0101": -0.053528810092055915,
  "P_LV0102": 0.3839072621888851,
  "Q_LV0102": -0.03511762700306853,
  "P_LV0103": 0.5349471530855779,
  "Q_LV0103": -0.053528810092055915,
  "P_LV0201": 0.39481759290828505,
  "Q_LV0201": -0.03511762700306853,
  "P_LV0202": 0.3914081145584726,
  "Q_LV0202": -0.035458574838049775,
  "P_LV0203": 0.39481759290828505,
  "Q_LV0203": -0.035458574838049775,
  "U_POI": 1.0,
  "P_POIMV_MV0101": -1.4996729389310486,
  "Q_POIMV_MV0101": 0.25405930480944605,
  "I_POIMV_MV0101": 1.5304861281781352,
  "P_POIMV_MV0201": -1.1660044807291825,
  "Q_POIMV_MV0201": 0.17097995340173838,
  "I_POIMV_MV0201": 1.1857919193623914,
  "P_POI_POIMV": -2.665677430225276,
  "Q_POI_POIMV": 0.5205322829769862,
  "I_POI_POIMV": 2.716024672132723
}