{
  "P_LV0101": 0.5946130242072963,
  "Q_LV0101": -0.05080122741220593,
  "U_LV0101": 0.9999814223443275,
  "I_LV0101_MV0101": 0.5967902843843816,
  "P_LV0102": 0.40981929764745995,
  "Q_LV0102": -0.033753835663143536,
  "U_LV0102": 0.9997308916826392,
  "I_LV0102_MV0102": 0.41131766536397196,
  "P_LV0103": 0.6351858165700648,
  "Q_LV0103": -0.05114217524718718,
  "U_LV0103": 1.0015958011907362,
  "I_LV0103_MV0103": 0.6362260622270954,
  "P_LV0201": 0.4101602454824412,
  "Q_LV0201": -0.033753835663143536,
  "U_LV0201": 0.9997576702818534,
  "I_LV0201_MV0201": 0.4116465287722959,
  "P_LV0202": 0.41356972383225366,
  "Q_LV0202": -0.03409478349812479,
  "U_LV0202": 1.0002962311372503,
  "I_LV0202_MV0202": 0.4148498427328082,
  "P_LV0203": 0.41732015001704736,
  "Q_LV0203": -0.033753835663143536,
  "U_LV0203": 1.0006781191499514,
  "I_LV0203_MV0203": 0.4183992443861442,
  "P_POIMV_MV0101": -1.6117924348675068,
  "Q_POIMV_MV0101": 0.2649681336623999,
  "U_POIMV": 0.99357250170221,
  "I_POIMV_MV0101": 1.643993520863902,
  "P_POIMV_MV0201": -1.224473820612626,
  "Q_POIMV_MV0201": 0.17332009231743026,
  "I_POIMV_MV0201": 1.244679597577619,
  "P_POI_POIMV": -2.8362662728377144,
  "Q_POI_POIMV": 0.5463613266094136,
  "U_POI": 1.0,
  "I_POI_POIMV": 2.888410820789027
}