{
  "P_LV0101": 0.7742925332424139,
  "Q_LV0101": -0.045346062052505964,
  "P_LV0102": 0.5008523695874532,
  "Q_LV0102": -0.03034435731333106,
  "P_LV0103": 0.715308557790658,
  "Q_LV0103": -0.045346062052505964,
  "P_LV0201": 0.5121036481418343,
  "Q_LV0201": -0.03034435731333106,
  "P_LV0202": 0.5093760654619843,
  "Q_LV0202": -0.03034435731333106,
  "P_LV0203": 0.5141493351517218,
  "Q_LV0203": -0.03034435731333106,
  "U_POI": 1.0,
  "P_POIMV_MV0101": -1.9498644698627154,
  "Q_POIMV_MV0101": 0.3107610407446642,
  "I_POIMV_MV0101": 1.989873584642876,
  "P_POIMV_MV0201": -1.5104088063070096,
  "Q_POIMV_MV0201": 0.20098437761335827,
  "I_POIMV_MV0201": 1.5356069953356173,
  "P_POI_POIMV": -3.4602733591939008,
  "Q_POI_POIMV": 0.6729905310995407,
  "I_POI_POIMV": 3.525111058576266
}