{
  "P_LV0101": 0.5871121718377088,
  "Q_LV0101": -0.05386975792703717,
  "P_LV0102": 0.3709512444595977,
  "Q_LV0102": -0.03511762700306853,
  "P_LV0103": 0.515854074326628,
  "Q_LV0103": -0.053528810092055915,
  "P_LV0201": 0.3818615751789976,
  "Q_LV0201": -0.03511762700306853,
  "P_LV0202": 0.37879304466416636,
  "Q_LV0202": -0.03511762700306853,
  "P_LV0203": 0.38288441868394135,
  "Q_LV0203": -0.03511762700306853,
  "U_POI": 1.0,
  "P_POIMV_MV0101": -1.4514095914339376,
  "Q_POIMV_MV0101": 0.24728239371475302,
  "I_POIMV_MV0101": 1.481182037951328,
  "P_POIMV_MV0201": -1.1294313204400792,
  "Q_POIMV_MV0201": 0.16617860303654383,
  "I_POIMV_MV0201": 1.1484593025039769,
  "P_POI_POIMV": -2.5808409200475046,
  "Q_POI_POIMV": 0.502923621171823,
  "I_POI_POIMV": 2.629386244606188
}