{
  "P_LV0101": 0.026143879986362084,
  "Q_LV0101": -0.004909648823729969,
  "U_LV0101": 0.9997088067871154,
  "I_LV0101_MV0101": 0.02660863345627064,
  "P_LV0102": 0.021577868852459017,
  "Q_LV0102": -0.004795081967213115,
  "U_LV0102": 0.9996234358120444,
  "I_LV0102_MV0102": 0.022112562176696982,
  "P_LV0103": 0.018092943201376936,
  "Q_LV0103": -0.00495697074010327,
  "U_LV0103": 0.9995158499761019,
  "I_LV0103_MV0103": 0.018768781510876596,
  "P_LV0201": 0.023367139959432046,
  "Q_LV0201": -0.00511156186612576,
  "U_LV0201": 0.9996460971782383,
  "I_LV0201_MV0201": 0.023928152160558255,
  "P_LV0202": 0.022215477996965098,
  "Q_LV0202": -0.005098634294385432,
  "U_LV0202": 0.9996428306100253,
  "I_LV0202_MV0202": 0.02280120249581246,
  "P_LV0203": 0.02183458646616541,
  "Q_LV0203": -0.00469172932330827,
  "U_LV0203": 0.9997020917780537,
  "I_LV0203_MV0203": 0.02233962358645609,
  "P_POIMV_MV0101": -0.06576868640988003,
  "Q_POIMV_MV0101": 0.01360638629097272,
  "U_POIMV": 0.9996518525652145,
  "I_POIMV_MV0101": 0.06718479177646278,
  "P_POIMV_MV0201": -0.06736629818830091,
  "Q_POIMV_MV0201": 0.013572100920425842,
  "I_POIMV_MV0201": 0.06874379950082005,
  "P_POI_POIMV": -0.1331349863386076,
  "Q_POI_POIMV": 0.026853159911797382,
  "U_POI": 1.0,
  "I_POI_POIMV": 0.13581611386219897
}