{
  "P_LV0101": 0.9413569723832254,
  "Q_LV0101": -0.023184452778724857,
  "P_LV0102": 0.6324582338902148,
  "Q_LV0102": -0.015342652574156155,
  "P_LV0103": 0.9505625639277191,
  "Q_LV0103": -0.023184452778724857,
  "P_LV0201": 0.6355267644050461,
  "Q_LV0201": -0.015342652574156155,
  "P_LV0202": 0.639618138424821,
  "Q_LV0202": -0.015342652574156155,
  "P_LV0203": 0.6457551994544835,
  "Q_LV0203": -0.015342652574156155,
  "U_POI": 1.0,
  "P_POIMV_MV0101": -2.4597010291356516,
  "Q_POIMV_MV0101": 0.3642021472819785,
  "I_POIMV_MV0101": 2.50977058116154,
  "P_POIMV_MV0201": -1.8817916246598714,
  "Q_POIMV_MV0201": 0.21733542470129733,
  "I_POIMV_MV0201": 1.9120148951282696,
  "P_POI_POIMV": -4.341492653795529,
  "Q_POI_POIMV": 0.8354952654586297,
  "I_POI_POIMV": 4.421154917164104
}