{
  "P_LV0101": 0.35619502216160925,
  "Q_LV0101": -0.0060143198090692115,
  "U_LV0101": 1.0059521701143395,
  "I_LV0101_MV0101": 0.3541379051992644,
  "P_LV0102": 0.3559426229508197,
  "Q_LV0102": -0.005901639344262295,
  "U_LV0102": 1.0064312095842922,
  "I_LV0102_MV0102": 0.35371671886218664,
  "P_LV0103": 0.3572736660929432,
  "Q_LV0103": -0.006072289156626506,
  "U_LV0103": 1.0066696938064283,
  "I_LV0103_MV0103": 0.3549578054943286,
  "P_LV0201": 0.3563488843813387,
  "Q_LV0201": -0.005841784989858012,
  "U_LV0201": 1.0066823753568002,
  "I_LV0201_MV0201": 0.35403099677024874,
  "P_LV0202": 0.3561760242792109,
  "Q_LV0202": -0.00582701062215478,
  "U_LV0202": 1.0071497546007124,
  "I_LV0202_MV0202": 0.35369485453872584,
  "P_LV0203": 0.35765413533834584,
  "Q_LV0203": -0.005774436090225564,
  "U_LV0203": 1.0074223818665464,
  "I_LV0203_MV0203": 0.3550653171216027,
  "P_POIMV_MV0101": -1.058120730642361,
  "Q_POIMV_MV0101": 0.06957671187727554,
  "U_POIMV": 0.9978140031400254,
  "I_POIMV_MV0101": 1.062728893155785,
  "P_POIMV_MV0201": -1.058101466919712,
  "Q_POIMV_MV0201": 0.06927860985429009,
  "I_POIMV_MV0201": 1.062690067986346,
  "P_POI_POIMV": -2.1162221987058003,
  "Q_POI_POIMV": 0.19711023341188239,
  "U_POI": 1.0,
  "I_POI_POIMV": 2.125382045282894
}