{
  "P_LV0101": 0.2768837367882714,
  "Q_LV0101": -0.007262188885100579,
  "U_LV0101": 1.004575320138741,
  "I_LV0101_MV0101": 0.27571746219535986,
  "P_LV0102": 0.28048155737704916,
  "Q_LV0102": -0.0072233606557377044,
  "U_LV0102": 1.0050324768531262,
  "I_LV0102_MV0102": 0.27916964036217573,
  "P_LV0103": 0.2836833046471601,
  "Q_LV0103": -0.007435456110154905,
  "U_LV0103": 1.0052607744532156,
  "I_LV0103_MV0103": 0.2822956374423155,
  "P_LV0201": 0.27885395537525354,
  "Q_LV0201": -0.007150101419878295,
  "U_LV0201": 1.005187599118889,
  "I_LV0201_MV0201": 0.27750601832367494,
  "P_LV0202": 0.2801213960546282,
  "Q_LV0202": -0.007132018209408194,
  "U_LV0202": 1.0055877890683558,
  "I_LV0202_MV0202": 0.2786551076195806,
  "P_LV0203": 0.2803007518796993,
  "Q_LV0203": -0.007067669172932331,
  "U_LV0203": 1.0057854851870072,
  "I_LV0203_MV0203": 0.27877698184640476,
  "P_POIMV_MV0101": -0.8340388762336527,
  "Q_POIMV_MV0101": 0.05345303464243172,
  "U_POIMV": 0.9983862819035941,
  "I_POIMV_MV0101": 0.837100851661871,
  "P_POIMV_MV0201": -0.8318216628072567,
  "Q_POIMV_MV0201": 0.052746262606826765,
  "I_POIMV_MV0201": 0.8348395152947516,
  "P_POI_POIMV": -1.665860539209207,
  "Q_POI_POIMV": 0.14203188879330664,
  "U_POI": 1.0,
  "I_POI_POIMV": 1.6719044211702365
}