{
  "P_LV0101": 0.3356972383225366,
  "Q_LV0101": -0.01104670985339243,
  "U_LV0101": 1.0046353364929361,
  "I_LV0101_MV0101": 0.3343292165059932,
  "P_LV0102": 0.3314139344262295,
  "Q_LV0102": -0.010881147540983608,
  "U_LV0102": 1.0049965217593024,
  "I_LV0102_MV0102": 0.32994394190885035,
  "P_LV0103": 0.3256729776247848,
  "Q_LV0103": -0.011153184165232357,
  "U_LV0103": 1.0050494656717226,
  "I_LV0103_MV0103": 0.32422672915460743,
  "P_LV0201": 0.3344421906693712,
  "Q_LV0201": -0.010770791075050709,
  "U_LV0201": 1.0053027320644772,
  "I_LV0201_MV0201": 0.33285056636601085,
  "P_LV0202": 0.33323216995447646,
  "Q_LV0202": -0.010743550834597874,
  "U_LV0202": 1.0057157790389817,
  "I_LV0202_MV0202": 0.33151047281997587,
  "P_LV0203": 0.33365413533834587,
  "Q_LV0203": -0.010827067669172932,
  "U_LV0203": 1.0059305523704527,
  "I_LV0203_MV0203": 0.3318616354136961,
  "P_POIMV_MV0101": -0.9830231169932883,
  "Q_POIMV_MV0101": 0.077538875849011,
  "U_POIMV": 0.9976494236296057,
  "I_POIMV_MV0101": 0.9883997390760354,
  "P_POIMV_MV0201": -0.9907179430718295,
  "Q_POIMV_MV0201": 0.07769799592956808,
  "I_POIMV_MV0201": 0.9961014546525659,
  "P_POI_POIMV": -1.9737410607310555,
  "Q_POI_POIMV": 0.20595056994506494,
  "U_POI": 1.0,
  "I_POI_POIMV": 1.9844569564685572
}