{
  "P_LV0101": 0.18615751789976134,
  "Q_LV0101": -0.026934878963518583,
  "U_LV0101": 0.9993776826961385,
  "I_LV0101_MV0101": 0.18821313881785692,
  "P_LV0102": 0.10433003750426184,
  "Q_LV0102": -0.017729287419024888,
  "U_LV0102": 0.9987669803891611,
  "I_LV0102_MV0102": 0.10595637263778446,
  "P_LV0103": 0.13228775997272418,
  "Q_LV0103": -0.02727582679849983,
  "U_LV0103": 0.9982237396461418,
  "I_LV0103_MV0103": 0.13531078126940374,
  "P_LV0201": 0.11421752471871803,
  "Q_LV0201": -0.017729287419024888,
  "U_LV0201": 0.9990596981426687,
  "I_LV0201_MV0201": 0.11569412637380913,
  "P_LV0202": 0.10978520286396182,
  "Q_LV0202": -0.017729287419024888,
  "U_LV0202": 0.9990821140685664,
  "I_LV0202_MV0202": 0.11130971613015778,
  "P_LV0203": 0.11114899420388681,
  "Q_LV0203": -0.017729287419024888,
  "U_LV0203": 0.9991852556585178,
  "I_LV0203_MV0203": 0.11264588256237427,
  "P_POIMV_MV0101": -0.42085342073474535,
  "Q_POIMV_MV0101": 0.07977247451156323,
  "U_POIMV": 0.9981735671180622,
  "I_POIMV_MV0101": 0.4291308920267862,
  "P_POIMV_MV0201": -0.33391906758188117,
  "Q_POIMV_MV0201": 0.05708947668075798,
  "I_POIMV_MV0201": 0.3393840161371563,
  "P_POI_POIMV": -0.7547724883170569,
  "Q_POI_POIMV": 0.14398578576253804,
  "U_POI": 1.0,
  "I_POI_POIMV": 0.7683836383096516
}