{
  "P_LV0101": 0.7013296965564269,
  "Q_LV0101": -0.045346062052505964,
  "P_LV0102": 0.47903170814865326,
  "Q_LV0102": -0.03034435731333106,
  "P_LV0103": 0.7326968973747017,
  "Q_LV0103": -0.045346062052505964,
  "P_LV0201": 0.4780088646437095,
  "Q_LV0201": -0.03034435731333106,
  "P_LV0202": 0.4780088646437095,
  "Q_LV0202": -0.03034435731333106,
  "P_LV0203": 0.4834640300034095,
  "Q_LV0203": -0.03034435731333106,
  "U_POI": 1.0,
  "P_POIMV_MV0101": -1.8754480922330634,
  "Q_POIMV_MV0101": 0.2962835996270561,
  "I_POIMV_MV0101": 1.9126156137404895,
  "P_POIMV_MV0201": -1.4172960991650925,
  "Q_POIMV_MV0201": 0.18755494359138591,
  "I_POIMV_MV0201": 1.4401244799778552,
  "P_POI_POIMV": -3.2927442478048015,
  "Q_POI_POIMV": 0.629616609758286,
  "I_POI_POIMV": 3.3523994029254816
}