{
  "P_LV0101": 0.24572792362768495,
  "Q_LV0101": -0.0159563586771224,
  "U_LV0101": 1.0021492698246144,
  "I_LV0101_MV0101": 0.24571732941714877,
  "P_LV0102": 0.2545081967213115,
  "Q_LV0102": -0.016045081967213114,
  "U_LV0102": 1.0026703660518024,
  "I_LV0102_MV0102": 0.2543342983903121,
  "P_LV0103": 0.262223752151463,
  "Q_LV0103": -0.016110154905335627,
  "U_LV0103": 1.003004847760083,
  "I_LV0103_MV0103": 0.2619311001406983,
  "P_LV0201": 0.25083164300202837,
  "Q_LV0201": -0.01588235294117647,
  "U_LV0201": 1.0027610148503852,
  "I_LV0201_MV0201": 0.2506419394899647,
  "P_LV0202": 0.2516540212443095,
  "Q_LV0202": -0.01584218512898331,
  "U_LV0202": 1.0031107955324539,
  "I_LV0202_MV0202": 0.2513702173852373,
  "P_LV0203": 0.25245112781954887,
  "Q_LV0203": -0.01569924812030075,
  "U_LV0203": 1.0033117394538031,
  "I_LV0203_MV0203": 0.25210390109546865,
  "P_POIMV_MV0101": -0.7566442320017618,
  "Q_POIMV_MV0101": 0.07403619966910269,
  "U_POIMV": 0.997899064443396,
  "I_POIMV_MV0101": 0.7618583694465446,
  "P_POIMV_MV0201": -0.7488556884887946,
  "Q_POIMV_MV0201": 0.07275164279817595,
  "I_POIMV_MV0201": 0.7539653479739976,
  "P_POI_POIMV": -1.5054999205692619,
  "Q_POI_POIMV": 0.17614039912803936,
  "U_POI": 1.0,
  "I_POI_POIMV": 1.5157689306220254
}