{
  "P_LV0101": 0.09989771564950563,
  "Q_LV0101": -0.016706443914081145,
  "P_LV0102": 0.055233549266962154,
  "Q_LV0102": -0.01125127855438118,
  "P_LV0103": 0.06716672349130583,
  "Q_LV0103": -0.017388339584043642,
  "P_LV0201": 0.060006818956699626,
  "Q_LV0201": -0.010910330719399931,
  "P_LV0202": 0.05693828844186839,
  "Q_LV0202": -0.010910330719399931,
  "P_LV0203": 0.057279236276849645,
  "Q_LV0203": -0.01125127855438118,
  "U_POI": 1.0,
  "P_POIMV_MV0101": -0.22175782642835024,
  "Q_POIMV_MV0101": 0.04663627827072077,
  "I_POIMV_MV0101": 0.22684547852259382,
  "P_POIMV_MV0201": -0.1738879176475948,
  "Q_POIMV_MV0201": 0.03300752509472666,
  "I_POIMV_MV0201": 0.1771779332314083,
  "P_POI_POIMV": -0.3956457440754206,
  "Q_POI_POIMV": 0.08120316115098114,
  "I_POI_POIMV": 0.4038929414905704
}