{
  "P_LV0101": 0.5946130242072963,
  "Q_LV0101": -0.05080122741220593,
  "P_LV0102": 0.40981929764745995,
  "Q_LV0102": -0.033753835663143536,
  "P_LV0103": 0.6351858165700648,
  "Q_LV0103": -0.05114217524718718,
  "P_LV0201": 0.4101602454824412,
  "Q_LV0201": -0.033753835663143536,
  "P_LV0202": 0.41356972383225366,
  "Q_LV0202": -0.03409478349812479,
  "P_LV0203": 0.41732015001704736,
  "Q_LV0203": -0.033753835663143536,
  "U_POI": 1.0,
  "P_POIMV_MV0101": -1.6117924348675068,
  "Q_POIMV_MV0101": 0.2649681336623999,
  "I_POIMV_MV0101": 1.643993520863902,
  "P_POIMV_MV0201": -1.224473820612626,
  "Q_POIMV_MV0201": 0.17332009231743026,
  "I_POIMV_MV0201": 1.244679597577619,
  "P_POI_POIMV": -2.8362662728377144,
  "Q_POI_POIMV": 0.5463613266094136,
  "I_POI_POIMV": 2.888410820789027
}