{
  "P_LV0101": 0.3412205932492328,
  "Q_LV0101": -0.008469144220934196,
  "U_LV0101": 1.0052049441926194,
  "I_LV0101_MV0101": 0.3395582978264831,
  "P_LV0102": 0.34506147540983606,
  "Q_LV0102": -0.00848360655737705,
  "U_LV0102": 1.0057367314442518,
  "I_LV0102_MV0102": 0.34319691923195544,
  "P_LV0103": 0.3477314974182444,
  "Q_LV0103": -0.008550774526678141,
  "U_LV0103": 1.0060105836435067,
  "I_LV0103_MV0103": 0.3457584042857658,
  "P_LV0201": 0.3437525354969574,
  "Q_LV0201": -0.008397565922920892,
  "U_LV0201": 1.0059438183058491,
  "I_LV0201_MV0201": 0.3418233568589189,
  "P_LV0202": 0.3445220030349013,
  "Q_LV0202": -0.008376327769347497,
  "U_LV0202": 1.0064141467383823,
  "I_LV0202_MV0202": 0.3424274346783649,
  "P_LV0203": 0.3450225563909774,
  "Q_LV0203": -0.008300751879699248,
  "U_LV0203": 1.0066608326362227,
  "I_LV0203_MV0203": 0.3428388023187716,
  "P_POIMV_MV0101": -1.0234353539275565,
  "Q_POIMV_MV0101": 0.07374103315804297,
  "U_POIMV": 0.9977309572190055,
  "I_POIMV_MV0101": 1.028422059870622,
  "P_POIMV_MV0201": -1.0220172062959376,
  "Q_POIMV_MV0201": 0.07338379360276659,
  "I_POIMV_MV0201": 1.0269786621823442,
  "P_POI_POIMV": -2.045452561101512,
  "Q_POI_POIMV": 0.20156807447676064,
  "U_POI": 1.0,
  "I_POI_POIMV": 2.0553602770232287
}