{
  "P_LV0101": 0.03682236617797477,
  "Q_LV0101": -0.010910330719399931,
  "U_LV0101": 0.9988775781025383,
  "I_LV0101_MV0101": 0.03844786382484791,
  "P_LV0102": 0.029321513808387316,
  "Q_LV0102": -0.007500852369587453,
  "U_LV0102": 0.999195477357382,
  "I_LV0102_MV0102": 0.030290089569367736,
  "P_LV0103": 0.050119331742243436,
  "Q_LV0103": -0.010910330719399931,
  "U_LV0103": 0.9993122197392297,
  "I_LV0103_MV0103": 0.051328404616158244,
  "P_LV0201": 0.027616774633481077,
  "Q_LV0201": -0.007500852369587453,
  "U_LV0201": 0.9991418319478604,
  "I_LV0201_MV0201": 0.028641863074588166,
  "P_LV0202": 0.028639618138424822,
  "Q_LV0202": -0.007500852369587453,
  "U_LV0202": 0.999202582402168,
  "I_LV0202_MV0202": 0.029629207432327654,
  "P_LV0203": 0.028298670303443574,
  "Q_LV0203": -0.007500852369587453,
  "U_LV0203": 0.99920956068239,
  "I_LV0203_MV0203": 0.02929904372480478,
  "P_POIMV_MV0101": -0.11611202942809307,
  "Q_POIMV_MV0101": 0.02875607139696422,
  "U_POIMV": 0.9993516166358025,
  "I_POIMV_MV0101": 0.11969748705413641,
  "P_POIMV_MV0201": -0.08447309546496028,
  "Q_POIMV_MV0201": 0.021310532345114746,
  "I_POIMV_MV0201": 0.08717622658899629,
  "P_POI_POIMV": -0.20058513549392243,
  "Q_POI_POIMV": 0.05005795545348704,
  "U_POI": 1.0,
  "I_POI_POIMV": 0.20673702011323108
}