{
  "P_LV0101": 0.39822707125809753,
  "Q_LV0101": -0.045687009887487216,
  "P_LV0102": 0.24411864984657347,
  "Q_LV0102": -0.03034435731333106,
  "P_LV0103": 0.3249232867371292,
  "Q_LV0103": -0.045346062052505964,
  "P_LV0201": 0.2553699284009546,
  "Q_LV0201": -0.03034435731333106,
  "P_LV0202": 0.25025571087623594,
  "Q_LV0202": -0.03034435731333106,
  "P_LV0203": 0.25264234572110467,
  "Q_LV0203": -0.03034435731333106,
  "U_POI": 1.0,
  "P_POIMV_MV0101": -0.9574797832913311,
  "Q_POIMV_MV0101": 0.16630385760622263,
  "I_POIMV_MV0101": 0.9756661857594054,
  "P_POIMV_MV0201": -0.7520234221934284,
  "Q_POIMV_MV0201": 0.11710037935596963,
  "I_POIMV_MV0201": 0.7641019317878502,
  "P_POI_POIMV": -1.7095032057897568,
  "Q_POI_POIMV": 0.3222470138763561,
  "I_POI_POIMV": 1.73961040137086
}