{
  "P_LV0101": 0.665871121718377,
  "Q_LV0101": -0.0477326968973747,
  "P_LV0102": 0.45755199454483464,
  "Q_LV0102": -0.03170814865325605,
  "P_LV0103": 0.7037163314012956,
  "Q_LV0103": -0.0477326968973747,
  "P_LV0201": 0.4568700988748721,
  "Q_LV0201": -0.03170814865325605,
  "P_LV0202": 0.45993862938970337,
  "Q_LV0202": -0.03170814865325605,
  "P_LV0203": 0.46403000340947836,
  "Q_LV0203": -0.03170814865325605,
  "U_POI": 1.0,
  "P_POIMV_MV0101": -1.7927481487684067,
  "Q_POIMV_MV0101": 0.28727565492408397,
  "I_POIMV_MV0101": 1.8284680888148366,
  "P_POIMV_MV0201": -1.3603905882998746,
  "Q_POIMV_MV0201": 0.1839576235452288,
  "I_POIMV_MV0201": 1.3824868873593372,
  "P_POI_POIMV": -3.1531387771011263,
  "Q_POI_POIMV": 0.6048964939961988,
  "I_POI_POIMV": 3.21063606098662
}