{
  "P_LV0101": 0.29261506989430613,
  "Q_LV0101": -0.013747016706443913,
  "U_LV0101": 1.0033756299201297,
  "I_LV0101_MV0101": 0.29195228555260494,
  "P_LV0102": 0.2989549180327869,
  "Q_LV0102": -0.013831967213114754,
  "U_LV0102": 1.0038947451454703,
  "I_LV0102_MV0102": 0.2981136571679422,
  "P_LV0103": 0.3055972461273666,
  "Q_LV0103": -0.013879518072289156,
  "U_LV0103": 1.0042306434506323,
  "I_LV0103_MV0103": 0.30462351804382337,
  "P_LV0201": 0.2970182555780933,
  "Q_LV0201": -0.013691683569979716,
  "U_LV0201": 1.0040585623793121,
  "I_LV0201_MV0201": 0.2961317923097299,
  "P_LV0202": 0.29827010622154776,
  "Q_LV0202": -0.013657056145675264,
  "U_LV0202": 1.0044779541670754,
  "I_LV0202_MV0202": 0.29725152537922067,
  "P_LV0203": 0.29828571428571427,
  "Q_LV0203": -0.013533834586466165,
  "U_LV0203": 1.0046890112344289,
  "I_LV0203_MV0203": 0.29719901585267483,
  "P_POIMV_MV0101": -0.8891564077065139,
  "Q_POIMV_MV0101": 0.07766347096786395,
  "U_POIMV": 0.9977231581069164,
  "I_POIMV_MV0101": 0.8945785395803297,
  "P_POIMV_MV0201": -0.8850931807256949,
  "Q_POIMV_MV0201": 0.07681912050569069,
  "I_POIMV_MV0201": 0.8904479830101387,
  "P_POI_POIMV": -1.7742495887190644,
  "Q_POI_POIMV": 0.1954055224408426,
  "U_POI": 1.0,
  "I_POI_POIMV": 1.7849775688422944
}