{
  "P_LV0101": 0.9904534606205251,
  "Q_LV0101": -0.023184452778724857,
  "P_LV0102": 0.6583702693487896,
  "Q_LV0102": -0.015683600409137403,
  "P_LV0103": 0.9747698602113877,
  "Q_LV0103": -0.023184452778724857,
  "P_LV0201": 0.6641663825434708,
  "Q_LV0201": -0.015683600409137403,
  "P_LV0202": 0.6675758608932834,
  "Q_LV0202": -0.015683600409137403,
  "P_LV0203": 0.6737129219229457,
  "Q_LV0203": -0.015683600409137403,
  "U_POI": 1.0,
  "P_POIMV_MV0101": -2.5537513466024793,
  "Q_POIMV_MV0101": 0.38897907599977577,
  "I_POIMV_MV0101": 2.609170687272529,
  "P_POIMV_MV0201": -1.96281288949204,
  "Q_POIMV_MV0201": 0.2339840773036776,
  "I_POIMV_MV0201": 1.9965791179113832,
  "P_POI_POIMV": -4.516564236094859,
  "Q_POI_POIMV": 0.8985376531695002,
  "I_POI_POIMV": 4.605075722823076
}