{
  "P_LV0101": 0.1752471871803614,
  "Q_LV0101": -0.033071939993181046,
  "P_LV0102": 0.13126491646778043,
  "Q_LV0102": -0.021820661438799863,
  "P_LV0103": 0.21854756222297989,
  "Q_LV0103": -0.032730992158199794,
  "P_LV0201": 0.12717354244800547,
  "Q_LV0201": -0.021820661438799863,
  "P_LV0202": 0.1288782816229117,
  "Q_LV0202": -0.021820661438799863,
  "P_LV0203": 0.12853733378793045,
  "Q_LV0203": -0.021820661438799863,
  "U_POI": 1.0,
  "P_POIMV_MV0101": -0.5220998766095901,
  "Q_POIMV_MV0101": 0.10020083633652617,
  "I_POIMV_MV0101": 0.5328528433453331,
  "P_POIMV_MV0201": -0.38295694423031645,
  "Q_POIMV_MV0201": 0.07112645655373549,
  "I_POIMV_MV0201": 0.3904033822047951,
  "P_POI_POIMV": -0.905056820842435,
  "Q_POI_POIMV": 0.18186035349584823,
  "I_POI_POIMV": 0.9231473539620045
}