{
  "P_LV0101": 0.9887487214456189,
  "Q_LV0101": -0.020456870098874872,
  "U_LV0101": 1.0060569952698746,
  "I_LV0101_MV0101": 0.9830062573466652,
  "P_LV0102": 0.6539379474940334,
  "Q_LV0102": -0.013637913399249914,
  "U_LV0102": 1.0041498515035552,
  "I_LV0102_MV0102": 0.6513770238457119,
  "P_LV0103": 0.9689737470167065,
  "Q_LV0103": -0.020456870098874872,
  "U_LV0103": 1.0074947798597251,
  "I_LV0103_MV0103": 0.9619798374754026,
  "P_LV0201": 0.6638254347084896,
  "Q_LV0201": -0.013637913399249914,
  "U_LV0201": 1.0043896094291462,
  "I_LV0201_MV0201": 0.6610637000387581,
  "P_LV0202": 0.665871121718377,
  "Q_LV0202": -0.013637913399249914,
  "U_LV0202": 1.0052665284054427,
  "I_LV0202_MV0202": 0.662521579528753,
  "P_LV0203": 0.6713262870780771,
  "Q_LV0203": -0.013637913399249914,
  "U_LV0203": 1.005771062116595,
  "I_LV0203_MV0203": 0.6676119689377578,
  "P_POIMV_MV0101": -2.54252000292884,
  "Q_POIMV_MV0101": 0.3782198628386603,
  "U_POIMV": 0.9902995164197562,
  "I_POIMV_MV0101": 2.595676983882307,
  "P_POIMV_MV0201": -1.9586210745882908,
  "Q_POIMV_MV0201": 0.22679372605386447,
  "I_POIMV_MV0201": 1.991021739476791,
  "P_POI_POIMV": -4.501141077517381,
  "Q_POI_POIMV": 0.8783088360600677,
  "U_POI": 1.0,
  "I_POI_POIMV": 4.586032861986002
}