{
  "P_LV0101": 0.7896351858165701,
  "Q_LV0101": -0.0405727923627685,
  "P_LV0102": 0.5373337879304466,
  "Q_LV0102": -0.026934878963518583,
  "P_LV0103": 0.8186157517899761,
  "Q_LV0103": -0.040913740197749744,
  "P_LV0201": 0.5356290487555404,
  "Q_LV0201": -0.026934878963518583,
  "P_LV0202": 0.5410842141152403,
  "Q_LV0202": -0.026934878963518583,
  "P_LV0203": 0.5444936924650529,
  "Q_LV0203": -0.026934878963518583,
  "U_POI": 1.0,
  "P_POIMV_MV0101": -2.0984518867511057,
  "Q_POIMV_MV0101": 0.32839565637563173,
  "I_POIMV_MV0101": 2.1414385597426544,
  "P_POIMV_MV0201": -1.5931554423769343,
  "Q_POIMV_MV0201": 0.2032405547221738,
  "I_POIMV_MV0201": 1.6192588712552705,
  "P_POI_POIMV": -3.6916073291286717,
  "Q_POI_POIMV": 0.7151870035009277,
  "I_POI_POIMV": 3.7602469496634336
}