{
  "P_LV0101": 0.9792021820661438,
  "Q_LV0101": -0.017729287419024888,
  "P_LV0102": 0.6566655301738834,
  "Q_LV0102": -0.011933174224343675,
  "P_LV0103": 0.9829526082509376,
  "Q_LV0103": -0.017729287419024888,
  "P_LV0201": 0.6607569041936584,
  "Q_LV0201": -0.011933174224343675,
  "P_LV0202": 0.665871121718377,
  "Q_LV0202": -0.011933174224343675,
  "P_LV0203": 0.6713262870780771,
  "Q_LV0203": -0.011933174224343675,
  "U_POI": 1.0,
  "P_POIMV_MV0101": -2.5493646521505555,
  "Q_POIMV_MV0101": 0.37236361171575144,
  "I_POIMV_MV0101": 2.6012518700833365,
  "P_POIMV_MV0201": -1.9557130623398546,
  "Q_POIMV_MV0201": 0.22095230430714408,
  "I_POIMV_MV0201": 1.9871279550027605,
  "P_POI_POIMV": -4.505077714491285,
  "Q_POI_POIMV": 0.8668113799143529,
  "I_POI_POIMV": 4.58771045097171
}