{
  "P_LV0101": 0.9624957381520627,
  "Q_LV0101": -0.02523013978861234,
  "P_LV0102": 0.6338220252301398,
  "Q_LV0102": -0.016706443914081145,
  "P_LV0103": 0.9297647459938629,
  "Q_LV0103": -0.02523013978861234,
  "P_LV0201": 0.6426866689396522,
  "Q_LV0201": -0.016706443914081145,
  "P_LV0202": 0.642345721104671,
  "Q_LV0202": -0.016706443914081145,
  "P_LV0203": 0.649164677804296,
  "Q_LV0203": -0.016706443914081145,
  "U_POI": 1.0,
  "P_POIMV_MV0101": -2.461322894696848,
  "Q_POIMV_MV0101": 0.37033440368375986,
  "I_POIMV_MV0101": 2.5127605569510583,
  "P_POIMV_MV0201": -1.8945246351177447,
  "Q_POIMV_MV0201": 0.2239413061985774,
  "I_POIMV_MV0201": 1.9259043380439331,
  "P_POI_POIMV": -4.355847529814666,
  "Q_POI_POIMV": 0.8501815956329482,
  "I_POI_POIMV": 4.438041961106891
}