{
  "P_LV0101": 0.6218888510057962,
  "Q_LV0101": -0.05318786225707467,
  "P_LV0102": 0.3972042277531538,
  "Q_LV0102": -0.035458574838049775,
  "P_LV0103": 0.5547221275144902,
  "Q_LV0103": -0.053528810092055915,
  "P_LV0201": 0.4081145584725537,
  "Q_LV0201": -0.035458574838049775,
  "P_LV0202": 0.40572792362768495,
  "Q_LV0202": -0.035458574838049775,
  "P_LV0203": 0.4094783498124787,
  "Q_LV0203": -0.035458574838049775,
  "U_POI": 1.0,
  "P_POIMV_MV0101": -1.5482179374949923,
  "Q_POIMV_MV0101": 0.26144753773352053,
  "I_POIMV_MV0101": 1.5802179875180729,
  "P_POIMV_MV0201": -1.2071964801663668,
  "Q_POIMV_MV0201": 0.17611595272373365,
  "I_POIMV_MV0201": 1.227807425945092,
  "P_POI_POIMV": -2.755414431370939,
  "Q_POI_POIMV": 0.5396550102046689,
  "I_POI_POIMV": 2.8077635617420205
}