{
  "P_LV0101": 0.0630889873849301,
  "Q_LV0101": -0.011905898397545174,
  "U_LV0101": 0.9991783293422057,
  "I_LV0101_MV0101": 0.06425537260531489,
  "P_LV0102": 0.07100409836065574,
  "Q_LV0102": -0.01180327868852459,
  "U_LV0102": 0.9994951416595179,
  "I_LV0102_MV0102": 0.07201482192263062,
  "P_LV0103": 0.0794354561101549,
  "Q_LV0103": -0.011896729776247847,
  "U_LV0103": 0.999753085105483,
  "I_LV0103_MV0103": 0.08034121608393492,
  "P_LV0201": 0.06809330628803245,
  "Q_LV0201": -0.011683569979716023,
  "U_LV0201": 0.9994650833693821,
  "I_LV0201_MV0201": 0.0691253557066226,
  "P_LV0202": 0.06883156297420333,
  "Q_LV0202": -0.01165402124430956,
  "U_LV0202": 0.9995727815297143,
  "I_LV0202_MV0202": 0.06984101321420266,
  "P_LV0203": 0.06803007518796993,
  "Q_LV0203": -0.011548872180451128,
  "U_LV0203": 0.9996079689017939,
  "I_LV0203_MV0203": 0.06903045025163834,
  "P_POIMV_MV0101": -0.21305353143943856,
  "Q_POIMV_MV0101": 0.03654992034340059,
  "U_POIMV": 0.9990551167544244,
  "I_POIMV_MV0101": 0.21637036233963894,
  "P_POIMV_MV0201": -0.20449249639194833,
  "Q_POIMV_MV0201": 0.03537724355317777,
  "I_POIMV_MV0201": 0.2077263483215099,
  "P_POI_POIMV": -0.41754602783160755,
  "Q_POI_POIMV": 0.07370317172742581,
  "U_POI": 1.0,
  "I_POI_POIMV": 0.4240009939618491
}