{
  "P_LV0101": 0.960109103307194,
  "Q_LV0101": -0.020115922263893624,
  "P_LV0102": 0.643709512444596,
  "Q_LV0102": -0.013296965564268667,
  "P_LV0103": 0.9665871121718377,
  "Q_LV0103": -0.020115922263893624,
  "P_LV0201": 0.6498465734742584,
  "Q_LV0201": -0.013296965564268667,
  "P_LV0202": 0.6535969996590522,
  "Q_LV0202": -0.013296965564268667,
  "P_LV0203": 0.6604159563586771,
  "Q_LV0203": -0.013296965564268667,
  "U_POI": 1.0,
  "P_POIMV_MV0101": -2.5034236596286576,
  "Q_POIMV_MV0101": 0.36686840702270246,
  "I_POIMV_MV0101": 2.5541336957617595,
  "P_POIMV_MV0201": -1.9230244057096015,
  "Q_POIMV_MV0201": 0.21882955432975723,
  "I_POIMV_MV0201": 1.9537717751166153,
  "P_POI_POIMV": -4.426448065337993,
  "Q_POI_POIMV": 0.8496657316873384,
  "I_POI_POIMV": 4.507257961414927
}