{
  "P_LV0101": 0.9099897715649505,
  "Q_LV0101": -0.033753835663143536,
  "P_LV0102": 0.5959768155472213,
  "Q_LV0102": -0.02250255710876236,
  "P_LV0103": 0.8656665530173884,
  "Q_LV0103": -0.03341288782816229,
  "P_LV0201": 0.6055233549266962,
  "Q_LV0201": -0.02250255710876236,
  "P_LV0202": 0.6045005114217524,
  "Q_LV0202": -0.02250255710876236,
  "P_LV0203": 0.6092737811114899,
  "Q_LV0203": -0.02216160927378111,
  "U_POI": 1.0,
  "P_POIMV_MV0101": -2.314372461643369,
  "Q_POIMV_MV0101": 0.35767101454944394,
  "I_POIMV_MV0101": 2.363235618547855,
  "P_POIMV_MV0201": -1.7840970488982424,
  "Q_POIMV_MV0201": 0.22123257243659955,
  "I_POIMV_MV0201": 1.8141806062963621,
  "P_POI_POIMV": -4.098469510541541,
  "Q_POI_POIMV": 0.8055132952855185,
  "I_POI_POIMV": 4.17687730221039
}