{
  "P_LV0101": 0.9713603818615751,
  "Q_LV0101": -0.0235254006137061,
  "P_LV0102": 0.6440504602795772,
  "Q_LV0102": -0.015683600409137403,
  "P_LV0103": 0.9488578247528128,
  "Q_LV0103": -0.0235254006137061,
  "P_LV0201": 0.6525741561541084,
  "Q_LV0201": -0.015683600409137403,
  "P_LV0202": 0.6542788953290146,
  "Q_LV0202": -0.015683600409137403,
  "P_LV0203": 0.6617797476986021,
  "Q_LV0203": -0.015342652574156155,
  "U_POI": 1.0,
  "P_POIMV_MV0101": -2.497575212267309,
  "Q_POIMV_MV0101": 0.3749113478195949,
  "I_POIMV_MV0101": 2.550028199442546,
  "P_POIMV_MV0201": -1.9275540366177015,
  "Q_POIMV_MV0201": 0.22673464210103134,
  "I_POIMV_MV0201": 1.9596487219131997,
  "P_POI_POIMV": -4.425129248885259,
  "Q_POI_POIMV": 0.8658229009192948,
  "I_POI_POIMV": 4.5090373878574255
}