{
  "P_LV0101": 0.058983975451755884,
  "Q_LV0101": -0.014660756904193658,
  "P_LV0102": 0.0477326968973747,
  "Q_LV0102": -0.009887487214456188,
  "P_LV0103": 0.08250937606546198,
  "Q_LV0103": -0.014660756904193658,
  "P_LV0201": 0.044664166382543474,
  "Q_LV0201": -0.010228435049437436,
  "P_LV0202": 0.04602795772246846,
  "Q_LV0202": -0.009887487214456188,
  "P_LV0203": 0.04602795772246846,
  "Q_LV0203": -0.009887487214456188,
  "U_POI": 1.0,
  "P_POIMV_MV0101": -0.1888316413472894,
  "Q_POIMV_MV0101": 0.039779482987953654,
  "I_POIMV_MV0101": 0.19315055375782844,
  "P_POIMV_MV0201": -0.13651017593052522,
  "Q_POIMV_MV0201": 0.02937738299740543,
  "I_POIMV_MV0201": 0.13976164324441612,
  "P_POI_POIMV": -0.32534181727796185,
  "Q_POI_POIMV": 0.0700340662835345,
  "I_POI_POIMV": 0.3327943336505795
}