{
  "P_LV0101": 0.35116263211728604,
  "Q_LV0101": -0.008223661779747697,
  "U_LV0101": 1.005448508889443,
  "I_LV0101_MV0101": 0.3493554451809247,
  "P_LV0102": 0.34653688524590165,
  "Q_LV0102": -0.008299180327868853,
  "U_LV0102": 1.0057934917574054,
  "I_LV0102_MV0102": 0.3446395826598142,
  "P_LV0103": 0.3430223752151463,
  "Q_LV0103": -0.008302925989672976,
  "U_LV0103": 1.0059442722436955,
  "I_LV0103_MV0103": 0.3410952843597106,
  "P_LV0201": 0.3450304259634888,
  "Q_LV0201": -0.00821501014198783,
  "U_LV0201": 1.00599945876036,
  "I_LV0201_MV0201": 0.3430699757664644,
  "P_LV0202": 0.34525037936267067,
  "Q_LV0202": -0.00819423368740516,
  "U_LV0202": 1.0064597835000293,
  "I_LV0202_MV0202": 0.34313105515019915,
  "P_LV0203": 0.3464661654135338,
  "Q_LV0203": -0.0081203007518797,
  "U_LV0203": 1.0067221330164193,
  "I_LV0203_MV0203": 0.34424723652904854,
  "P_POIMV_MV0101": -1.030018189164358,
  "Q_POIMV_MV0101": 0.07369326961480571,
  "U_POIMV": 0.9977309518945499,
  "I_POIMV_MV0101": 1.0349995024899112,
  "P_POIMV_MV0201": -1.0253931618901766,
  "Q_POIMV_MV0201": 0.07316538076815964,
  "I_POIMV_MV0201": 1.0303380370544446,
  "P_POI_POIMV": -2.055411351966371,
  "Q_POI_POIMV": 0.2018350667874915,
  "U_POI": 1.0,
  "I_POI_POIMV": 2.0652973684138893
}