{
  "P_LV0101": 0.8690760313672008,
  "Q_LV0101": -0.032730992158199794,
  "P_LV0102": 0.588816911012615,
  "Q_LV0102": -0.021479713603818614,
  "P_LV0103": 0.8912376406409819,
  "Q_LV0103": -0.032730992158199794,
  "P_LV0201": 0.59018070235254,
  "Q_LV0201": -0.021820661438799863,
  "P_LV0202": 0.5918854415274463,
  "Q_LV0202": -0.021820661438799863,
  "P_LV0203": 0.6004091374019775,
  "Q_LV0203": -0.021479713603818614,
  "U_POI": 1.0,
  "P_POIMV_MV0101": -2.292883633544707,
  "Q_POIMV_MV0101": 0.349754089053707,
  "I_POIMV_MV0101": 2.3399849968166913,
  "P_POIMV_MV0201": -1.748684889102727,
  "Q_POIMV_MV0201": 0.21292366021832898,
  "I_POIMV_MV0201": 1.777230217243103,
  "P_POI_POIMV": -4.041568522647932,
  "Q_POI_POIMV": 0.7827862119369157,
  "I_POI_POIMV": 4.1166771037885805
}