{
  "P_LV0101": 0.015219911353562904,
  "Q_LV0101": -0.004050460279577225,
  "U_LV0101": 0.9996073688420651,
  "I_LV0101_MV0101": 0.01575585055091914,
  "P_LV0102": 0.018258196721311477,
  "Q_LV0102": -0.004057377049180328,
  "U_LV0102": 0.9997139519187382,
  "I_LV0102_MV0102": 0.01870893556665777,
  "P_LV0103": 0.02131497418244406,
  "Q_LV0103": -0.003965576592082616,
  "U_LV0103": 0.9998235136068863,
  "I_LV0103_MV0103": 0.02168455388477871,
  "P_LV0201": 0.016977687626774846,
  "Q_LV0201": -0.00383367139959432,
  "U_LV0201": 0.9997166888071558,
  "I_LV0201_MV0201": 0.017410072787495474,
  "P_LV0202": 0.017663125948406674,
  "Q_LV0202": -0.003823975720789074,
  "U_LV0202": 0.9997581169695233,
  "I_LV0202_MV0202": 0.018076693954335903,
  "P_LV0203": 0.01750375939849624,
  "Q_LV0203": -0.003789473684210526,
  "U_LV0203": 0.9997690639288898,
  "I_LV0203_MV0203": 0.01791339982423033,
  "P_POIMV_MV0101": -0.054760859767211664,
  "Q_POIMV_MV0101": 0.01095083663508195,
  "U_POIMV": 0.9997331848029971,
  "I_POIMV_MV0101": 0.055859980936518665,
  "P_POIMV_MV0201": -0.05211409917740505,
  "Q_POIMV_MV0201": 0.01002632234122446,
  "I_POIMV_MV0201": 0.053083990002403054,
  "P_POI_POIMV": -0.10687495965451248,
  "Q_POI_POIMV": 0.020565790664850588,
  "U_POI": 1.0,
  "I_POI_POIMV": 0.1088356961057544
}