{
  "P_LV0101": 0.5196045005114217,
  "Q_LV0101": -0.05148312308216843,
  "P_LV0102": 0.36345039209001023,
  "Q_LV0102": -0.03409478349812479,
  "P_LV0103": 0.5673371974087964,
  "Q_LV0103": -0.05148312308216843,
  "P_LV0201": 0.360381861575179,
  "Q_LV0201": -0.03409478349812479,
  "P_LV0202": 0.364473235594954,
  "Q_LV0202": -0.03409478349812479,
  "P_LV0203": 0.36583702693487896,
  "Q_LV0203": -0.03409478349812479,
  "U_POI": 1.0,
  "P_POIMV_MV0101": -1.4285315228397224,
  "Q_POIMV_MV0101": 0.23829975800995343,
  "I_POIMV_MV0101": 1.45659515583001,
  "P_POIMV_MV0201": -1.0778496178026307,
  "Q_POIMV_MV0201": 0.15750064320386534,
  "I_POIMV_MV0201": 1.0955570610344703,
  "P_POI_POIMV": -2.5063811471618043,
  "Q_POI_POIMV": 0.48003760146184127,
  "I_POI_POIMV": 2.551937019925327
}