{
  "P_LV0101": 0.061711558131605865,
  "Q_LV0101": -0.012274122059324924,
  "P_LV0102": 0.03409478349812479,
  "Q_LV0102": -0.007841800204568702,
  "P_LV0103": 0.04295942720763723,
  "Q_LV0103": -0.012274122059324924,
  "P_LV0201": 0.037504261847937266,
  "Q_LV0201": -0.008182748039549948,
  "P_LV0202": 0.03511762700306853,
  "Q_LV0202": -0.008182748039549948,
  "P_LV0203": 0.034776679168087285,
  "Q_LV0203": -0.007841800204568702,
  "U_POI": 1.0,
  "P_POIMV_MV0101": -0.1385531489042,
  "Q_POIMV_MV0101": 0.032125812486848475,
  "I_POIMV_MV0101": 0.1423311796516252,
  "P_POIMV_MV0201": -0.1072689768618173,
  "Q_POIMV_MV0201": 0.023227013874258483,
  "I_POIMV_MV0201": 0.109833825474745,
  "P_POI_POIMV": -0.24582214825037157,
  "Q_POI_POIMV": 0.055614859723570755,
  "I_POI_POIMV": 0.252034801550302
}