{
  "P_LV0101": 0.9894306171155813,
  "Q_LV0101": -0.016706443914081145,
  "U_LV0101": 1.0067549402883544,
  "I_LV0101_MV0101": 0.982932003448892,
  "P_LV0102": 0.6580293215138084,
  "Q_LV0102": -0.010910330719399931,
  "U_LV0102": 1.0047663331501169,
  "I_LV0102_MV0102": 0.6549978257857201,
  "P_LV0103": 0.9829526082509376,
  "Q_LV0103": -0.016706443914081145,
  "U_LV0103": 1.0083284664230692,
  "I_LV0103_MV0103": 0.9749745282791548,
  "P_LV0201": 0.6655301738833959,
  "Q_LV0201": -0.010910330719399931,
  "U_LV0201": 1.0049619902643734,
  "I_LV0201_MV0201": 0.6623331063904488,
  "P_LV0202": 0.6668939652233208,
  "Q_LV0202": -0.010910330719399931,
  "U_LV0202": 1.005834315869818,
  "I_LV0202_MV0202": 0.66311438652277,
  "P_LV0203": 0.6757586089328332,
  "Q_LV0203": -0.010910330719399931,
  "U_LV0203": 1.0063917872318318,
  "I_LV0203_MV0203": 0.6715542466583052,
  "P_POIMV_MV0101": -2.5603605792436355,
  "Q_POIMV_MV0101": 0.3721811058525708,
  "U_POIMV": 0.9904544737363837,
  "I_POIMV_MV0101": 2.612204678667837,
  "P_POIMV_MV0201": -1.9655294946375053,
  "Q_POIMV_MV0201": 0.21971076790899338,
  "I_POIMV_MV0201": 1.9968320369925827,
  "P_POI_POIMV": -4.525890073881362,
  "Q_POI_POIMV": 0.867858322462654,
  "U_POI": 1.0,
  "I_POI_POIMV": 4.608346669764063
}