{
  "P_LV0101": 0.2485509717013297,
  "Q_LV0101": -0.033071939993181046,
  "P_LV0102": 0.14558472553699284,
  "Q_LV0102": -0.02216160927378111,
  "P_LV0103": 0.1851346743948176,
  "Q_LV0103": -0.03341288782816229,
  "P_LV0201": 0.1544493692465053,
  "Q_LV0201": -0.02216160927378111,
  "P_LV0202": 0.15035799522673032,
  "Q_LV0202": -0.02216160927378111,
  "P_LV0203": 0.1517217865666553,
  "Q_LV0203": -0.02216160927378111,
  "U_POI": 1.0,
  "P_POIMV_MV0101": -0.5757081852853823,
  "Q_POIMV_MV0101": 0.10422444030287085,
  "I_POIMV_MV0101": 0.5864871356882603,
  "P_POIMV_MV0201": -0.4542503076106546,
  "Q_POIMV_MV0201": 0.07501364900027147,
  "I_POIMV_MV0201": 0.461520460929265,
  "P_POI_POIMV": -1.0299584929020942,
  "Q_POI_POIMV": 0.1929724859228809,
  "I_POI_POIMV": 1.0478801827615645
}