{
  "P_LV0101": 0.008591885441527445,
  "Q_LV0101": -0.0025775656324582338,
  "U_LV0101": 0.9997306336409719,
  "I_LV0101_MV0101": 0.00897260865483701,
  "P_LV0102": 0.009405737704918033,
  "Q_LV0102": -0.0025819672131147543,
  "U_LV0102": 0.9997641542490345,
  "I_LV0102_MV0102": 0.009755990271688199,
  "P_LV0103": 0.010285714285714285,
  "Q_LV0103": -0.002602409638554217,
  "U_LV0103": 0.9997916563339051,
  "I_LV0103_MV0103": 0.010612039129942078,
  "P_LV0201": 0.00894523326572008,
  "Q_LV0201": -0.00255578093306288,
  "U_LV0201": 0.9997587000181669,
  "I_LV0201_MV0201": 0.009305428409155131,
  "P_LV0202": 0.00874051593323217,
  "Q_LV0202": -0.002549317147192716,
  "U_LV0202": 0.9997643229766224,
  "I_LV0202_MV0202": 0.009106850359941304,
  "P_LV0203": 0.009022556390977442,
  "Q_LV0203": -0.0025263157894736842,
  "U_LV0203": 0.9997805304058335,
  "I_LV0203_MV0203": 0.009371624282760857,
  "P_POIMV_MV0101": -0.02827467433749801,
  "Q_POIMV_MV0101": 0.0065294971328922575,
  "U_POIMV": 0.9998424817992787,
  "I_POIMV_MV0101": 0.0290233852933122,
  "P_POIMV_MV0201": -0.026700079287082987,
  "Q_POIMV_MV0201": 0.00611204316830601,
  "I_POIMV_MV0201": 0.02739503089899074,
  "P_POI_POIMV": -0.05497475367812104,
  "Q_POI_POIMV": 0.012117076852237264,
  "U_POI": 1.0,
  "I_POI_POIMV": 0.05629429006047689
}