{
  "P_LV0101": 0.2740811455847255,
  "Q_LV0101": -0.0157108762359359,
  "U_LV0101": 1.0026758421194049,
  "I_LV0101_MV0101": 0.2737984242800612,
  "P_LV0102": 0.2810655737704918,
  "Q_LV0102": -0.01567622950819672,
  "U_LV0102": 1.0032035540779538,
  "I_LV0102_MV0102": 0.2806034711247825,
  "P_LV0103": 0.2878760757314974,
  "Q_LV0103": -0.015862306368330463,
  "U_LV0103": 1.0035139831389595,
  "I_LV0103_MV0103": 0.2873031817570171,
  "P_LV0201": 0.278762677484787,
  "Q_LV0201": -0.015517241379310345,
  "U_LV0201": 1.0033452655072055,
  "I_LV0201_MV0201": 0.2782633599475432,
  "P_LV0202": 0.2791502276176024,
  "Q_LV0202": -0.015477996965098634,
  "U_LV0202": 1.0037196345538897,
  "I_LV0202_MV0202": 0.2785429234314133,
  "P_LV0203": 0.2780751879699248,
  "Q_LV0203": -0.015338345864661653,
  "U_LV0203": 1.0038949692403103,
  "I_LV0203_MV0203": 0.27741735844547577,
  "P_POIMV_MV0101": -0.8359311801675782,
  "Q_POIMV_MV0101": 0.07915084772460716,
  "U_POIMV": 0.9977247355895689,
  "I_POIMV_MV0101": 0.8415848791987542,
  "P_POIMV_MV0201": -0.8285477236262104,
  "Q_POIMV_MV0201": 0.07767490140577593,
  "I_POIMV_MV0201": 0.8340784509267951,
  "P_POI_POIMV": -1.6644789039677623,
  "Q_POI_POIMV": 0.1928206168594355,
  "U_POI": 1.0,
  "I_POI_POIMV": 1.6756102804768704
}