{
  "P_LV0101": 0.3538629389703375,
  "Q_LV0101": -0.006505284691442209,
  "U_LV0101": 1.0057879522162874,
  "I_LV0101_MV0101": 0.35188602984994943,
  "P_LV0102": 0.35538934426229507,
  "Q_LV0102": -0.0066393442622950825,
  "U_LV0102": 1.0062688903468187,
  "I_LV0102_MV0102": 0.35323695298566027,
  "P_LV0103": 0.3576454388984509,
  "Q_LV0103": -0.006691910499139414,
  "U_LV0103": 1.0065427888051426,
  "I_LV0103_MV0103": 0.35538284487826766,
  "P_LV0201": 0.3550709939148073,
  "Q_LV0201": -0.006572008113590264,
  "U_LV0201": 1.0065054022385107,
  "I_LV0201_MV0201": 0.3528364663325548,
  "P_LV0202": 0.35690440060698025,
  "Q_LV0202": -0.006555386949924127,
  "U_LV0202": 1.0070138399277713,
  "I_LV0202_MV0202": 0.3544783438506228,
  "P_LV0203": 0.35693233082706766,
  "Q_LV0203": -0.006496240601503759,
  "U_LV0203": 1.0072567073037195,
  "I_LV0203_MV0203": 0.35441952379251634,
  "P_POIMV_MV0101": -1.055653893685381,
  "Q_POIMV_MV0101": 0.0711980849306632,
  "U_POIMV": 0.9977669821305821,
  "I_POIMV_MV0101": 1.0604200673154185,
  "P_POIMV_MV0201": -1.0568534580054714,
  "Q_POIMV_MV0201": 0.07135360198935782,
  "I_POIMV_MV0201": 1.0616300822418805,
  "P_POI_POIMV": -2.1125073528215195,
  "Q_POI_POIMV": 0.2006202841825529,
  "U_POI": 1.0,
  "I_POI_POIMV": 2.1220122087656494
}