{
  "P_LV0101": 0.6825775656324582,
  "Q_LV0101": -0.04432321854756222,
  "P_LV0102": 0.47050801227412203,
  "Q_LV0102": -0.029662461643368564,
  "P_LV0103": 0.7214456188203205,
  "Q_LV0103": -0.04432321854756222,
  "P_LV0201": 0.4684623252642346,
  "Q_LV0201": -0.029662461643368564,
  "P_LV0202": 0.47118990794408455,
  "Q_LV0202": -0.029662461643368564,
  "P_LV0203": 0.47698602113876576,
  "Q_LV0203": -0.029662461643368564,
  "U_POI": 1.0,
  "P_POIMV_MV0101": -1.8384282169707449,
  "Q_POIMV_MV0101": 0.28643550899050707,
  "I_POIMV_MV0101": 1.8737996627624955,
  "P_POIMV_MV0201": -1.3951554455199928,
  "Q_POIMV_MV0201": 0.18238976632836024,
  "I_POIMV_MV0201": 1.417002398252292,
  "P_POI_POIMV": -3.233583710783439,
  "Q_POI_POIMV": 0.6092471323412072,
  "I_POI_POIMV": 3.2904780325828016
}