{
  "P_LV0101": 0.28486191612683254,
  "Q_LV0101": -0.007875894988066824,
  "U_LV0101": 1.0046091552945617,
  "I_LV0101_MV0101": 0.28366332385750564,
  "P_LV0102": 0.2827868852459016,
  "Q_LV0102": -0.00783811475409836,
  "U_LV0102": 1.0049375974595431,
  "I_LV0102_MV0102": 0.2815055294692416,
  "P_LV0103": 0.27748709122203097,
  "Q_LV0103": -0.007951807228915662,
  "U_LV0103": 1.0049872190706466,
  "I_LV0103_MV0103": 0.2762234166275183,
  "P_LV0201": 0.2829614604462474,
  "Q_LV0201": -0.0077586206896551714,
  "U_LV0201": 1.0051409380194407,
  "I_LV0201_MV0201": 0.2816200176132189,
  "P_LV0202": 0.28148710166919577,
  "Q_LV0202": -0.007587253414264037,
  "U_LV0202": 1.0055029172843843,
  "I_LV0202_MV0202": 0.2800482548343894,
  "P_LV0203": 0.28150375939849626,
  "Q_LV0203": -0.007669172932330827,
  "U_LV0203": 1.0056772729137864,
  "I_LV0203_MV0203": 0.2800184666912415,
  "P_POIMV_MV0101": -0.8380633508058749,
  "Q_POIMV_MV0101": 0.05552428460298135,
  "U_POIMV": 0.9983274668112398,
  "I_POIMV_MV0101": 0.8413077796340503,
  "P_POIMV_MV0201": -0.8383787343220541,
  "Q_POIMV_MV0201": 0.05494534208638787,
  "I_POIMV_MV0201": 0.8415848770581038,
  "P_POI_POIMV": -1.676442085305125,
  "Q_POI_POIMV": 0.14678064707533817,
  "U_POI": 1.0,
  "I_POI_POIMV": 1.68285549698661
}