{
  "P_LV0101": 0.6617797476986021,
  "Q_LV0101": -0.053528810092055915,
  "P_LV0102": 0.42277531537674734,
  "Q_LV0102": -0.03579952267303103,
  "P_LV0103": 0.5935901807023526,
  "Q_LV0103": -0.05386975792703717,
  "P_LV0201": 0.4340265939311285,
  "Q_LV0201": -0.03579952267303103,
  "P_LV0202": 0.4316399590862598,
  "Q_LV0202": -0.03579952267303103,
  "P_LV0203": 0.43470848960109104,
  "Q_LV0203": -0.03579952267303103,
  "U_POI": 1.0,
  "P_POIMV_MV0101": -1.6490708572008386,
  "Q_POIMV_MV0101": 0.2788306987600479,
  "I_POIMV_MV0101": 1.6839787519777636,
  "P_POIMV_MV0201": -1.2821730554080815,
  "Q_POIMV_MV0201": 0.18632655224086508,
  "I_POIMV_MV0201": 1.304550664796478,
  "P_POI_POIMV": -2.9312439352080304,
  "Q_POI_POIMV": 0.5808699226083217,
  "I_POI_POIMV": 2.988243777653499
}