{
  "P_LV0101": 0.993181043300375,
  "Q_LV0101": -0.016706443914081145,
  "P_LV0102": 0.6628025912035459,
  "Q_LV0102": -0.010910330719399931,
  "P_LV0103": 0.9856801909307876,
  "Q_LV0103": -0.016706443914081145,
  "P_LV0201": 0.669962495738152,
  "Q_LV0201": -0.010910330719399931,
  "P_LV0202": 0.6723491305830208,
  "Q_LV0202": -0.010910330719399931,
  "P_LV0203": 0.6788271394476645,
  "Q_LV0203": -0.010910330719399931,
  "U_POI": 1.0,
  "P_POIMV_MV0101": -2.5710405332538406,
  "Q_POIMV_MV0101": 0.37485866978532906,
  "I_POIMV_MV0101": 2.6234933971767687,
  "P_POIMV_MV0201": -1.9779347819878237,
  "Q_POIMV_MV0201": 0.22215019000243513,
  "I_POIMV_MV0201": 2.0097285608773094,
  "P_POI_POIMV": -4.548975315241638,
  "Q_POI_POIMV": 0.8758854670796345,
  "I_POI_POIMV": 4.632531896287285
}