{
  "P_LV0101": 0.954653937947494,
  "Q_LV0101": -0.02079781793385612,
  "U_LV0101": 1.0060572810287327,
  "I_LV0101_MV0101": 0.9491313036930039,
  "P_LV0102": 0.6413228775997273,
  "Q_LV0102": -0.013637913399249914,
  "U_LV0102": 1.0042890132608748,
  "I_LV0102_MV0102": 0.6387283538837204,
  "P_LV0103": 0.9611319468121378,
  "Q_LV0103": -0.02079781793385612,
  "U_LV0103": 1.0077033841519993,
  "I_LV0103_MV0103": 0.9540078522407083,
  "P_LV0201": 0.647800886464371,
  "Q_LV0201": -0.013637913399249914,
  "U_LV0201": 1.0044676511887178,
  "I_LV0201_MV0201": 0.6450625132403774,
  "P_LV0202": 0.6495056256392772,
  "Q_LV0202": -0.013637913399249914,
  "U_LV0202": 1.0053227150456003,
  "I_LV0202_MV0202": 0.6462092026089196,
  "P_LV0203": 0.6587112171837709,
  "Q_LV0203": -0.013637913399249914,
  "U_LV0203": 1.005876874739722,
  "I_LV0203_MV0203": 0.6550030106378673,
  "P_POIMV_MV0101": -2.4908182648589032,
  "Q_POIMV_MV0101": 0.36531822740469655,
  "U_POIMV": 0.9906561018231129,
  "I_POIMV_MV0101": 2.541210409053086,
  "P_POIMV_MV0201": -1.9155023796731916,
  "Q_POIMV_MV0201": 0.2184397759554623,
  "I_POIMV_MV0201": 1.9461015228693572,
  "P_POI_POIMV": -4.406320644532625,
  "Q_POI_POIMV": 0.8453148482296446,
  "U_POI": 1.0,
  "I_POI_POIMV": 4.486671239914053
}