{
  "P_LV0101": 0.9867030344357314,
  "Q_LV0101": -0.017047391749062394,
  "P_LV0102": 0.6576883736788272,
  "Q_LV0102": -0.01125127855438118,
  "P_LV0103": 0.9802250255710876,
  "Q_LV0103": -0.017388339584043642,
  "P_LV0201": 0.6628025912035459,
  "Q_LV0201": -0.01125127855438118,
  "P_LV0202": 0.665871121718377,
  "Q_LV0202": -0.01125127855438118,
  "P_LV0203": 0.6743948175929083,
  "Q_LV0203": -0.01125127855438118,
  "U_POI": 1.0,
  "P_POIMV_MV0101": -2.554879141715035,
  "Q_POIMV_MV0101": 0.37205830826450315,
  "I_POIMV_MV0101": 2.6066876504369607,
  "P_POIMV_MV0201": -1.9606230937909435,
  "Q_POIMV_MV0201": 0.21980697922268203,
  "I_POIMV_MV0201": 1.991902657482573,
  "P_POI_POIMV": -4.51550223550578,
  "Q_POI_POIMV": 0.8665799321573264,
  "I_POI_POIMV": 4.5979040026598526
}