{
  "P_LV0101": 0.2905284691442209,
  "Q_LV0101": -0.01583361745652915,
  "U_LV0101": 1.0029925732102618,
  "I_LV0101_MV0101": 0.29009149028238296,
  "P_LV0102": 0.28346311475409836,
  "Q_LV0102": -0.01567622950819672,
  "U_LV0102": 1.0032183414339135,
  "I_LV0102_MV0102": 0.2829855074925986,
  "P_LV0103": 0.27275731497418243,
  "Q_LV0103": -0.015862306368330463,
  "U_LV0103": 1.0031310257828303,
  "I_LV0103_MV0103": 0.2723653818819813,
  "P_LV0201": 0.28606490872210955,
  "Q_LV0201": -0.015517241379310345,
  "U_LV0201": 1.0034939031704595,
  "I_LV0201_MV0201": 0.28548798911392737,
  "P_LV0202": 0.2844309559939302,
  "Q_LV0202": -0.015477996965098634,
  "U_LV0202": 1.0038311392758559,
  "I_LV0202_MV0202": 0.28376463912281136,
  "P_LV0203": 0.284390977443609,
  "Q_LV0203": -0.015338345864661653,
  "U_LV0203": 1.0040335194319687,
  "I_LV0203_MV0203": 0.2836601575901621,
  "P_POIMV_MV0101": -0.8396104741954958,
  "Q_POIMV_MV0101": 0.07956592792846269,
  "U_POIMV": 0.9976934433728569,
  "I_POIMV_MV0101": 0.8453218745949159,
  "P_POIMV_MV0201": -0.8471100908392325,
  "Q_POIMV_MV0201": 0.07916494942580511,
  "I_POIMV_MV0201": 0.8527681069752941,
  "P_POI_POIMV": -1.6867205652283936,
  "Q_POI_POIMV": 0.19571092653613598,
  "U_POI": 1.0,
  "I_POI_POIMV": 1.6980368170125244
}