{
  "P_LV0101": 0.9894306171155813,
  "Q_LV0101": -0.016706443914081145,
  "P_LV0102": 0.6580293215138084,
  "Q_LV0102": -0.010910330719399931,
  "P_LV0103": 0.9829526082509376,
  "Q_LV0103": -0.016706443914081145,
  "P_LV0201": 0.6655301738833959,
  "Q_LV0201": -0.010910330719399931,
  "P_LV0202": 0.6668939652233208,
  "Q_LV0202": -0.010910330719399931,
  "P_LV0203": 0.6757586089328332,
  "Q_LV0203": -0.010910330719399931,
  "U_POI": 1.0,
  "P_POIMV_MV0101": -2.5603605792436355,
  "Q_POIMV_MV0101": 0.3721811058525708,
  "I_POIMV_MV0101": 2.612204678667837,
  "P_POIMV_MV0201": -1.9655294946375053,
  "Q_POIMV_MV0201": 0.21971076790899338,
  "I_POIMV_MV0201": 1.9968320369925827,
  "P_POI_POIMV": -4.525890073881362,
  "Q_POI_POIMV": 0.867858322462654,
  "I_POI_POIMV": 4.608346669764063
}