{
  "P_LV0101": 0.5039209001022843,
  "Q_LV0101": -0.05148312308216843,
  "P_LV0102": 0.31605864302761677,
  "Q_LV0102": -0.03443573133310603,
  "P_LV0103": 0.4323218547562223,
  "Q_LV0103": -0.05148312308216843,
  "P_LV0201": 0.3283327650869417,
  "Q_LV0201": -0.03443573133310603,
  "P_LV0202": 0.3228775997272417,
  "Q_LV0202": -0.03443573133310603,
  "P_LV0203": 0.3269689737470167,
  "Q_LV0203": -0.03443573133310603,
  "U_POI": 1.0,
  "P_POIMV_MV0101": -1.2359930586624033,
  "Q_POIMV_MV0101": 0.21300100133813932,
  "I_POIMV_MV0101": 1.2606765601814973,
  "P_POIMV_MV0201": -0.9678224036922668,
  "Q_POIMV_MV0201": 0.14755648744874927,
  "I_POIMV_MV0201": 0.9840520985972545,
  "P_POI_POIMV": -2.2038154646690353,
  "Q_POI_POIMV": 0.4255954754126394,
  "I_POI_POIMV": 2.244534274856614
}