{
  "P_LV0101": 0.8513467439481759,
  "Q_LV0101": -0.035458574838049775,
  "P_LV0102": 0.5768837367882714,
  "Q_LV0102": -0.02386634844868735,
  "P_LV0103": 0.8769178315717695,
  "Q_LV0103": -0.035458574838049775,
  "P_LV0201": 0.5789294237981589,
  "Q_LV0201": -0.02386634844868735,
  "P_LV0202": 0.5843845891578588,
  "Q_LV0202": -0.02386634844868735,
  "P_LV0203": 0.5898397545175588,
  "Q_LV0203": -0.02386634844868735,
  "U_POI": 1.0,
  "P_POIMV_MV0101": -2.2508910814451224,
  "Q_POIMV_MV0101": 0.34823618700413433,
  "I_POIMV_MV0101": 2.2977728831144377,
  "P_POIMV_MV0201": -1.720423368611295,
  "Q_POIMV_MV0201": 0.2147096991693655,
  "I_POIMV_MV0201": 1.749072176194955,
  "P_POI_POIMV": -3.971314450056834,
  "Q_POI_POIMV": 0.7755781193625682,
  "I_POI_POIMV": 4.046339071366139
}