{
  "P_LV0101": 0.2568973747016706,
  "Q_LV0101": -0.0162018411183089,
  "U_LV0101": 1.0022839759685012,
  "I_LV0101_MV0101": 0.25682119797109376,
  "P_LV0102": 0.26446721311475413,
  "Q_LV0102": -0.016229508196721313,
  "U_LV0102": 1.0027975046294153,
  "I_LV0102_MV0102": 0.2642255495126727,
  "P_LV0103": 0.27275731497418243,
  "Q_LV0103": -0.016481927710843374,
  "U_LV0103": 1.0031239170936164,
  "I_LV0103_MV0103": 0.27240387148585904,
  "P_LV0201": 0.26141987829614605,
  "Q_LV0201": -0.01606490872210953,
  "U_LV0201": 1.0029120397663798,
  "I_LV0201_MV0201": 0.26115254108498936,
  "P_LV0202": 0.2634901365705614,
  "Q_LV0202": -0.016024279210925644,
  "U_LV0202": 1.0033042584290728,
  "I_LV0202_MV0202": 0.26310757357191417,
  "P_LV0203": 0.2630977443609022,
  "Q_LV0203": -0.0158796992481203,
  "U_LV0203": 1.0034853532653496,
  "I_LV0203_MV0203": 0.2626610648669443,
  "P_POIMV_MV0101": -0.7878174325992202,
  "Q_POIMV_MV0101": 0.07712700460049858,
  "U_POIMV": 0.9978035284616487,
  "I_POIMV_MV0101": 0.7933262993868552,
  "P_POIMV_MV0201": -0.7813858959906231,
  "Q_POIMV_MV0201": 0.07568669258544934,
  "I_POIMV_MV0201": 0.7867710450771688,
  "P_POI_POIMV": -1.5692033286985831,
  "Q_POI_POIMV": 0.18475723249345755,
  "U_POI": 1.0,
  "I_POI_POIMV": 1.5800425063134709
}