{
  "P_LV0101": 0.20627344016365495,
  "Q_LV0101": -0.029662461643368564,
  "P_LV0102": 0.11864984657347426,
  "Q_LV0102": -0.01943402659393113,
  "P_LV0103": 0.14899420388680532,
  "Q_LV0103": -0.030003409478349813,
  "P_LV0201": 0.12717354244800547,
  "Q_LV0201": -0.019774974428912375,
  "P_LV0202": 0.12274122059324924,
  "Q_LV0202": -0.019774974428912375,
  "P_LV0203": 0.12240027275826798,
  "Q_LV0203": -0.019774974428912375,
  "U_POI": 1.0,
  "P_POIMV_MV0101": -0.4715141312242774,
  "Q_POIMV_MV0101": 0.0892059908731245,
  "I_POIMV_MV0101": 0.480868341673741,
  "P_POIMV_MV0201": -0.37079329364638536,
  "Q_POIMV_MV0201": 0.06450707446448084,
  "I_POIMV_MV0201": 0.3771390240058275,
  "P_POI_POIMV": -0.8423074248715774,
  "Q_POI_POIMV": 0.16273234709936138,
  "I_POI_POIMV": 0.8578832174522679
}