{
  "P_LV0101": 0.21406068871462663,
  "Q_LV0101": -0.018288441868394133,
  "U_LV0101": 1.0010858471595785,
  "I_LV0101_MV0101": 0.21460748098875704,
  "P_LV0102": 0.22168032786885247,
  "Q_LV0102": -0.018258196721311477,
  "U_LV0102": 1.0015579930983192,
  "I_LV0102_MV0102": 0.2220849476660122,
  "P_LV0103": 0.2308709122203098,
  "Q_LV0103": -0.01858864027538726,
  "U_LV0103": 1.0018732302032158,
  "I_LV0103_MV0103": 0.23118497560195508,
  "P_LV0201": 0.21961460446247463,
  "Q_LV0201": -0.018073022312373226,
  "U_LV0201": 1.0016677119651825,
  "I_LV0201_MV0201": 0.21999012251766228,
  "P_LV0202": 0.22088012139605462,
  "Q_LV0202": -0.018209408194233688,
  "U_LV0202": 1.0019609859034408,
  "I_LV0202_MV0202": 0.2211956826716915,
  "P_LV0203": 0.2208721804511278,
  "Q_LV0203": -0.017864661654135337,
  "U_LV0203": 1.0021501158215755,
  "I_LV0203_MV0203": 0.22111804124892845,
  "P_POIMV_MV0101": -0.6621420716919308,
  "Q_POIMV_MV0101": 0.0747635990231765,
  "U_POIMV": 0.9979270021419495,
  "I_POIMV_MV0101": 0.6677337576916694,
  "P_POIMV_MV0201": -0.6566764672881359,
  "Q_POIMV_MV0201": 0.07332834875924746,
  "I_POIMV_MV0201": 0.6621305155787214,
  "P_POI_POIMV": -1.318818539008107,
  "Q_POI_POIMV": 0.17055405058669965,
  "U_POI": 1.0,
  "I_POI_POIMV": 1.3298011215978907
}