{
  "P_LV0101": 0.2279918172519604,
  "Q_LV0101": -0.014217524718718033,
  "U_LV0101": 1.002303055977659,
  "I_LV0101_MV0101": 0.22790979910998926,
  "P_LV0102": 0.2211577868852459,
  "Q_LV0102": -0.014139344262295081,
  "U_LV0102": 1.0024353018309717,
  "I_LV0102_MV0102": 0.22107093887250565,
  "P_LV0103": 0.21180722891566264,
  "Q_LV0103": -0.014354561101549052,
  "U_LV0103": 1.002323384332649,
  "I_LV0103_MV0103": 0.21180099390947577,
  "P_LV0201": 0.22378296146044624,
  "Q_LV0201": -0.013995943204868152,
  "U_LV0201": 1.0026716824027324,
  "I_LV0201_MV0201": 0.22362275587705943,
  "P_LV0202": 0.2220030349013657,
  "Q_LV0202": -0.013960546282245826,
  "U_LV0202": 1.0029231561428278,
  "I_LV0202_MV0202": 0.2217932164771028,
  "P_LV0203": 0.22225563909774437,
  "Q_LV0203": -0.013834586466165413,
  "U_LV0203": 1.0030905914641453,
  "I_LV0203_MV0203": 0.22199968825024535,
  "P_POIMV_MV0101": -0.6565963167498443,
  "Q_POIMV_MV0101": 0.061886691919845326,
  "U_POIMV": 0.9982524560517498,
  "I_POIMV_MV0101": 0.6606609295857951,
  "P_POIMV_MV0201": -0.6632798833120803,
  "Q_POIMV_MV0201": 0.06129175328668022,
  "I_POIMV_MV0201": 0.6672718462178399,
  "P_POI_POIMV": -1.3198762000885094,
  "Q_POI_POIMV": 0.14557369417584878,
  "U_POI": 1.0,
  "I_POI_POIMV": 1.3278798454664813
}