{
  "P_LV0101": 0.08060006818956698,
  "Q_LV0101": -0.010637572451414933,
  "U_LV0101": 0.9999022876961846,
  "I_LV0101_MV0101": 0.08130695415377161,
  "P_LV0102": 0.07177254098360655,
  "Q_LV0102": -0.010758196721311475,
  "U_LV0102": 0.9997364132040559,
  "I_LV0102_MV0102": 0.07259348577296577,
  "P_LV0103": 0.06206540447504302,
  "Q_LV0103": -0.010946643717728055,
  "U_LV0103": 0.9994913775381288,
  "I_LV0103_MV0103": 0.06305542772288292,
  "P_LV0201": 0.07576064908722109,
  "Q_LV0201": -0.010344827586206896,
  "U_LV0201": 0.9999587125003072,
  "I_LV0201_MV0201": 0.07646681782542168,
  "P_LV0202": 0.07344461305007587,
  "Q_LV0202": -0.010622154779969651,
  "U_LV0202": 0.9999510378966922,
  "I_LV0202_MV0202": 0.07421240233758844,
  "P_LV0203": 0.07308270676691729,
  "Q_LV0203": -0.010225563909774436,
  "U_LV0203": 1.000042484648577,
  "I_LV0203_MV0203": 0.07379147310210499,
  "P_POIMV_MV0101": -0.2139656123804456,
  "Q_POIMV_MV0101": 0.033294915256894,
  "U_POIMV": 0.99914005485609,
  "I_POIMV_MV0101": 0.21672698073805796,
  "P_POIMV_MV0201": -0.22174968587484467,
  "Q_POIMV_MV0201": 0.03201994809888656,
  "I_POIMV_MV0201": 0.22424238482572986,
  "P_POI_POIMV": -0.4357152982551858,
  "Q_POI_POIMV": 0.06728084923978313,
  "U_POI": 1.0,
  "I_POI_POIMV": 0.44087927350696804
}