{
  "P_LV0101": 0.3023116263211728,
  "Q_LV0101": -0.012887828162291169,
  "U_LV0101": 1.003719161514891,
  "I_LV0101_MV0101": 0.30146501465577086,
  "P_LV0102": 0.30688524590163935,
  "Q_LV0102": -0.012909836065573771,
  "U_LV0102": 1.0042184463143695,
  "I_LV0102_MV0102": 0.30586638599152094,
  "P_LV0103": 0.31328055077452666,
  "Q_LV0103": -0.013012048192771084,
  "U_LV0103": 1.0045457113549776,
  "I_LV0103_MV0103": 0.31213179976831057,
  "P_LV0201": 0.30450304259634886,
  "Q_LV0201": -0.012778904665314401,
  "U_LV0201": 1.0043755835027834,
  "I_LV0201_MV0201": 0.30344332553842623,
  "P_LV0202": 0.3059180576631259,
  "Q_LV0202": -0.012746585735963581,
  "U_LV0202": 1.0048084618943434,
  "I_LV0202_MV0202": 0.3047182702165028,
  "P_LV0203": 0.3056842105263158,
  "Q_LV0203": -0.01263157894736842,
  "U_LV0203": 1.0050181241461242,
  "I_LV0203_MV0203": 0.3044174775892647,
  "P_POIMV_MV0101": -0.9140192054251114,
  "Q_POIMV_MV0101": 0.0771137524419283,
  "U_POIMV": 0.9977270608314464,
  "I_POIMV_MV0101": 0.9193560349630511,
  "P_POIMV_MV0201": -0.9072003260463796,
  "Q_POIMV_MV0201": 0.07596827748598585,
  "I_POIMV_MV0201": 0.9124494749740407,
  "P_POI_POIMV": -1.8212195318240267,
  "Q_POI_POIMV": 0.19620799352830776,
  "U_POI": 1.0,
  "I_POI_POIMV": 1.8317582154372156
}