{
  "P_LV0101": 0.6464370951244459,
  "Q_LV0101": -0.04875554040231844,
  "P_LV0102": 0.4452778724855097,
  "Q_LV0102": -0.032730992158199794,
  "P_LV0103": 0.6873508353221957,
  "Q_LV0103": -0.049096488237299694,
  "P_LV0201": 0.4459597681554722,
  "Q_LV0201": -0.032730992158199794,
  "P_LV0202": 0.44971019434026593,
  "Q_LV0202": -0.032730992158199794,
  "P_LV0203": 0.4527787248550972,
  "Q_LV0203": -0.03239004432321855,
  "U_POI": 1.0,
  "P_POIMV_MV0101": -1.7464097643238943,
  "Q_POIMV_MV0101": 0.2825250036634836,
  "I_POIMV_MV0101": 1.781413991790771,
  "P_POIMV_MV0201": -1.3289287917891168,
  "Q_POIMV_MV0201": 0.1825826323297421,
  "I_POIMV_MV0201": 1.350738420132663,
  "P_POI_POIMV": -3.0753385889981124,
  "Q_POI_POIMV": 0.5922641990625346,
  "I_POI_POIMV": 3.131849983391939
}