{
  "P_LV0101": 0.20730992158199793,
  "Q_LV0101": -0.01890214797136038,
  "U_LV0101": 1.0008321964146052,
  "I_LV0101_MV0101": 0.20799677584869705,
  "P_LV0102": 0.21504098360655738,
  "Q_LV0102": -0.018811475409836066,
  "U_LV0102": 1.0013073549310678,
  "I_LV0102_MV0102": 0.21558037579630163,
  "P_LV0103": 0.22442685025817555,
  "Q_LV0103": -0.01908433734939759,
  "U_LV0103": 1.0016319301816616,
  "I_LV0103_MV0103": 0.22486984359851603,
  "P_LV0201": 0.21377281947261662,
  "Q_LV0201": -0.018620689655172412,
  "U_LV0201": 1.0014332231862968,
  "I_LV0201_MV0201": 0.21427516081543263,
  "P_LV0202": 0.21450682852807282,
  "Q_LV0202": -0.01857359635811836,
  "U_LV0202": 1.0017310731323164,
  "I_LV0202_MV0202": 0.21493737468468377,
  "P_LV0203": 0.21473684210526314,
  "Q_LV0203": -0.018406015037593985,
  "U_LV0203": 1.001896869312008,
  "I_LV0203_MV0203": 0.2151161804687244,
  "P_POIMV_MV0101": -0.6425634928186492,
  "Q_POIMV_MV0101": 0.07523010429280581,
  "U_POIMV": 0.9979247754082118,
  "I_POIMV_MV0101": 0.6482977658077284,
  "P_POIMV_MV0201": -0.6385773804018828,
  "Q_POIMV_MV0201": 0.07367130066834104,
  "I_POIMV_MV0201": 0.6441497385257666,
  "P_POI_POIMV": -1.2811408732431357,
  "Q_POI_POIMV": 0.17008590780128374,
  "U_POI": 1.0,
  "I_POI_POIMV": 1.2923819687409648
}