{
  "P_LV0101": 0.13876576883736788,
  "Q_LV0101": -0.027616774633481077,
  "P_LV0102": 0.10569382884418684,
  "Q_LV0102": -0.018411183088987385,
  "P_LV0103": 0.17831571769519264,
  "Q_LV0103": -0.027616774633481077,
  "P_LV0201": 0.10160245482441187,
  "Q_LV0201": -0.018411183088987385,
  "P_LV0202": 0.1039890896692806,
  "Q_LV0202": -0.018411183088987385,
  "P_LV0203": 0.1039890896692806,
  "Q_LV0203": -0.018411183088987385,
  "U_POI": 1.0,
  "P_POIMV_MV0101": -0.4208461730432668,
  "Q_POIMV_MV0101": 0.08139542792809981,
  "I_POIMV_MV0101": 0.42944447239328143,
  "P_POIMV_MV0201": -0.3085201377844568,
  "Q_POIMV_MV0201": 0.058368866234044435,
  "I_POIMV_MV0201": 0.31457847169433023,
  "P_POI_POIMV": -0.7293663108282467,
  "Q_POI_POIMV": 0.14640635311098035,
  "I_POI_POIMV": 0.7439153416904801
}