{
  "P_LV0101": 0.6331401295601773,
  "Q_LV0101": -0.051824070917149676,
  "P_LV0102": 0.4357313331060348,
  "Q_LV0102": -0.03443573133310603,
  "P_LV0103": 0.672690078418002,
  "Q_LV0103": -0.051824070917149676,
  "P_LV0201": 0.4350494374360723,
  "Q_LV0201": -0.03443573133310603,
  "P_LV0202": 0.4381179679509035,
  "Q_LV0202": -0.03409478349812479,
  "P_LV0203": 0.44255028980565975,
  "Q_LV0203": -0.03443573133310603,
  "U_POI": 1.0,
  "P_POIMV_MV0101": -1.7102014051119914,
  "Q_POIMV_MV0101": 0.2839502695095266,
  "I_POIMV_MV0101": 1.7456623100047028,
  "P_POIMV_MV0201": -1.2970990842668928,
  "Q_POIMV_MV0201": 0.1837116560924536,
  "I_POIMV_MV0201": 1.319149049620418,
  "P_POI_POIMV": -3.0073005172912124,
  "Q_POI_POIMV": 0.5893855028416127,
  "I_POI_POIMV": 3.064511653144731
}