{
  "P_LV0101": 0.2887487214456188,
  "Q_LV0101": -0.0075690419365837015,
  "U_LV0101": 1.004731687371111,
  "I_LV0101_MV0101": 0.28748760753372443,
  "P_LV0102": 0.2857069672131147,
  "Q_LV0102": -0.007530737704918033,
  "U_LV0102": 1.005043903294232,
  "I_LV0102_MV0102": 0.28437185442865365,
  "P_LV0103": 0.281617900172117,
  "Q_LV0103": -0.007641996557659208,
  "U_LV0103": 1.0051237623126572,
  "I_LV0103_MV0103": 0.2802854518663712,
  "P_LV0201": 0.2867647058823529,
  "Q_LV0201": -0.007454361054766733,
  "U_LV0201": 1.0052707648821202,
  "I_LV0201_MV0201": 0.2853575240482972,
  "P_LV0202": 0.2858877086494689,
  "Q_LV0202": -0.007435508345978756,
  "U_LV0202": 1.0056310276300666,
  "I_LV0202_MV0202": 0.28438301688647777,
  "P_LV0203": 0.2863157894736842,
  "Q_LV0203": -0.007368421052631579,
  "U_LV0203": 1.0058383101298947,
  "I_LV0203_MV0203": 0.2847481400999938,
  "P_POIMV_MV0101": -0.8488191801663074,
  "Q_POIMV_MV0101": 0.05545189263095164,
  "U_POIMV": 0.9983181121138363,
  "I_POIMV_MV0101": 0.8520616120754151,
  "P_POIMV_MV0201": -0.8511618872336653,
  "Q_POIMV_MV0201": 0.055215152979021555,
  "I_POIMV_MV0201": 0.8543879043550446,
  "P_POI_POIMV": -1.6999810675973677,
  "Q_POI_POIMV": 0.14801768912739513,
  "U_POI": 1.0,
  "I_POI_POIMV": 1.7064128651894594
}