{
  "P_LV0101": 0.9969314694851688,
  "Q_LV0101": -0.015001704739174906,
  "P_LV0102": 0.6638254347084896,
  "Q_LV0102": -0.00954653937947494,
  "P_LV0103": 0.984998295260825,
  "Q_LV0103": -0.015001704739174906,
  "P_LV0201": 0.6703034435731333,
  "Q_LV0201": -0.00954653937947494,
  "P_LV0202": 0.6730310262529833,
  "Q_LV0202": -0.00954653937947494,
  "P_LV0203": 0.6795090351176271,
  "Q_LV0203": -0.00954653937947494,
  "U_POI": 1.0,
  "P_POIMV_MV0101": -2.574972286057251,
  "Q_POIMV_MV0101": 0.37086727027139016,
  "I_POIMV_MV0101": 2.6265779519609866,
  "P_POIMV_MV0201": -1.9795949035890905,
  "Q_POIMV_MV0201": 0.21825373961336433,
  "I_POIMV_MV0201": 2.0107554646381933,
  "P_POI_POIMV": -4.554567189646082,
  "Q_POI_POIMV": 0.8684924212529372,
  "I_POI_POIMV": 4.636632546447303
}