{
  "P_LV0101": 0.14933515172178657,
  "Q_LV0101": -0.022843504943743608,
  "P_LV0102": 0.08421411524036822,
  "Q_LV0102": -0.015342652574156155,
  "P_LV0103": 0.1033071939993181,
  "Q_LV0103": -0.022843504943743608,
  "P_LV0201": 0.09137401977497443,
  "Q_LV0201": -0.015342652574156155,
  "P_LV0202": 0.08728264575519945,
  "Q_LV0202": -0.015342652574156155,
  "P_LV0203": 0.08796454142516195,
  "Q_LV0203": -0.015342652574156155,
  "U_POI": 1.0,
  "P_POIMV_MV0101": -0.3356314129652795,
  "Q_POIMV_MV0101": 0.06556392136957477,
  "I_POIMV_MV0101": 0.34249021302000837,
  "P_POIMV_MV0201": -0.265837705479207,
  "Q_POIMV_MV0201": 0.04794262776101411,
  "I_POIMV_MV0201": 0.2705329994726736,
  "P_POI_POIMV": -0.60146911844493,
  "Q_POI_POIMV": 0.11783361846108051,
  "I_POI_POIMV": 0.6129028161809609
}