{
  "P_LV0101": 0.4643709512444596,
  "Q_LV0101": -0.04977838390726219,
  "P_LV0102": 0.2881009205591544,
  "Q_LV0102": -0.033071939993181046,
  "P_LV0103": 0.39072621888851006,
  "Q_LV0103": -0.04977838390726219,
  "P_LV0201": 0.30037504261847936,
  "Q_LV0201": -0.03341288782816229,
  "P_LV0202": 0.2956017729287419,
  "Q_LV0202": -0.033071939993181046,
  "P_LV0203": 0.29867030344357315,
  "Q_LV0203": -0.033071939993181046,
  "U_POI": 1.0,
  "P_POIMV_MV0101": -1.129572199804777,
  "Q_POIMV_MV0101": 0.19561498319451662,
  "I_POIMV_MV0101": 1.1517792733079786,
  "P_POIMV_MV0201": -0.885971790159387,
  "Q_POIMV_MV0201": 0.13637087000509063,
  "I_POIMV_MV0201": 0.9006236168825694,
  "P_POI_POIMV": -2.0155439911004476,
  "Q_POI_POIMV": 0.3862640066233853,
  "I_POI_POIMV": 2.052222566602822
}