{
  "P_LV0101": 0.021786566655301737,
  "Q_LV0101": -0.004091374019774974,
  "U_LV0101": 0.9997667834771085,
  "I_LV0101_MV0101": 0.02217257547635912,
  "P_LV0102": 0.01798155737704918,
  "Q_LV0102": -0.003995901639344262,
  "U_LV0102": 0.9996954171407997,
  "I_LV0102_MV0102": 0.018425808446478825,
  "P_LV0103": 0.015077452667814113,
  "Q_LV0103": -0.004130808950086058,
  "U_LV0103": 0.9996056054220979,
  "I_LV0103_MV0103": 0.015639246977580942,
  "P_LV0201": 0.01947261663286004,
  "Q_LV0201": -0.004259634888438134,
  "U_LV0201": 0.999714493364653,
  "I_LV0201_MV0201": 0.019938762703291667,
  "P_LV0202": 0.01851289833080425,
  "Q_LV0202": -0.004248861911987861,
  "U_LV0202": 0.9997117769594879,
  "I_LV0202_MV0202": 0.018999691763388272,
  "P_LV0203": 0.01819548872180451,
  "Q_LV0203": -0.003909774436090226,
  "U_LV0203": 0.9997611571631507,
  "I_LV0203_MV0203": 0.018615253237923617,
  "P_POIMV_MV0101": -0.05481363628458737,
  "Q_POIMV_MV0101": 0.011096232473977818,
  "U_POIMV": 0.9997182779950917,
  "I_POIMV_MV0101": 0.0559412558381351,
  "P_POIMV_MV0201": -0.05614566453910538,
  "Q_POIMV_MV0201": 0.011019329250856745,
  "I_POIMV_MV0201": 0.05723291556990342,
  "P_POI_POIMV": -0.11095930165563472,
  "Q_POI_POIMV": 0.021716428639606367,
  "U_POI": 1.0,
  "I_POI_POIMV": 0.11306445018999232
}