{
  "P_LV0101": 0.2901466075690419,
  "Q_LV0101": -0.03682236617797477,
  "P_LV0102": 0.17217865666553017,
  "Q_LV0102": -0.024548244118649847,
  "P_LV0103": 0.2229798840777361,
  "Q_LV0103": -0.037504261847937266,
  "P_LV0201": 0.1824070917149676,
  "Q_LV0201": -0.024548244118649847,
  "P_LV0202": 0.17695192635526763,
  "Q_LV0202": -0.024548244118649847,
  "P_LV0203": 0.17899761336515513,
  "Q_LV0203": -0.024548244118649847,
  "U_POI": 1.0,
  "P_POIMV_MV0101": -0.6803439334974379,
  "Q_POIMV_MV0101": 0.1210523264960912,
  "I_POIMV_MV0101": 0.6929858002781395,
  "P_POIMV_MV0201": -0.5351956166727501,
  "Q_POIMV_MV0201": 0.08607651319186693,
  "I_POIMV_MV0201": 0.5436080884569424,
  "P_POI_POIMV": -1.2155395501904633,
  "Q_POI_POIMV": 0.2264727175008648,
  "I_POI_POIMV": 1.2364571524518995
}