{
  "P_LV0101": 0.03467439481759291,
  "Q_LV0101": -0.005727923627684963,
  "U_LV0101": 0.9997675855240084,
  "I_LV0101_MV0101": 0.03515248260001092,
  "P_LV0102": 0.028893442622950818,
  "Q_LV0102": -0.005686475409836065,
  "U_LV0102": 0.9996478808198677,
  "I_LV0102_MV0102": 0.029458071927228217,
  "P_LV0103": 0.023752151462994836,
  "Q_LV0103": -0.005989672977624785,
  "U_LV0103": 0.9994793761965522,
  "I_LV0103_MV0103": 0.024508490883142265,
  "P_LV0201": 0.031034482758620686,
  "Q_LV0201": -0.0056288032454361045,
  "U_LV0201": 0.999739185326591,
  "I_LV0201_MV0201": 0.03154903543690282,
  "P_LV0202": 0.02959028831562974,
  "Q_LV0202": -0.005614567526555387,
  "U_LV0202": 0.999738071382599,
  "I_LV0202_MV0202": 0.030126132810566676,
  "P_LV0203": 0.029473684210526315,
  "Q_LV0203": -0.0055639097744360905,
  "U_LV0203": 0.9997599271011253,
  "I_LV0203_MV0203": 0.030001453996890477,
  "P_POIMV_MV0101": -0.08723969031810909,
  "Q_POIMV_MV0101": 0.01651078352566941,
  "U_POIMV": 0.9995857749646566,
  "I_POIMV_MV0101": 0.08882513483056229,
  "P_POIMV_MV0201": -0.09000872441175248,
  "Q_POIMV_MV0201": 0.015649330813983765,
  "I_POIMV_MV0201": 0.09139688703228478,
  "P_POI_POIMV": -0.17724841991294005,
  "Q_POI_POIMV": 0.03201710552264776,
  "U_POI": 1.0,
  "I_POI_POIMV": 0.1801168992839991
}