{
  "P_LV0101": 0.7599727241732015,
  "Q_LV0101": -0.047391749062393455,
  "U_LV0101": 1.0017039147748903,
  "I_LV0101_MV0101": 0.7601537137489623,
  "P_LV0102": 0.49062393453801567,
  "Q_LV0102": -0.03136720081827481,
  "U_LV0102": 1.000553236290746,
  "I_LV0102_MV0102": 0.4913537780229931,
  "P_LV0103": 0.6992840095465394,
  "Q_LV0103": -0.047391749062393455,
  "U_LV0103": 1.0020596747788395,
  "I_LV0103_MV0103": 0.6994474421771794,
  "P_LV0201": 0.5015342652574156,
  "Q_LV0201": -0.03136720081827481,
  "U_LV0201": 1.0008337281616035,
  "I_LV0201_MV0201": 0.5020955848172521,
  "P_LV0202": 0.4988066825775656,
  "Q_LV0202": -0.03136720081827481,
  "U_LV0202": 1.0014141132732983,
  "I_LV0202_MV0202": 0.49908619750556754,
  "P_LV0203": 0.5039209001022843,
  "Q_LV0203": -0.03136720081827481,
  "U_LV0203": 1.0018212708551872,
  "I_LV0203_MV0203": 0.5039783186682351,
  "P_POIMV_MV0101": -1.9108784483934542,
  "Q_POIMV_MV0101": 0.30842592092796395,
  "U_POIMV": 0.9923504723793719,
  "I_POIMV_MV0101": 1.9505298365376185,
  "P_POIMV_MV0201": -1.480037800261387,
  "Q_POIMV_MV0201": 0.1996477869907303,
  "I_POIMV_MV0201": 1.504954904444384,
  "P_POI_POIMV": -3.390916319669005,
  "Q_POI_POIMV": 0.6629569522852707,
  "U_POI": 1.0,
  "I_POI_POIMV": 3.4551158312827894
}