{
  "P_LV0101": 0.20354585748380497,
  "Q_LV0101": -0.015342652574156151,
  "U_LV0101": 1.0015966366197484,
  "I_LV0101_MV0101": 0.20379788796910986,
  "P_LV0102": 0.195952868852459,
  "Q_LV0102": -0.015368852459016393,
  "U_LV0102": 1.0016577500908952,
  "I_LV0102_MV0102": 0.19622934569894185,
  "P_LV0103": 0.18537005163511186,
  "Q_LV0103": -0.015490533562822718,
  "U_LV0103": 1.001506436518767,
  "I_LV0103_MV0103": 0.18573636235902158,
  "P_LV0201": 0.19929006085192696,
  "Q_LV0201": -0.015212981744421905,
  "U_LV0201": 1.001898506270046,
  "I_LV0201_MV0201": 0.19949113042085492,
  "P_LV0202": 0.1968133535660091,
  "Q_LV0202": -0.015326251896813354,
  "U_LV0202": 1.0020773903518205,
  "I_LV0202_MV0202": 0.19699994887450856,
  "P_LV0203": 0.19699248120300752,
  "Q_LV0203": -0.01518796992481203,
  "U_LV0203": 1.0022276871450404,
  "I_LV0203_MV0203": 0.19713794248190736,
  "P_POIMV_MV0101": -0.5814419256855279,
  "Q_POIMV_MV0101": 0.06100614130906659,
  "U_POIMV": 0.998301649430945,
  "I_POIMV_MV0101": 0.5856282156743429,
  "P_POIMV_MV0201": -0.5893292210933713,
  "Q_POIMV_MV0201": 0.06083008170937681,
  "I_POIMV_MV0201": 0.5934682361889794,
  "P_POI_POIMV": -1.1707711467888169,
  "Q_POI_POIMV": 0.13937288768808162,
  "U_POI": 1.0,
  "I_POI_POIMV": 1.1790376923473291
}