{
  "P_LV0101": 0.5376747357654279,
  "Q_LV0101": -0.05080122741220593,
  "P_LV0102": 0.3740197749744289,
  "Q_LV0102": -0.03409478349812479,
  "P_LV0103": 0.5819979543129901,
  "Q_LV0103": -0.05114217524718718,
  "P_LV0201": 0.37299693146948515,
  "Q_LV0201": -0.03409478349812479,
  "P_LV0202": 0.37572451414933516,
  "Q_LV0202": -0.03409478349812479,
  "P_LV0203": 0.3798158881691101,
  "Q_LV0203": -0.03409478349812479,
  "U_POI": 1.0,
  "P_POIMV_MV0101": -1.4705391819022964,
  "Q_POIMV_MV0101": 0.24335784013387138,
  "I_POIMV_MV0101": 1.4993382119542498,
  "P_POIMV_MV0201": -1.1147995400042001,
  "Q_POIMV_MV0201": 0.1614557097897574,
  "I_POIMV_MV0201": 1.1330798583841122,
  "P_POI_POIMV": -2.585338730206469,
  "Q_POI_POIMV": 0.4944688053323023,
  "I_POI_POIMV": 2.632199792825832
}