{
  "P_LV0101": 0.2968291851346744,
  "Q_LV0101": -0.005011933174224343,
  "U_LV0101": 1.0053874780378973,
  "I_LV0101_MV0101": 0.29528067699726807,
  "P_LV0102": 0.29661885245901637,
  "Q_LV0102": -0.0049180327868852455,
  "U_LV0102": 1.0057894028895293,
  "I_LV0102_MV0102": 0.2949520248416627,
  "P_LV0103": 0.29772805507745265,
  "Q_LV0103": -0.005060240963855421,
  "U_LV0103": 1.0059909122868913,
  "I_LV0103_MV0103": 0.2959977577989237,
  "P_LV0201": 0.2969574036511156,
  "Q_LV0201": -0.00486815415821501,
  "U_LV0201": 1.0060007378247255,
  "I_LV0201_MV0201": 0.2952257316943984,
  "P_LV0202": 0.29681335356600913,
  "Q_LV0202": -0.004855842185128983,
  "U_LV0202": 1.0063930674966253,
  "I_LV0202_MV0202": 0.29496732551922156,
  "P_LV0203": 0.2980451127819549,
  "Q_LV0203": -0.00481203007518797,
  "U_LV0203": 1.0066231872739129,
  "I_LV0203_MV0203": 0.29612268018228927,
  "P_POIMV_MV0101": -0.8833255921769387,
  "Q_POIMV_MV0101": 0.050472239571083634,
  "U_POIMV": 0.9984301388474336,
  "I_POIMV_MV0101": 0.8861575251688307,
  "P_POIMV_MV0201": -0.8834162129010462,
  "Q_POIMV_MV0201": 0.05011183950156139,
  "I_POIMV_MV0201": 0.8862276243196829,
  "P_POI_POIMV": -1.766741805344437,
  "Q_POI_POIMV": 0.1409214528077506,
  "U_POI": 1.0,
  "I_POI_POIMV": 1.7723530863270915
}