{
  "P_LV0101": 0.8210023866348448,
  "Q_LV0101": -0.040913740197749744,
  "U_LV0101": 1.0029475373653312,
  "I_LV0101_MV0101": 0.8196053823571758,
  "P_LV0102": 0.5322195704057279,
  "Q_LV0102": -0.02727582679849983,
  "U_LV0102": 1.001519916703676,
  "I_LV0102_MV0102": 0.5321092824288854,
  "P_LV0103": 0.766109785202864,
  "Q_LV0103": -0.040913740197749744,
  "U_LV0103": 1.0035604211487108,
  "I_LV0103_MV0103": 0.7644796276451614,
  "P_LV0201": 0.5431299011251278,
  "Q_LV0201": -0.02727582679849983,
  "U_LV0201": 1.0017950926014547,
  "I_LV0201_MV0201": 0.5428399140004215,
  "P_LV0202": 0.5427889532901466,
  "Q_LV0202": -0.02727582679849983,
  "U_LV0202": 1.0024750771072792,
  "I_LV0202_MV0202": 0.5421320249108966,
  "P_LV0203": 0.5465393794749404,
  "Q_LV0203": -0.02727582679849983,
  "U_LV0203": 1.0028827045804594,
  "I_LV0203_MV0203": 0.5456466376521312,
  "P_POIMV_MV0101": -2.073433648605975,
  "Q_POIMV_MV0101": 0.32376735910237436,
  "U_POIMV": 0.991887341034738,
  "I_POIMV_MV0101": 2.1157237459877325,
  "P_POIMV_MV0201": -1.60402632205309,
  "Q_POIMV_MV0201": 0.20597010282878897,
  "I_POIMV_MV0201": 1.63042344742331,
  "P_POI_POIMV": -3.6774599706586555,
  "Q_POI_POIMV": 0.7118691056993728,
  "U_POI": 1.0,
  "I_POI_POIMV": 3.745726826591334
}