{
  "P_LV0101": 0.005523354926696215,
  "Q_LV0101": -0.002209341970678486,
  "U_LV0101": 0.9997253335962545,
  "I_LV0101_MV0101": 0.0059504697038688225,
  "P_LV0102": 0.006270491803278689,
  "Q_LV0102": -0.0023975409836065574,
  "U_LV0102": 0.9997267515951774,
  "I_LV0102_MV0102": 0.006715050958634586,
  "P_LV0103": 0.006196213425129087,
  "Q_LV0103": -0.0022306368330464715,
  "U_LV0103": 0.9997512895989767,
  "I_LV0103_MV0103": 0.006587137620345465,
  "P_LV0201": 0.005659229208924949,
  "Q_LV0201": -0.0020081135902636914,
  "U_LV0201": 0.9997668716645713,
  "I_LV0201_MV0201": 0.006006347825724577,
  "P_LV0202": 0.00582701062215478,
  "Q_LV0202": -0.0020030349013657055,
  "U_LV0202": 0.999778735744897,
  "I_LV0202_MV0202": 0.006163035637472585,
  "P_LV0203": 0.005774436090225564,
  "Q_LV0203": -0.0021654135338345865,
  "U_LV0203": 0.9997578511149007,
  "I_LV0203_MV0203": 0.00616859416223117,
  "P_POIMV_MV0101": -0.017986347312144935,
  "Q_POIMV_MV0101": 0.005581917485793779,
  "U_POIMV": 0.9998741927633504,
  "I_POIMV_MV0101": 0.01883496080477058,
  "P_POIMV_MV0201": -0.017257100462548258,
  "Q_POIMV_MV0201": 0.004636538139100608,
  "I_POIMV_MV0201": 0.017871355830313955,
  "P_POI_POIMV": -0.03524344778517535,
  "Q_POI_POIMV": 0.00967008338511399,
  "U_POI": 1.0,
  "I_POI_POIMV": 0.03654601379714947
}