{
  "P_LV0101": 0.9522673031026253,
  "Q_LV0101": -0.02523013978861234,
  "P_LV0102": 0.6310944425502898,
  "Q_LV0102": -0.016706443914081145,
  "P_LV0103": 0.9232867371292193,
  "Q_LV0103": -0.02523013978861234,
  "P_LV0201": 0.640981929764746,
  "Q_LV0201": -0.016706443914081145,
  "P_LV0202": 0.6389362427548585,
  "Q_LV0202": -0.016706443914081145,
  "P_LV0203": 0.6481418342993522,
  "Q_LV0203": -0.016706443914081145,
  "U_POI": 1.0,
  "P_POIMV_MV0101": -2.442915372618412,
  "Q_POIMV_MV0101": 0.3654693552129865,
  "I_POIMV_MV0101": 2.4934074532464665,
  "P_POIMV_MV0201": -1.8886426476083988,
  "Q_POIMV_MV0201": 0.22281260852511348,
  "I_POIMV_MV0201": 1.9196834237802978,
  "P_POI_POIMV": -4.331558020227332,
  "Q_POI_POIMV": 0.8412433222903144,
  "I_POI_POIMV": 4.412491950122264
}