{
  "P_LV0101": 0.9277190589839754,
  "Q_LV0101": -0.03068530514831231,
  "P_LV0102": 0.607909989771565,
  "Q_LV0102": -0.020456870098874872,
  "P_LV0103": 0.8864643709512444,
  "Q_LV0103": -0.03068530514831231,
  "P_LV0201": 0.6177974769860212,
  "Q_LV0201": -0.020115922263893624,
  "P_LV0202": 0.6184793726559836,
  "Q_LV0202": -0.020456870098874872,
  "P_LV0203": 0.6225707466757586,
  "Q_LV0203": -0.020456870098874872,
  "U_POI": 1.0,
  "P_POIMV_MV0101": -2.3624331045033387,
  "Q_POIMV_MV0101": 0.3610901862143707,
  "I_POIMV_MV0101": 2.41197546413307,
  "P_POIMV_MV0201": -1.8221403946859533,
  "Q_POIMV_MV0201": 0.2217492148015484,
  "I_POIMV_MV0201": 1.8525628089381607,
  "P_POI_POIMV": -4.184573499188877,
  "Q_POI_POIMV": 0.8190214714882504,
  "I_POI_POIMV": 4.263971334433737
}