{
  "P_LV0101": 0.13160586430276167,
  "Q_LV0101": -0.020456870098874872,
  "P_LV0102": 0.0733037845209683,
  "Q_LV0102": -0.013637913399249914,
  "P_LV0103": 0.09035117627003068,
  "Q_LV0103": -0.02079781793385612,
  "P_LV0201": 0.079781793385612,
  "Q_LV0201": -0.013637913399249914,
  "P_LV0202": 0.07637231503579953,
  "Q_LV0202": -0.013637913399249914,
  "P_LV0203": 0.07671326287078077,
  "Q_LV0203": -0.013637913399249914,
  "U_POI": 1.0,
  "P_POIMV_MV0101": -0.29431626694019264,
  "Q_POIMV_MV0101": 0.05809879648837077,
  "I_POIMV_MV0101": 0.30039283312555604,
  "P_POIMV_MV0201": -0.23226921135300577,
  "Q_POIMV_MV0201": 0.04200788804216607,
  "I_POIMV_MV0201": 0.23634970361403201,
  "P_POI_POIMV": -0.5265854782931753,
  "Q_POI_POIMV": 0.10329177184992341,
  "I_POI_POIMV": 0.5366204022222308
}