{
  "P_LV0101": 0.9130583020797818,
  "Q_LV0101": -0.025912035458574838,
  "P_LV0102": 0.616092737811115,
  "Q_LV0102": -0.017388339584043642,
  "P_LV0103": 0.9290828503239005,
  "Q_LV0103": -0.026252983293556086,
  "P_LV0201": 0.6205250596658711,
  "Q_LV0201": -0.017388339584043642,
  "P_LV0202": 0.6239345380156835,
  "Q_LV0202": -0.017388339584043642,
  "P_LV0203": 0.6310944425502898,
  "Q_LV0203": -0.017388339584043642,
  "U_POI": 1.0,
  "P_POIMV_MV0101": -2.3968230794319783,
  "Q_POIMV_MV0101": 0.3566564980834019,
  "I_POIMV_MV0101": 2.4453717058289093,
  "P_POIMV_MV0201": -1.8382342488980363,
  "Q_POIMV_MV0201": 0.21556511420418886,
  "I_POIMV_MV0201": 1.867754567204484,
  "P_POI_POIMV": -4.235057328330076,
  "Q_POI_POIMV": 0.8138277144557281,
  "I_POI_POIMV": 4.312542883619655
}