{
  "P_LV0101": 0.8274803954994886,
  "Q_LV0101": -0.03682236617797477,
  "P_LV0102": 0.561200136379134,
  "Q_LV0102": -0.024548244118649847,
  "P_LV0103": 0.8493010569382884,
  "Q_LV0103": -0.03682236617797477,
  "P_LV0201": 0.561200136379134,
  "Q_LV0201": -0.024548244118649847,
  "P_LV0202": 0.565291510398909,
  "Q_LV0202": -0.024548244118649847,
  "P_LV0203": 0.5697238322536652,
  "Q_LV0203": -0.024548244118649847,
  "U_POI": 1.0,
  "P_POIMV_MV0101": -2.1868337348560356,
  "Q_POIMV_MV0101": 0.3370593198546787,
  "I_POIMV_MV0101": 2.2314569099144106,
  "P_POIMV_MV0201": -1.6655632115451322,
  "Q_POIMV_MV0201": 0.20757945257741667,
  "I_POIMV_MV0201": 1.6927097328109457,
  "P_POI_POIMV": -3.8523969464014636,
  "Q_POI_POIMV": 0.7445420643976735,
  "I_POI_POIMV": 3.923685145153835
}