{
  "P_LV0101": 0.1895124445959768,
  "Q_LV0101": -0.01890214797136038,
  "U_LV0101": 1.0005557049241647,
  "I_LV0101_MV0101": 0.19034699390482818,
  "P_LV0102": 0.17852459016393443,
  "Q_LV0102": -0.018995901639344264,
  "U_LV0102": 1.0004948460998124,
  "I_LV0102_MV0102": 0.17944357776438793,
  "P_LV0103": 0.16519104991394146,
  "Q_LV0103": -0.01908433734939759,
  "U_LV0103": 1.00026196996293,
  "I_LV0103_MV0103": 0.16624624041926098,
  "P_LV0201": 0.18328600405679513,
  "Q_LV0201": -0.018803245436105474,
  "U_LV0201": 1.000769267725683,
  "I_LV0201_MV0201": 0.1841063615691403,
  "P_LV0202": 0.18063732928679818,
  "Q_LV0202": -0.018755690440060698,
  "U_LV0202": 1.00094115128353,
  "I_LV0202_MV0202": 0.18143766642745934,
  "P_LV0203": 0.1809924812030075,
  "Q_LV0203": -0.018586466165413533,
  "U_LV0203": 1.001087968664404,
  "I_LV0203_MV0203": 0.18174658375297606,
  "P_POIMV_MV0101": -0.5303568721809381,
  "Q_POIMV_MV0101": 0.06919324695345692,
  "U_POIMV": 0.9981100094451092,
  "I_POIMV_MV0101": 0.5358642692848016,
  "P_POIMV_MV0201": -0.5417143796837964,
  "Q_POIMV_MV0201": 0.06875026460333855,
  "I_POIMV_MV0201": 0.5470935845729711,
  "P_POI_POIMV": -1.072071251870461,
  "Q_POI_POIMV": 0.1526484714411197,
  "U_POI": 1.0,
  "I_POI_POIMV": 1.082884262015294
}