{
  "P_LV0101": 0.20947834981247868,
  "Q_LV0101": -0.014933515172178655,
  "U_LV0101": 1.001800175081441,
  "I_LV0101_MV0101": 0.2096325979927724,
  "P_LV0102": 0.20133196721311475,
  "Q_LV0102": -0.015061475409836066,
  "U_LV0102": 1.0018422258733162,
  "I_LV0102_MV0102": 0.20152329793216064,
  "P_LV0103": 0.19053356282271944,
  "Q_LV0103": -0.015077452667814113,
  "U_LV0103": 1.0017052223622376,
  "I_LV0103_MV0103": 0.19080382932181683,
  "P_LV0201": 0.20476673427991884,
  "Q_LV0201": -0.014908722109533467,
  "U_LV0201": 1.002088045398103,
  "I_LV0201_MV0201": 0.20488095568359171,
  "P_LV0202": 0.2016691957511381,
  "Q_LV0202": -0.014871016691957511,
  "U_LV0202": 1.0022807651045338,
  "I_LV0202_MV0202": 0.2017565848656793,
  "P_LV0203": 0.2025563909774436,
  "Q_LV0203": -0.014736842105263158,
  "U_LV0203": 1.0024511304355188,
  "I_LV0203_MV0203": 0.20259518032466753,
  "P_POIMV_MV0101": -0.5977248972203263,
  "Q_POIMV_MV0101": 0.06077824722631111,
  "U_POIMV": 0.998302384334635,
  "I_POIMV_MV0101": 0.6018286711535088,
  "P_POIMV_MV0201": -0.6050249867419554,
  "Q_POIMV_MV0201": 0.06050667965352676,
  "I_POIMV_MV0201": 0.6090769811044576,
  "P_POI_POIMV": -1.2027498839753463,
  "Q_POI_POIMV": 0.1398114951177584,
  "U_POI": 1.0,
  "I_POI_POIMV": 1.2108486848362896
}