{
  "P_LV0101": 0.4643709512444596,
  "Q_LV0101": -0.04977838390726219,
  "U_LV0101": 0.9994703933364091,
  "I_LV0101_MV0101": 0.467278808738778,
  "P_LV0102": 0.2881009205591544,
  "Q_LV0102": -0.033071939993181046,
  "U_LV0102": 0.9986518673281538,
  "I_LV0102_MV0102": 0.2903843966058619,
  "P_LV0103": 0.39072621888851006,
  "Q_LV0103": -0.04977838390726219,
  "U_LV0103": 0.9987036216683779,
  "I_LV0103_MV0103": 0.39439561605402484,
  "P_LV0201": 0.30037504261847936,
  "Q_LV0201": -0.03341288782816229,
  "U_LV0201": 0.9989424640426229,
  "I_LV0201_MV0201": 0.3025476626586861,
  "P_LV0202": 0.2956017729287419,
  "Q_LV0202": -0.033071939993181046,
  "U_LV0202": 0.9992549740617399,
  "I_LV0202_MV0202": 0.2976678348421458,
  "P_LV0203": 0.29867030344357315,
  "Q_LV0203": -0.033071939993181046,
  "U_LV0203": 0.9995075405378843,
  "I_LV0203_MV0203": 0.3006438174908426,
  "P_POIMV_MV0101": -1.129572199804777,
  "Q_POIMV_MV0101": 0.19561498319451662,
  "U_POIMV": 0.9953165767564407,
  "I_POIMV_MV0101": 1.1517792733079786,
  "P_POIMV_MV0201": -0.885971790159387,
  "Q_POIMV_MV0201": 0.13637087000509063,
  "I_POIMV_MV0201": 0.9006236168825694,
  "P_POI_POIMV": -2.0155439911004476,
  "Q_POI_POIMV": 0.3862640066233853,
  "U_POI": 1.0,
  "I_POI_POIMV": 2.052222566602822
}