{
  "P_LV0101": 0.16706443914081145,
  "Q_LV0101": -0.024548244118649847,
  "P_LV0102": 0.09512444595976816,
  "Q_LV0102": -0.016706443914081145,
  "P_LV0103": 0.11728605523354926,
  "Q_LV0103": -0.024889191953631096,
  "P_LV0201": 0.10228435049437436,
  "Q_LV0201": -0.016706443914081145,
  "P_LV0202": 0.09819297647459939,
  "Q_LV0202": -0.016365496079099897,
  "P_LV0203": 0.09955676781452438,
  "Q_LV0203": -0.016706443914081145,
  "U_POI": 1.0,
  "P_POIMV_MV0101": -0.3779270401620236,
  "Q_POIMV_MV0101": 0.07220514951164156,
  "I_POIMV_MV0101": 0.38540239278699073,
  "P_POIMV_MV0201": -0.2990439460626287,
  "Q_POIMV_MV0201": 0.052606867148047166,
  "I_POIMV_MV0201": 0.3041406228742351,
  "P_POI_POIMV": -0.6769709862246914,
  "Q_POI_POIMV": 0.13043683536967668,
  "I_POI_POIMV": 0.6894225730357888
}