{
  "P_LV0101": 0.01943402659393113,
  "Q_LV0101": -0.006137061029662462,
  "P_LV0102": 0.013978861234231163,
  "Q_LV0102": -0.004091374019774974,
  "P_LV0103": 0.02250255710876236,
  "Q_LV0103": -0.0064780088646437094,
  "P_LV0201": 0.013296965564268667,
  "Q_LV0201": -0.004091374019774974,
  "P_LV0202": 0.013978861234231163,
  "Q_LV0202": -0.004091374019774974,
  "P_LV0203": 0.013637913399249914,
  "Q_LV0203": -0.004091374019774974,
  "U_POI": 1.0,
  "P_POIMV_MV0101": -0.05588019633873446,
  "Q_POIMV_MV0101": 0.015599154378517076,
  "I_POIMV_MV0101": 0.058036213724878355,
  "P_POIMV_MV0201": -0.04089424127102157,
  "Q_POIMV_MV0201": 0.010805123840402005,
  "I_POIMV_MV0201": 0.04231190589666327,
  "P_POI_POIMV": -0.09677443821502954,
  "Q_POI_POIMV": 0.025969480518695246,
  "I_POI_POIMV": 0.10019833237257723
}