{
  "P_LV0101": 0.18994203886805316,
  "Q_LV0101": -0.015547221275144902,
  "U_LV0101": 1.001241547778316,
  "I_LV0101_MV0101": 0.19034094836315094,
  "P_LV0102": 0.1964139344262295,
  "Q_LV0102": -0.015522540983606557,
  "U_LV0102": 1.0016571944035726,
  "I_LV0102_MV0102": 0.19670038004600043,
  "P_LV0103": 0.20375215146299483,
  "Q_LV0103": -0.015697074010327022,
  "U_LV0103": 1.001938332185117,
  "I_LV0103_MV0103": 0.2039605652198957,
  "P_LV0201": 0.1941176470588235,
  "Q_LV0201": -0.015365111561866124,
  "U_LV0201": 1.0017413014428578,
  "I_LV0201_MV0201": 0.19438631436309894,
  "P_LV0202": 0.19499241274658574,
  "Q_LV0202": -0.015174506828528073,
  "U_LV0202": 1.002039919241855,
  "I_LV0202_MV0202": 0.19518381001649804,
  "P_LV0203": 0.19518796992481202,
  "Q_LV0203": -0.01518796992481203,
  "U_LV0203": 1.0021683290423025,
  "I_LV0203_MV0203": 0.1953543888892529,
  "P_POIMV_MV0101": -0.5866088883071248,
  "Q_POIMV_MV0101": 0.061858058815765296,
  "U_POIMV": 0.998297542571019,
  "I_POIMV_MV0101": 0.5908672721875785,
  "P_POIMV_MV0201": -0.5806396204701068,
  "Q_POIMV_MV0201": 0.06034617444374957,
  "I_POIMV_MV0201": 0.5847626357093534,
  "P_POI_POIMV": -1.167248508787,
  "Q_POI_POIMV": 0.13963461385376164,
  "U_POI": 1.0,
  "I_POI_POIMV": 1.1755708854218723
}