{
  "P_LV0101": 0.027957722468462325,
  "Q_LV0101": -0.008864643709512444,
  "P_LV0102": 0.02113876576883737,
  "Q_LV0102": -0.005796113194681214,
  "P_LV0103": 0.03511762700306853,
  "Q_LV0103": -0.008864643709512444,
  "P_LV0201": 0.020115922263893624,
  "Q_LV0201": -0.005796113194681214,
  "P_LV0202": 0.020456870098874872,
  "Q_LV0202": -0.005796113194681214,
  "P_LV0203": 0.020456870098874872,
  "Q_LV0203": -0.005796113194681214,
  "U_POI": 1.0,
  "P_POIMV_MV0101": -0.08413441803560891,
  "Q_POIMV_MV0101": 0.022626206737739647,
  "I_POIMV_MV0101": 0.08716714010239389,
  "P_POIMV_MV0201": -0.060986598331321286,
  "Q_POIMV_MV0201": 0.016024006013898685,
  "I_POIMV_MV0201": 0.06308800665869849,
  "P_POI_POIMV": -0.14512101938377206,
  "Q_POI_POIMV": 0.038378272278753685,
  "I_POI_POIMV": 0.15010996652483571
}