{
  "P_LV0101": 0.026934878963518583,
  "Q_LV0101": -0.029662461643368564,
  "P_LV0102": 0.015001704739174906,
  "Q_LV0102": -0.01909307875894988,
  "P_LV0103": 0.0,
  "Q_LV0103": 0.0,
  "P_LV0201": 0.017047391749062394,
  "Q_LV0201": -0.020115922263893624,
  "P_LV0202": 0.0,
  "Q_LV0202": 0.0,
  "P_LV0203": 0.015683600409137403,
  "Q_LV0203": -0.01909307875894988,
  "U_POI": 1.0,
  "P_POIMV_MV0101": -0.041873296510252477,
  "Q_POIMV_MV0101": 0.047793695461861935,
  "I_POIMV_MV0101": 0.06361276412721091,
  "P_POIMV_MV0201": -0.032691025178636715,
  "Q_POIMV_MV0201": 0.03784110300097325,
  "I_POIMV_MV0201": 0.05006205980133747,
  "P_POI_POIMV": -0.07456432509419543,
  "Q_POI_POIMV": 0.0852371474907164,
  "I_POI_POIMV": 0.11324844320831526
}