{
  "P_LV0101": 0.24824411864984655,
  "Q_LV0101": -0.01104670985339243,
  "U_LV0101": 1.00328608732835,
  "I_LV0101_MV0101": 0.24767589834775103,
  "P_LV0102": 0.2529713114754098,
  "Q_LV0102": -0.011065573770491803,
  "U_LV0102": 1.0037246667841428,
  "I_LV0102_MV0102": 0.25227357821508883,
  "P_LV0103": 0.2572461273666093,
  "Q_LV0103": -0.011153184165232357,
  "U_LV0103": 1.0039774664602752,
  "I_LV0103_MV0103": 0.25646770136204927,
  "P_LV0201": 0.25040567951318454,
  "Q_LV0201": -0.010953346855983771,
  "U_LV0201": 1.0038394741573597,
  "I_LV0201_MV0201": 0.24968646318311488,
  "P_LV0202": 0.25159332321699546,
  "Q_LV0202": -0.010925644916540212,
  "U_LV0202": 1.004199300450249,
  "I_LV0202_MV0202": 0.25077734956557446,
  "P_LV0203": 0.2512781954887218,
  "Q_LV0203": -0.010827067669172932,
  "U_LV0203": 1.004370172349694,
  "I_LV0203_MV0203": 0.25041698016028074,
  "P_POIMV_MV0101": -0.752737014958143,
  "Q_POIMV_MV0101": 0.05877796032805817,
  "U_POIMV": 0.9982953907492917,
  "I_POIMV_MV0101": 0.7563176110974819,
  "P_POIMV_MV0201": -0.7472484081298905,
  "Q_POIMV_MV0201": 0.05780228141104611,
  "I_POIMV_MV0201": 0.7507604315059304,
  "P_POI_POIMV": -1.4999854231613667,
  "Q_POI_POIMV": 0.14558855963079412,
  "U_POI": 1.0,
  "I_POI_POIMV": 1.5070342724676016
}