{
  "P_LV0101": 0.2739174906239345,
  "Q_LV0101": -0.007773610637572451,
  "U_LV0101": 1.0044086204521394,
  "I_LV0101_MV0101": 0.27282499175210956,
  "P_LV0102": 0.2777151639344262,
  "Q_LV0102": -0.00783811475409836,
  "U_LV0102": 1.0048523592970993,
  "I_LV0102_MV0102": 0.27648415130028575,
  "P_LV0103": 0.28141135972461273,
  "Q_LV0103": -0.007951807228915662,
  "U_LV0103": 1.0051037113469425,
  "I_LV0103_MV0103": 0.28009416419696403,
  "P_LV0201": 0.2768762677484787,
  "Q_LV0201": -0.0077586206896551714,
  "U_LV0201": 1.0050251147869524,
  "I_LV0201_MV0201": 0.2756000305951104,
  "P_LV0202": 0.27769347496206376,
  "Q_LV0202": -0.007738998482549317,
  "U_LV0202": 1.005412226862919,
  "I_LV0202_MV0202": 0.2763058625445062,
  "P_LV0203": 0.2783458646616541,
  "Q_LV0203": -0.007669172932330827,
  "U_LV0203": 1.0056196557349137,
  "I_LV0203_MV0203": 0.27689544070125865,
  "P_POIMV_MV0101": -0.8261633999269071,
  "Q_POIMV_MV0101": 0.05448984739882533,
  "U_POIMV": 0.9983592916395889,
  "I_POIMV_MV0101": 0.8293190675376471,
  "P_POIMV_MV0201": -0.8255703949337594,
  "Q_POIMV_MV0201": 0.05408073172567216,
  "I_POIMV_MV0201": 0.8286994891542823,
  "P_POI_POIMV": -1.6517337950178417,
  "Q_POI_POIMV": 0.14379953503866066,
  "U_POI": 1.0,
  "I_POI_POIMV": 1.6579815547470291
}