{
  "P_LV0101": 0.18615751789976134,
  "Q_LV0101": -0.026934878963518583,
  "P_LV0102": 0.10433003750426184,
  "Q_LV0102": -0.017729287419024888,
  "P_LV0103": 0.13228775997272418,
  "Q_LV0103": -0.02727582679849983,
  "P_LV0201": 0.11421752471871803,
  "Q_LV0201": -0.017729287419024888,
  "P_LV0202": 0.10978520286396182,
  "Q_LV0202": -0.017729287419024888,
  "P_LV0203": 0.11114899420388681,
  "Q_LV0203": -0.017729287419024888,
  "U_POI": 1.0,
  "P_POIMV_MV0101": -0.42085342073474535,
  "Q_POIMV_MV0101": 0.07977247451156323,
  "I_POIMV_MV0101": 0.4291308920267862,
  "P_POIMV_MV0201": -0.33391906758188117,
  "Q_POIMV_MV0201": 0.05708947668075798,
  "I_POIMV_MV0201": 0.3393840161371563,
  "P_POI_POIMV": -0.7547724883170569,
  "Q_POI_POIMV": 0.14398578576253804,
  "I_POI_POIMV": 0.7683836383096516
}