{
  "P_LV0101": 0.09318104330037504,
  "Q_LV0101": -0.0115581316058643,
  "U_LV0101": 1.0000146751108379,
  "I_LV0101_MV0101": 0.09389376167873086,
  "P_LV0102": 0.08406762295081967,
  "Q_LV0102": -0.011526639344262294,
  "U_LV0102": 0.999880208577753,
  "I_LV0102_MV0102": 0.08486432704294596,
  "P_LV0103": 0.07352839931153184,
  "Q_LV0103": -0.011876075731497418,
  "U_LV0103": 0.9996007134364112,
  "I_LV0103_MV0103": 0.0745110689268242,
  "P_LV0201": 0.08808316430020283,
  "Q_LV0201": -0.011409736308316428,
  "U_LV0201": 1.000069370591552,
  "I_LV0201_MV0201": 0.08881290179135003,
  "P_LV0202": 0.08558421851289832,
  "Q_LV0202": -0.011380880121396054,
  "U_LV0202": 1.000115963011893,
  "I_LV0202_MV0202": 0.08632759913535581,
  "P_LV0203": 0.08541353383458647,
  "Q_LV0203": -0.011278195488721804,
  "U_LV0203": 1.000179523264594,
  "I_LV0203_MV0203": 0.08613945141097384,
  "P_POIMV_MV0101": -0.25013403787151745,
  "Q_POIMV_MV0101": 0.03671512325316022,
  "U_POIMV": 0.9990410499234745,
  "I_POIMV_MV0101": 0.2530569034598472,
  "P_POIMV_MV0201": -0.25835154317579667,
  "Q_POIMV_MV0201": 0.03574148716247358,
  "I_POIMV_MV0201": 0.26106248856680986,
  "P_POI_POIMV": -0.5084855810470085,
  "Q_POI_POIMV": 0.07533231776342574,
  "U_POI": 1.0,
  "I_POI_POIMV": 0.5140355476349118
}