{
  "P_LV0101": 0.9014660756904194,
  "Q_LV0101": -0.027616774633481077,
  "P_LV0102": 0.6089328332765087,
  "Q_LV0102": -0.018070235254006136,
  "P_LV0103": 0.9195363109444255,
  "Q_LV0103": -0.027616774633481077,
  "P_LV0201": 0.6126832594613024,
  "Q_LV0201": -0.018070235254006136,
  "P_LV0202": 0.6171155813160586,
  "Q_LV0202": -0.018070235254006136,
  "P_LV0203": 0.6229116945107399,
  "Q_LV0203": -0.018070235254006136,
  "U_POI": 1.0,
  "P_POIMV_MV0101": -2.369891840117403,
  "Q_POIMV_MV0101": 0.3539723619466633,
  "I_POIMV_MV0101": 2.417855948416551,
  "P_POIMV_MV0201": -1.816280687663529,
  "Q_POIMV_MV0201": 0.2136771920915663,
  "I_POIMV_MV0201": 1.845349204481137,
  "P_POI_POIMV": -4.1861725277805775,
  "Q_POI_POIMV": 0.8036815682281361,
  "I_POI_POIMV": 4.262621786583284
}