{
  "P_LV0101": 0.33310603477667916,
  "Q_LV0101": -0.04125468803273099,
  "P_LV0102": 0.20047732696897375,
  "Q_LV0102": -0.027616774633481077,
  "P_LV0103": 0.26389362427548585,
  "Q_LV0103": -0.04159563586771224,
  "P_LV0201": 0.21070576201841118,
  "Q_LV0201": -0.02727582679849983,
  "P_LV0202": 0.2066143879986362,
  "Q_LV0202": -0.02727582679849983,
  "P_LV0203": 0.2079781793385612,
  "Q_LV0203": -0.02727582679849983,
  "U_POI": 1.0,
  "P_POIMV_MV0101": -0.7907825563086917,
  "Q_POIMV_MV0101": 0.14081275595314025,
  "I_POIMV_MV0101": 0.8058788910207735,
  "P_POIMV_MV0201": -0.6210396980351266,
  "Q_POIMV_MV0201": 0.09911218354591521,
  "I_POIMV_MV0201": 0.6309790768160118,
  "P_POI_POIMV": -1.4118222544111088,
  "Q_POI_POIMV": 0.2662393937637073,
  "I_POI_POIMV": 1.4367064741422069
}