{
  "P_LV0101": 0.4439140811455847,
  "Q_LV0101": -0.0477326968973747,
  "P_LV0102": 0.2744630071599045,
  "Q_LV0102": -0.03170814865325605,
  "P_LV0103": 0.3702693487896352,
  "Q_LV0103": -0.0477326968973747,
  "P_LV0201": 0.28537333787930447,
  "Q_LV0201": -0.03170814865325605,
  "P_LV0202": 0.28128196385952947,
  "Q_LV0202": -0.03170814865325605,
  "P_LV0203": 0.2843504943743607,
  "Q_LV0203": -0.03170814865325605,
  "U_POI": 1.0,
  "P_POIMV_MV0101": -1.076287644129533,
  "Q_POIMV_MV0101": 0.18419613506350513,
  "I_POIMV_MV0101": 1.096755250071297,
  "P_POIMV_MV0201": -0.8431569108713789,
  "Q_POIMV_MV0201": 0.12828209701025137,
  "I_POIMV_MV0201": 0.8566242396706282,
  "P_POI_POIMV": -1.91944455576483,
  "Q_POI_POIMV": 0.36159198005264076,
  "I_POI_POIMV": 1.9532066359434772
}