{
  "P_LV0101": 0.6825775656324582,
  "Q_LV0101": -0.04432321854756222,
  "U_LV0101": 1.001684107299969,
  "I_LV0101_MV0101": 0.6828650943439624,
  "P_LV0102": 0.47050801227412203,
  "Q_LV0102": -0.029662461643368564,
  "U_LV0102": 1.0010156034996116,
  "I_LV0102_MV0102": 0.47096378297361624,
  "P_LV0103": 0.7214456188203205,
  "Q_LV0103": -0.04432321854756222,
  "U_LV0103": 1.0034023124138254,
  "I_LV0103_MV0103": 0.7203549962640039,
  "P_LV0201": 0.4684623252642346,
  "Q_LV0201": -0.029662461643368564,
  "U_LV0201": 1.001003167507457,
  "I_LV0201_MV0201": 0.4689300639157558,
  "P_LV0202": 0.47118990794408455,
  "Q_LV0202": -0.029662461643368564,
  "U_LV0202": 1.0016500555833192,
  "I_LV0202_MV0202": 0.4713448971608414,
  "P_LV0203": 0.47698602113876576,
  "Q_LV0203": -0.029662461643368564,
  "U_LV0203": 1.0020564789570197,
  "I_LV0203_MV0203": 0.4769266540327148,
  "P_POIMV_MV0101": -1.8384282169707449,
  "Q_POIMV_MV0101": 0.28643550899050707,
  "U_POIMV": 0.9929601518891698,
  "I_POIMV_MV0101": 1.8737996627624955,
  "P_POIMV_MV0201": -1.3951554455199928,
  "Q_POIMV_MV0201": 0.18238976632836024,
  "I_POIMV_MV0201": 1.417002398252292,
  "P_POI_POIMV": -3.233583710783439,
  "Q_POI_POIMV": 0.6092471323412072,
  "U_POI": 1.0,
  "I_POI_POIMV": 3.2904780325828016
}