{
  "P_LV0101": 0.4217524718718036,
  "Q_LV0101": -0.047391749062393455,
  "P_LV0102": 0.2594613024207296,
  "Q_LV0102": -0.03136720081827481,
  "P_LV0103": 0.34844868735083534,
  "Q_LV0103": -0.047391749062393455,
  "P_LV0201": 0.2707125809751108,
  "Q_LV0201": -0.03136720081827481,
  "P_LV0202": 0.2666212069553358,
  "Q_LV0202": -0.03136720081827481,
  "P_LV0203": 0.2683259461302421,
  "Q_LV0203": -0.031026252983293555,
  "U_POI": 1.0,
  "P_POIMV_MV0101": -1.0185812737167406,
  "Q_POIMV_MV0101": 0.1771595501115324,
  "I_POIMV_MV0101": 1.0382382672049675,
  "P_POIMV_MV0201": -0.7986164784383603,
  "Q_POIMV_MV0201": 0.12335879614248584,
  "I_POIMV_MV0201": 0.8114996332620691,
  "P_POI_POIMV": -1.8171977526525578,
  "Q_POI_POIMV": 0.3445000017073499,
  "I_POI_POIMV": 1.8495642523096816
}