{
  "P_LV0101": 0.15308557790658028,
  "Q_LV0101": -0.03068530514831231,
  "U_LV0101": 0.9977640147423498,
  "I_LV0101_MV0101": 0.15648054538383568,
  "P_LV0102": 0.1189907944084555,
  "Q_LV0102": -0.02079781793385612,
  "U_LV0102": 0.9984836902488081,
  "I_LV0102_MV0102": 0.12097813551116872,
  "P_LV0103": 0.19945448346403,
  "Q_LV0103": -0.03068530514831231,
  "U_LV0103": 0.9992052512091084,
  "I_LV0103_MV0103": 0.20196159625836688,
  "P_LV0201": 0.11421752471871803,
  "Q_LV0201": -0.02079781793385612,
  "U_LV0201": 0.9983419986549348,
  "I_LV0201_MV0201": 0.11628842291822987,
  "P_LV0202": 0.11694510739856802,
  "Q_LV0202": -0.02079781793385612,
  "U_LV0202": 0.9985529664292382,
  "I_LV0202_MV0202": 0.11895220771347374,
  "P_LV0203": 0.11660415956358677,
  "Q_LV0203": -0.02079781793385612,
  "U_LV0203": 0.99861480968178,
  "I_LV0203_MV0203": 0.11860870984979789,
  "P_POIMV_MV0101": -0.469130054345878,
  "Q_POIMV_MV0101": 0.09212103033387338,
  "U_POIMV": 0.9978775426421491,
  "I_POIMV_MV0101": 0.4791060916238649,
  "P_POIMV_MV0201": -0.34642752523597264,
  "Q_POIMV_MV0201": 0.06676159604854656,
  "I_POIMV_MV0201": 0.353552243302629,
  "P_POI_POIMV": -0.8155575795834624,
  "Q_POI_POIMV": 0.16734435893506094,
  "U_POI": 1.0,
  "I_POI_POIMV": 0.8325492778709389
}