{
  "P_LV0101": 0.8779406750767133,
  "Q_LV0101": -0.037504261847937266,
  "P_LV0102": 0.5707466757586089,
  "Q_LV0102": -0.024889191953631096,
  "P_LV0103": 0.8288441868394135,
  "Q_LV0103": -0.037504261847937266,
  "P_LV0201": 0.5826798499829526,
  "Q_LV0201": -0.024889191953631096,
  "P_LV0202": 0.5830207978179338,
  "Q_LV0202": -0.024889191953631096,
  "P_LV0203": 0.5874531196726901,
  "Q_LV0203": -0.024889191953631096,
  "U_POI": 1.0,
  "P_POIMV_MV0101": -2.2246069862043254,
  "Q_POIMV_MV0101": 0.34756123822536444,
  "I_POIMV_MV0101": 2.2714998815619665,
  "P_POIMV_MV0201": -1.7204169274441847,
  "Q_POIMV_MV0201": 0.21783595362503383,
  "I_POIMV_MV0201": 1.7494844563433634,
  "P_POI_POIMV": -3.9450239136485292,
  "Q_POI_POIMV": 0.7753141525358715,
  "I_POI_POIMV": 4.020488243283541
}