{
  "P_LV0101": 0.0,
  "Q_LV0101": 0.0,
  "P_LV0102": 0.006137061029662462,
  "Q_LV0102": -0.06955335833617457,
  "P_LV0103": 0.0,
  "Q_LV0103": 0.0,
  "P_LV0201": 0.0,
  "Q_LV0201": 0.0,
  "P_LV0202": 0.0,
  "Q_LV0202": 0.0,
  "P_LV0203": 0.0,
  "Q_LV0203": 0.0,
  "U_POI": 1.0,
  "P_POIMV_MV0101": -0.005993680585994256,
  "Q_POIMV_MV0101": 0.06897738970832651,
  "I_POIMV_MV0101": 0.0692976862342901,
  "P_POIMV_MV0201": 3.0850288270412035e-09,
  "Q_POIMV_MV0201": -0.0015535311549745921,
  "I_POIMV_MV0201": 0.001554885960310217,
  "P_POI_POIMV": -0.0059936775007741645,
  "Q_POI_POIMV": 0.06691771369257223,
  "I_POI_POIMV": 0.06718559797921245
}