{
  "P_LV0101": 0.3552676440504603,
  "Q_LV0101": -0.043641322877599725,
  "P_LV0102": 0.21547903170814867,
  "Q_LV0102": -0.028980565973406067,
  "P_LV0103": 0.28503239004432324,
  "Q_LV0103": -0.04330037504261848,
  "P_LV0201": 0.22707125809751108,
  "Q_LV0201": -0.028980565973406067,
  "P_LV0202": 0.2216160927378111,
  "Q_LV0202": -0.028639618138424822,
  "P_LV0203": 0.22502557108762358,
  "Q_LV0203": -0.028980565973406067,
  "U_POI": 1.0,
  "P_POIMV_MV0101": -0.8480832913265753,
  "Q_POIMV_MV0101": 0.15098543560409486,
  "I_POIMV_MV0101": 0.8644953160513151,
  "P_POIMV_MV0201": -0.6687713583318536,
  "Q_POIMV_MV0201": 0.10690523594866579,
  "I_POIMV_MV0201": 0.6796810593818353,
  "P_POI_POIMV": -1.516854649776709,
  "Q_POI_POIMV": 0.28837052676318436,
  "I_POI_POIMV": 1.5440225352160182
}