{
  "P_LV0101": 0.947834981247869,
  "Q_LV0101": -0.0235254006137061,
  "P_LV0102": 0.6379133992499147,
  "Q_LV0102": -0.015683600409137403,
  "P_LV0103": 0.9566996249573815,
  "Q_LV0103": -0.0235254006137061,
  "P_LV0201": 0.6420047732696897,
  "Q_LV0201": -0.015683600409137403,
  "P_LV0202": 0.645073303784521,
  "Q_LV0202": -0.015683600409137403,
  "P_LV0203": 0.651892260484146,
  "Q_LV0203": -0.015683600409137403,
  "U_POI": 1.0,
  "P_POIMV_MV0101": -2.4768403786787854,
  "Q_POIMV_MV0101": 0.3695935884740113,
  "I_POIMV_MV0101": 2.528078890049748,
  "P_POIMV_MV0201": -1.8991156983000295,
  "Q_POIMV_MV0201": 0.22165950492164962,
  "I_POIMV_MV0201": 1.9301904464231159,
  "P_POI_POIMV": -4.375956076978286,
  "Q_POI_POIMV": 0.8494285343199386,
  "I_POI_POIMV": 4.457636192261558
}