{
  "P_LV0101": 0.8336174565291511,
  "Q_LV0101": -0.04330037504261848,
  "P_LV0102": 0.5404023184452779,
  "Q_LV0102": -0.028980565973406067,
  "P_LV0103": 0.7790658029321513,
  "Q_LV0103": -0.04330037504261848,
  "P_LV0201": 0.5506307534947154,
  "Q_LV0201": -0.028980565973406067,
  "P_LV0202": 0.5513126491646778,
  "Q_LV0202": -0.028980565973406067,
  "P_LV0203": 0.555744971019434,
  "Q_LV0203": -0.028980565973406067,
  "U_POI": 1.0,
  "P_POIMV_MV0101": -2.1056524647907118,
  "Q_POIMV_MV0101": 0.33746188437591557,
  "I_POIMV_MV0101": 2.1507008857411667,
  "P_POIMV_MV0201": -1.6283379371060795,
  "Q_POIMV_MV0201": 0.21513842654453721,
  "I_POIMV_MV0201": 1.6564897045210276,
  "P_POI_POIMV": -3.733990401896634,
  "Q_POI_POIMV": 0.7407336536561105,
  "I_POI_POIMV": 3.8067532973801863
}