{
  "P_LV0101": 0.020866007500852365,
  "Q_LV0101": -0.005011933174224343,
  "U_LV0101": 0.9995614464985709,
  "I_LV0101_MV0101": 0.02146890563768241,
  "P_LV0102": 0.024897540983606557,
  "Q_LV0102": -0.004764344262295082,
  "U_LV0102": 0.9997394478900345,
  "I_LV0102_MV0102": 0.025355896597291545,
  "P_LV0103": 0.02912220309810671,
  "Q_LV0103": -0.004853700516351119,
  "U_LV0103": 0.9998601871666902,
  "I_LV0103_MV0103": 0.029528035752419506,
  "P_LV0201": 0.023123732251521294,
  "Q_LV0201": -0.004716024340770791,
  "U_LV0201": 0.9997054317636762,
  "I_LV0201_MV0201": 0.02360669666290821,
  "P_LV0202": 0.023368740515933233,
  "Q_LV0202": -0.004704097116843702,
  "U_LV0202": 0.9997422480155969,
  "I_LV0202_MV0202": 0.02384364875237799,
  "P_LV0203": 0.023458646616541352,
  "Q_LV0203": -0.00481203007518797,
  "U_LV0203": 0.9997438701627396,
  "I_LV0203_MV0203": 0.02395323770154548,
  "P_POIMV_MV0101": -0.07482615691211861,
  "Q_POIMV_MV0101": 0.013635025434673447,
  "U_POIMV": 0.999659733281035,
  "I_POIMV_MV0101": 0.07608420652791362,
  "P_POIMV_MV0201": -0.06989664212198574,
  "Q_POIMV_MV0201": 0.012917679617542203,
  "I_POIMV_MV0201": 0.07110448026865454,
  "P_POI_POIMV": -0.14472280134498344,
  "Q_POI_POIMV": 0.026268889205631116,
  "U_POI": 1.0,
  "I_POI_POIMV": 0.14708753777678538
}