{
  "P_LV0101": 0.349689737470167,
  "Q_LV0101": -0.008469144220934196,
  "U_LV0101": 1.0053473981426717,
  "I_LV0101_MV0101": 0.34793175011554844,
  "P_LV0102": 0.3483811475409836,
  "Q_LV0102": -0.00848360655737705,
  "U_LV0102": 1.0057719931375058,
  "I_LV0102_MV0102": 0.34648452035433885,
  "P_LV0103": 0.344881239242685,
  "Q_LV0103": -0.008550774526678141,
  "U_LV0103": 1.0059154928790888,
  "I_LV0103_MV0103": 0.34295845608115344,
  "P_LV0201": 0.34941176470588237,
  "Q_LV0201": -0.008397565922920892,
  "U_LV0201": 1.0060398744577976,
  "I_LV0201_MV0201": 0.3474143225319075,
  "P_LV0202": 0.34943854324734447,
  "Q_LV0202": -0.008376327769347497,
  "U_LV0202": 1.0065012270107492,
  "I_LV0202_MV0202": 0.3472811689453713,
  "P_LV0203": 0.3502556390977443,
  "Q_LV0203": -0.0081203007518797,
  "U_LV0203": 1.006782829021582,
  "I_LV0203_MV0203": 0.3479894041761149,
  "P_POIMV_MV0101": -1.032199082646832,
  "Q_POIMV_MV0101": 0.07459147145139998,
  "U_POIMV": 0.9976937121486715,
  "I_POIMV_MV0101": 1.0372830084139566,
  "P_POIMV_MV0201": -1.0374813291092548,
  "Q_POIMV_MV0201": 0.07472879834472157,
  "I_POIMV_MV0201": 1.0425736446104745,
  "P_POI_POIMV": -2.0696804127219806,
  "Q_POI_POIMV": 0.20508034470606734,
  "U_POI": 1.0,
  "I_POI_POIMV": 2.079816087684146
}