{
  "P_LV0101": 0.998636208660075,
  "Q_LV0101": -0.014319809069212411,
  "P_LV0102": 0.6645073303784521,
  "Q_LV0102": -0.00954653937947494,
  "P_LV0103": 0.9870439822707125,
  "Q_LV0103": -0.014660756904193658,
  "P_LV0201": 0.6713262870780771,
  "Q_LV0201": -0.00954653937947494,
  "P_LV0202": 0.6733719740879646,
  "Q_LV0202": -0.00954653937947494,
  "P_LV0203": 0.6795090351176271,
  "Q_LV0203": -0.00954653937947494,
  "U_POI": 1.0,
  "P_POIMV_MV0101": -2.5791695991268946,
  "Q_POIMV_MV0101": 0.37094831386169214,
  "I_POIMV_MV0101": 2.630807676341323,
  "P_POIMV_MV0201": -1.9809019414735136,
  "Q_POIMV_MV0201": 0.21851001335043838,
  "I_POIMV_MV0201": 2.0121135284012923,
  "P_POI_POIMV": -4.560071540600555,
  "Q_POI_POIMV": 0.8695059421284117,
  "I_POI_POIMV": 4.642229317773061
}