{
  "P_LV0101": 0.9754517558813501,
  "Q_LV0101": -0.022843504943743608,
  "P_LV0102": 0.6406409819297647,
  "Q_LV0102": -0.015342652574156155,
  "P_LV0103": 0.9437436072280941,
  "Q_LV0103": -0.022843504943743608,
  "P_LV0201": 0.6443914081145584,
  "Q_LV0201": -0.015342652574156155,
  "P_LV0202": 0.6464370951244459,
  "Q_LV0202": -0.015342652574156155,
  "P_LV0203": 0.6546198431639959,
  "Q_LV0203": -0.015342652574156155,
  "U_POI": 1.0,
  "P_POIMV_MV0101": -2.493370437174205,
  "Q_POIMV_MV0101": 0.3722189707922553,
  "I_POIMV_MV0101": 2.545113896399992,
  "P_POIMV_MV0201": -1.9053306637139649,
  "Q_POIMV_MV0201": 0.2217992345994864,
  "I_POIMV_MV0201": 1.9365446671763205,
  "P_POI_POIMV": -4.3987011008884815,
  "Q_POI_POIMV": 0.8549141385800216,
  "I_POI_POIMV": 4.481009881634001
}