{
  "P_LV0101": 0.61200136379134,
  "Q_LV0101": -0.05114217524718718,
  "P_LV0102": 0.42277531537674734,
  "Q_LV0102": -0.03409478349812479,
  "P_LV0103": 0.6529151039890897,
  "Q_LV0103": -0.05148312308216843,
  "P_LV0201": 0.4237981588816911,
  "Q_LV0201": -0.03409478349812479,
  "P_LV0202": 0.42550289805659736,
  "Q_LV0202": -0.03409478349812479,
  "P_LV0203": 0.43129901125127856,
  "Q_LV0203": -0.03409478349812479,
  "U_POI": 1.0,
  "P_POIMV_MV0101": -1.658232737722128,
  "Q_POIMV_MV0101": 0.2736527533961335,
  "I_POIMV_MV0101": 1.6919220284624397,
  "P_POIMV_MV0201": -1.2629578996406523,
  "Q_POIMV_MV0201": 0.17871416130850673,
  "I_POIMV_MV0201": 1.2840861687118212,
  "P_POI_POIMV": -2.921190659335711,
  "Q_POI_POIMV": 0.5671075799650399,
  "I_POI_POIMV": 2.975729469465262
}