{
  "P_LV0101": 0.9843163995908626,
  "Q_LV0101": -0.021479713603818614,
  "P_LV0102": 0.6515513126491647,
  "Q_LV0102": -0.014319809069212411,
  "P_LV0103": 0.9618138424821002,
  "Q_LV0103": -0.021479713603818614,
  "P_LV0201": 0.6580293215138084,
  "Q_LV0201": -0.014319809069212411,
  "P_LV0202": 0.6607569041936584,
  "Q_LV0202": -0.014319809069212411,
  "P_LV0203": 0.6655301738833959,
  "Q_LV0203": -0.014319809069212411,
  "U_POI": 1.0,
  "P_POIMV_MV0101": -2.5292781216972,
  "Q_POIMV_MV0101": 0.3774966093773336,
  "I_POIMV_MV0101": 2.5822238527895465,
  "P_POIMV_MV0201": -1.9426046166872437,
  "Q_POIMV_MV0201": 0.22578855126651065,
  "I_POIMV_MV0201": 1.9747474658123614,
  "P_POI_POIMV": -4.471882738384178,
  "Q_POI_POIMV": 0.8730418122619599,
  "I_POI_POIMV": 4.556307411908904
}