{
  "P_LV0101": 0.5577906580293215,
  "Q_LV0101": -0.053528810092055915,
  "P_LV0102": 0.3876576883736788,
  "Q_LV0102": -0.035458574838049775,
  "P_LV0103": 0.6007500852369587,
  "Q_LV0103": -0.053528810092055915,
  "P_LV0201": 0.3859529491987726,
  "Q_LV0201": -0.035458574838049775,
  "P_LV0202": 0.3897033753835663,
  "Q_LV0202": -0.035458574838049775,
  "P_LV0203": 0.3924309580634163,
  "Q_LV0203": -0.035458574838049775,
  "U_POI": 1.0,
  "P_POIMV_MV0101": -1.5213792220643507,
  "Q_POIMV_MV0101": 0.25765959322197984,
  "I_POIMV_MV0101": 1.5526841751745815,
  "P_POIMV_MV0201": -1.1533625202010063,
  "Q_POIMV_MV0201": 0.16991072729249113,
  "I_POIMV_MV0201": 1.173094571478882,
  "P_POI_POIMV": -2.674741753286344,
  "Q_POI_POIMV": 0.5237372703697251,
  "I_POI_POIMV": 2.725535575835993
}