{
  "P_LV0101": 0.12540061370610295,
  "Q_LV0101": -0.015035799522673029,
  "U_LV0101": 0.9999897712387291,
  "I_LV0101_MV0101": 0.12630010101365147,
  "P_LV0102": 0.13309426229508195,
  "Q_LV0102": -0.015061475409836066,
  "U_LV0102": 1.0003539461196438,
  "I_LV0102_MV0102": 0.13389636735702315,
  "P_LV0103": 0.14096385542168674,
  "Q_LV0103": -0.015180722891566264,
  "U_LV0103": 1.000623835134438,
  "I_LV0103_MV0103": 0.14169053103057516,
  "P_LV0201": 0.13037525354969573,
  "Q_LV0201": -0.014908722109533467,
  "U_LV0201": 1.0003803008473227,
  "I_LV0201_MV0201": 0.13117502299341413,
  "P_LV0202": 0.1314112291350531,
  "Q_LV0202": -0.014719271623672231,
  "U_LV0202": 1.0005993290590753,
  "I_LV0202_MV0202": 0.13215380323290024,
  "P_LV0203": 0.1312781954887218,
  "Q_LV0203": -0.014736842105263158,
  "U_LV0203": 1.0006767282923734,
  "I_LV0203_MV0203": 0.1320134225034232,
  "P_POIMV_MV0101": -0.3978368022932981,
  "Q_POIMV_MV0101": 0.051584819675896766,
  "U_POIMV": 0.9986272769574117,
  "I_POIMV_MV0101": 0.40171863911487854,
  "P_POIMV_MV0201": -0.39139345251306135,
  "Q_POIMV_MV0201": 0.05019902446697395,
  "I_POIMV_MV0201": 0.39514193479186316,
  "P_POI_POIMV": -0.7892302548069008,
  "Q_POI_POIMV": 0.10948604849859583,
  "U_POI": 1.0,
  "I_POI_POIMV": 0.7967882968006009
}