{
  "P_LV0101": 0.29529491987725875,
  "Q_LV0101": -0.0064439140811455835,
  "U_LV0101": 1.0050629844472683,
  "I_LV0101_MV0101": 0.29387732462777383,
  "P_LV0102": 0.29369877049180326,
  "Q_LV0102": -0.006454918032786885,
  "U_LV0102": 1.0054127883148154,
  "I_LV0102_MV0102": 0.2921881425571933,
  "P_LV0103": 0.29132530120481925,
  "Q_LV0103": -0.006506024096385542,
  "U_LV0103": 1.005546024908266,
  "I_LV0103_MV0103": 0.28979075335350996,
  "P_LV0201": 0.2936105476673428,
  "Q_LV0201": -0.0063894523326572,
  "U_LV0201": 1.0056155556627107,
  "I_LV0201_MV0201": 0.2920400945998978,
  "P_LV0202": 0.29408194233687407,
  "Q_LV0202": -0.006373292867981791,
  "U_LV0202": 1.006015899668554,
  "I_LV0202_MV0202": 0.2923919938157172,
  "P_LV0203": 0.29353383458646615,
  "Q_LV0203": -0.00631578947368421,
  "U_LV0203": 1.0062055530516811,
  "I_LV0203_MV0203": 0.2917910484366379,
  "P_POIMV_MV0101": -0.8726537834347582,
  "Q_POIMV_MV0101": 0.05403092177137314,
  "U_POIMV": 0.9983415793598539,
  "I_POIMV_MV0101": 0.8757772702100244,
  "P_POIMV_MV0201": -0.8730174441286834,
  "Q_POIMV_MV0201": 0.053813416662544175,
  "I_POIMV_MV0201": 0.8761274080991316,
  "P_POI_POIMV": -1.745671227806581,
  "Q_POI_POIMV": 0.14724187396175786,
  "U_POI": 1.0,
  "I_POI_POIMV": 1.7518699167002971
}