{
  "P_LV0101": 0.2990794408455506,
  "Q_LV0101": -0.004500511421752471,
  "U_LV0101": 1.0055383001870526,
  "I_LV0101_MV0101": 0.29746584538902393,
  "P_LV0102": 0.29923155737704915,
  "Q_LV0102": -0.0043032786885245896,
  "U_LV0102": 1.0059649882014148,
  "I_LV0102_MV0102": 0.29748798642308655,
  "P_LV0103": 0.29834767641996557,
  "Q_LV0103": -0.004543889845094664,
  "U_LV0103": 1.0061100925085105,
  "I_LV0103_MV0103": 0.29657020520088534,
  "P_LV0201": 0.29908722109533464,
  "Q_LV0201": -0.004259634888438134,
  "U_LV0201": 1.006167713488047,
  "I_LV0201_MV0201": 0.2972839902271143,
  "P_LV0202": 0.29954476479514414,
  "Q_LV0202": -0.004248861911987861,
  "U_LV0202": 1.0065762592112992,
  "I_LV0202_MV0202": 0.2976176860480177,
  "P_LV0203": 0.29969924812030074,
  "Q_LV0203": -0.004210526315789474,
  "U_LV0203": 1.006783467349823,
  "I_LV0203_MV0203": 0.2977093224453987,
  "P_POIMV_MV0101": -0.8887149518361689,
  "Q_POIMV_MV0101": 0.04926942597897785,
  "U_POIMV": 0.998459121298151,
  "I_POIMV_MV0101": 0.8914532480725496,
  "P_POIMV_MV0201": -0.8898120242438595,
  "Q_POIMV_MV0201": 0.04882384046715068,
  "I_POIMV_MV0201": 0.8925257695934253,
  "P_POI_POIMV": -1.7785269763612788,
  "Q_POI_POIMV": 0.13896751778572627,
  "U_POI": 1.0,
  "I_POI_POIMV": 1.7839479187028748
}