{
  "P_LV0101": 0.5264234572110467,
  "Q_LV0101": -0.05250596658711217,
  "P_LV0102": 0.3300375042618479,
  "Q_LV0102": -0.03511762700306853,
  "P_LV0103": 0.4544834640300034,
  "Q_LV0103": -0.05250596658711217,
  "P_LV0201": 0.34231162632117285,
  "Q_LV0201": -0.03511762700306853,
  "P_LV0202": 0.3382202523013979,
  "Q_LV0202": -0.03511762700306853,
  "P_LV0203": 0.3419706784861916,
  "Q_LV0203": -0.03511762700306853,
  "U_POI": 1.0,
  "P_POIMV_MV0101": -1.293081289525456,
  "Q_POIMV_MV0101": 0.22304769434863275,
  "I_POIMV_MV0101": 1.3192769661344221,
  "P_POIMV_MV0201": -1.0111915095093802,
  "Q_POIMV_MV0201": 0.1538177022435712,
  "I_POIMV_MV0201": 1.0283576393418603,
  "P_POI_POIMV": -2.3042728023498995,
  "Q_POI_POIMV": 0.4480559246933458,
  "I_POI_POIMV": 2.3474299263880636
}