{
  "P_LV0101": 0.31401295601772927,
  "Q_LV0101": -0.04602795772246846,
  "P_LV0102": 0.22536651892260484,
  "Q_LV0102": -0.03068530514831231,
  "P_LV0103": 0.36379133992499146,
  "Q_LV0103": -0.04636890555744971,
  "P_LV0201": 0.22059324923286738,
  "Q_LV0201": -0.03068530514831231,
  "P_LV0202": 0.22468462325264235,
  "Q_LV0202": -0.03068530514831231,
  "P_LV0203": 0.22536651892260484,
  "Q_LV0203": -0.03068530514831231,
  "U_POI": 1.0,
  "P_POIMV_MV0101": -0.8945476393365823,
  "Q_POIMV_MV0101": 0.16220663859062293,
  "I_POIMV_MV0101": 0.912591625479227,
  "P_POIMV_MV0201": -0.6657278253348466,
  "Q_POIMV_MV0201": 0.1122363227537689,
  "I_POIMV_MV0201": 0.6776894794482017,
  "P_POI_POIMV": -1.5602754648276023,
  "Q_POI_POIMV": 0.30680567413281196,
  "I_POI_POIMV": 1.5901538440739247
}