{
  "P_LV0101": 0.4977838390726219,
  "Q_LV0101": -0.05250596658711217,
  "P_LV0102": 0.3457211046709853,
  "Q_LV0102": -0.03511762700306853,
  "P_LV0103": 0.5431299011251278,
  "Q_LV0103": -0.05250596658711217,
  "P_LV0201": 0.34810773951585405,
  "Q_LV0201": -0.03511762700306853,
  "P_LV0202": 0.3494715308557791,
  "Q_LV0202": -0.034776679168087285,
  "P_LV0203": 0.35424480054551655,
  "Q_LV0203": -0.03511762700306853,
  "U_POI": 1.0,
  "P_POIMV_MV0101": -1.3665950687532962,
  "Q_POIMV_MV0101": 0.23283874527443077,
  "I_POIMV_MV0101": 1.394074843560899,
  "P_POIMV_MV0201": -1.0398587676690652,
  "Q_POIMV_MV0201": 0.15635078223383375,
  "I_POIMV_MV0201": 1.057453512414945,
  "P_POI_POIMV": -2.4064538411654395,
  "Q_POI_POIMV": 0.4668719832251821,
  "I_POI_POIMV": 2.4513240378172183
}