{
  "P_LV0101": 0.28639618138424816,
  "Q_LV0101": -0.006239345380156835,
  "U_LV0101": 1.00494844245625,
  "I_LV0101_MV0101": 0.28505356646917207,
  "P_LV0102": 0.28908811475409835,
  "Q_LV0102": -0.006147540983606557,
  "U_LV0102": 1.0054036842840053,
  "I_LV0102_MV0102": 0.2875993757680512,
  "P_LV0103": 0.29111876075731496,
  "Q_LV0103": -0.0062994836488812385,
  "U_LV0103": 1.0056194135212546,
  "I_LV0103_MV0103": 0.2895597536958565,
  "P_LV0201": 0.2890466531440162,
  "Q_LV0201": -0.006085192697768762,
  "U_LV0201": 1.0056026374183469,
  "I_LV0201_MV0201": 0.2874999427981611,
  "P_LV0202": 0.2890743550834598,
  "Q_LV0202": -0.006069802731411229,
  "U_LV0202": 1.0059882794952562,
  "I_LV0202_MV0202": 0.2874169400871225,
  "P_LV0203": 0.2905263157894737,
  "Q_LV0203": -0.006015037593984963,
  "U_LV0203": 1.0062195793280444,
  "I_LV0203_MV0203": 0.28879240932380723,
  "P_POIMV_MV0101": -0.8591696191361177,
  "Q_POIMV_MV0101": 0.05220641742722334,
  "U_POIMV": 0.9983983620750139,
  "I_POIMV_MV0101": 0.8621351163898973,
  "P_POIMV_MV0201": -0.8606704447760286,
  "Q_POIMV_MV0201": 0.05187630493881386,
  "I_POIMV_MV0201": 0.863615630811872,
  "P_POI_POIMV": -1.7198400641284342,
  "Q_POI_POIMV": 0.14229594600748158,
  "U_POI": 1.0,
  "I_POI_POIMV": 1.72571665763284
}