{
  "P_LV0101": 0.11181725196045005,
  "Q_LV0101": -0.013869757927037162,
  "U_LV0101": 0.9999623025290918,
  "I_LV0101_MV0101": 0.1126784151873839,
  "P_LV0102": 0.10088114754098361,
  "Q_LV0102": -0.013831967213114754,
  "U_LV0102": 0.9998044726005924,
  "I_LV0102_MV0102": 0.10184490669916078,
  "P_LV0103": 0.0882340791738382,
  "Q_LV0103": -0.014251290877796901,
  "U_LV0103": 0.9994728727453049,
  "I_LV0103_MV0103": 0.08942471939663031,
  "P_LV0201": 0.1056997971602434,
  "Q_LV0201": -0.013691683569979716,
  "U_LV0201": 1.000029524318855,
  "I_LV0201_MV0201": 0.10657972865996733,
  "P_LV0202": 0.10270106221547799,
  "Q_LV0202": -0.013657056145675264,
  "U_LV0202": 1.0000861005301924,
  "I_LV0202_MV0202": 0.10359621224371145,
  "P_LV0203": 0.10249624060150375,
  "Q_LV0203": -0.013533834586466165,
  "U_LV0203": 1.000162276888113,
  "I_LV0203_MV0203": 0.1033691241160122,
  "P_POIMV_MV0101": -0.30000635457056535,
  "Q_POIMV_MV0101": 0.04503972154254076,
  "U_POIMV": 0.9988153241743106,
  "I_POIMV_MV0101": 0.303728224727868,
  "P_POIMV_MV0201": -0.30984670858679736,
  "Q_POIMV_MV0201": 0.043975892412856835,
  "I_POIMV_MV0201": 0.3133230386534696,
  "P_POI_POIMV": -0.6098530631574652,
  "Q_POI_POIMV": 0.0934073727542249,
  "U_POI": 1.0,
  "I_POI_POIMV": 0.6169649065606487
}