{
  "P_LV0101": 0.9979543129901125,
  "Q_LV0101": -0.015001704739174906,
  "P_LV0102": 0.6631435390385271,
  "Q_LV0102": -0.009887487214456188,
  "P_LV0103": 0.9853392430958063,
  "Q_LV0103": -0.015001704739174906,
  "P_LV0201": 0.6696215479031709,
  "Q_LV0201": -0.009887487214456188,
  "P_LV0202": 0.674053869757927,
  "Q_LV0202": -0.009887487214456188,
  "P_LV0203": 0.6801909307875895,
  "Q_LV0203": -0.009887487214456188,
  "U_POI": 1.0,
  "P_POIMV_MV0101": -2.5755991037573938,
  "Q_POIMV_MV0101": 0.37147782255294465,
  "I_POIMV_MV0101": 2.6273611906636916,
  "P_POIMV_MV0201": -1.9805651215014894,
  "Q_POIMV_MV0201": 0.2195012036909278,
  "I_POIMV_MV0201": 2.011920247200406,
  "P_POI_POIMV": -4.556164225259836,
  "Q_POI_POIMV": 0.8705873603431218,
  "I_POI_POIMV": 4.638594054185684
}