{
  "P_LV0101": 0.02567337197408796,
  "Q_LV0101": -0.004602795772246845,
  "U_LV0101": 0.9997736610012794,
  "I_LV0101_MV0101": 0.026088614534902545,
  "P_LV0102": 0.021055327868852457,
  "Q_LV0102": -0.004456967213114754,
  "U_LV0102": 0.9996907449214216,
  "I_LV0102_MV0102": 0.02152853918945287,
  "P_LV0103": 0.01755593803786575,
  "Q_LV0103": -0.004647160068846815,
  "U_LV0103": 0.9995785720970451,
  "I_LV0103_MV0103": 0.018168247142866658,
  "P_LV0201": 0.022819472616632856,
  "Q_LV0201": -0.004411764705882353,
  "U_LV0201": 0.9997633731314831,
  "I_LV0201_MV0201": 0.023247531626346466,
  "P_LV0202": 0.021699544764795145,
  "Q_LV0202": -0.004400606980273141,
  "U_LV0202": 0.9997605108634924,
  "I_LV0202_MV0202": 0.02214656796183605,
  "P_LV0203": 0.021353383458646617,
  "Q_LV0203": -0.004360902255639097,
  "U_LV0203": 0.9997694862812081,
  "I_LV0203_MV0203": 0.021799162874598495,
  "P_POIMV_MV0101": -0.06424087702216195,
  "Q_POIMV_MV0101": 0.01264098523388665,
  "U_POIMV": 0.9996871827385101,
  "I_POIMV_MV0101": 0.06549326641108687,
  "P_POIMV_MV0201": -0.06582421754450339,
  "Q_POIMV_MV0201": 0.01183124441593374,
  "I_POIMV_MV0201": 0.06689996722869909,
  "P_POI_POIMV": -0.13006509609603395,
  "Q_POI_POIMV": 0.02413453648273363,
  "U_POI": 1.0,
  "I_POI_POIMV": 0.13228531692409007
}