{
  "P_LV0101": 0.9631776338220253,
  "Q_LV0101": -0.021820661438799863,
  "P_LV0102": 0.6304125468803273,
  "Q_LV0102": -0.014660756904193658,
  "P_LV0103": 0.9263552676440504,
  "Q_LV0103": -0.02216160927378111,
  "P_LV0201": 0.6334810773951586,
  "Q_LV0201": -0.014660756904193658,
  "P_LV0202": 0.638254347084896,
  "Q_LV0202": -0.014319809069212411,
  "P_LV0203": 0.6372315035799523,
  "Q_LV0203": -0.014660756904193658,
  "U_POI": 1.0,
  "P_POIMV_MV0101": -2.455573917814437,
  "Q_POIMV_MV0101": 0.3600269502048974,
  "I_POIMV_MV0101": 2.504710436299288,
  "P_POIMV_MV0201": -1.8703655618419712,
  "Q_POIMV_MV0201": 0.21273380934955768,
  "I_POIMV_MV0201": 1.8997818756514375,
  "P_POI_POIMV": -4.325939479656009,
  "Q_POI_POIMV": 0.8247303098688478,
  "I_POI_POIMV": 4.403854273890414
}