{
  "P_LV0101": 0.28568019093078756,
  "Q_LV0101": -0.0075690419365837015,
  "U_LV0101": 1.0046739297182739,
  "I_LV0101_MV0101": 0.28445093981418396,
  "P_LV0102": 0.28447745901639343,
  "Q_LV0102": -0.007530737704918033,
  "U_LV0102": 1.0050244925803768,
  "I_LV0102_MV0102": 0.2831544118498326,
  "P_LV0103": 0.27965576592082614,
  "Q_LV0103": -0.007641996557659208,
  "U_LV0103": 1.0050867633645795,
  "I_LV0103_MV0103": 0.27834428920396886,
  "P_LV0201": 0.2860040567951318,
  "Q_LV0201": -0.007454361054766733,
  "U_LV0201": 1.0052631526549753,
  "I_LV0201_MV0201": 0.28460327444462896,
  "P_LV0202": 0.2843702579666161,
  "Q_LV0202": -0.007435508345978756,
  "U_LV0202": 1.0056054494020192,
  "I_LV0202_MV0202": 0.2828817710827663,
  "P_LV0203": 0.2858646616541353,
  "Q_LV0203": -0.007368421052631579,
  "U_LV0203": 1.0058359424408696,
  "I_LV0203_MV0203": 0.2843004487293738,
  "P_POIMV_MV0101": -0.8426634678822091,
  "Q_POIMV_MV0101": 0.05495940618222936,
  "U_POIMV": 0.9983299485946379,
  "I_POIMV_MV0101": 0.8458664618461842,
  "P_POIMV_MV0201": -0.8484818772956333,
  "Q_POIMV_MV0201": 0.054997327740084555,
  "I_POIMV_MV0201": 0.8516847887238993,
  "P_POI_POIMV": -1.6911453453680119,
  "Q_POI_POIMV": 0.1469129778013617,
  "U_POI": 1.0,
  "I_POI_POIMV": 1.6975146544894262
}