{
  "P_LV0101": 0.16437095124445958,
  "Q_LV0101": -0.01605864302761677,
  "U_LV0101": 1.0006652997146486,
  "I_LV0101_MV0101": 0.16504372995763858,
  "P_LV0102": 0.15568647540983604,
  "Q_LV0102": -0.015983606557377048,
  "U_LV0102": 1.0006524829033012,
  "I_LV0102_MV0102": 0.15640275588538202,
  "P_LV0103": 0.14385542168674698,
  "Q_LV0103": -0.01621342512908778,
  "U_LV0103": 1.0004183622843335,
  "I_LV0103_MV0103": 0.14470567732109382,
  "P_LV0201": 0.15943204868154157,
  "Q_LV0201": -0.015669371196754562,
  "U_LV0201": 1.0009037606478888,
  "I_LV0201_MV0201": 0.1600555582611596,
  "P_LV0202": 0.15690440060698027,
  "Q_LV0202": -0.015781487101669194,
  "U_LV0202": 1.0010261251179073,
  "I_LV0202_MV0202": 0.1575344065814759,
  "P_LV0203": 0.15714285714285714,
  "Q_LV0203": -0.015639097744360904,
  "U_LV0203": 1.0011519285571808,
  "I_LV0203_MV0203": 0.15773745086845722,
  "P_POIMV_MV0101": -0.46174159912105295,
  "Q_POIMV_MV0101": 0.0571784807255393,
  "U_POIMV": 0.9984545920041491,
  "I_POIMV_MV0101": 0.46598854131985673,
  "P_POIMV_MV0201": -0.4710645260764299,
  "Q_POIMV_MV0201": 0.056215721548144415,
  "I_POIMV_MV0201": 0.4751412802068271,
  "P_POI_POIMV": -0.9328061251986389,
  "Q_POI_POIMV": 0.12436120317504436,
  "U_POI": 1.0,
  "I_POI_POIMV": 0.9410594965586626
}