{
  "P_LV0101": 0.8210023866348448,
  "Q_LV0101": -0.040913740197749744,
  "P_LV0102": 0.5322195704057279,
  "Q_LV0102": -0.02727582679849983,
  "P_LV0103": 0.766109785202864,
  "Q_LV0103": -0.040913740197749744,
  "P_LV0201": 0.5431299011251278,
  "Q_LV0201": -0.02727582679849983,
  "P_LV0202": 0.5427889532901466,
  "Q_LV0202": -0.02727582679849983,
  "P_LV0203": 0.5465393794749404,
  "Q_LV0203": -0.02727582679849983,
  "U_POI": 1.0,
  "P_POIMV_MV0101": -2.073433648605975,
  "Q_POIMV_MV0101": 0.32376735910237436,
  "I_POIMV_MV0101": 2.1157237459877325,
  "P_POIMV_MV0201": -1.60402632205309,
  "Q_POIMV_MV0201": 0.20597010282878897,
  "I_POIMV_MV0201": 1.63042344742331,
  "P_POI_POIMV": -3.6774599706586555,
  "Q_POI_POIMV": 0.7118691056993728,
  "I_POI_POIMV": 3.745726826591334
}