{
  "P_LV0101": 0.15308557790658028,
  "Q_LV0101": -0.03068530514831231,
  "P_LV0102": 0.1189907944084555,
  "Q_LV0102": -0.02079781793385612,
  "P_LV0103": 0.19945448346403,
  "Q_LV0103": -0.03068530514831231,
  "P_LV0201": 0.11421752471871803,
  "Q_LV0201": -0.02079781793385612,
  "P_LV0202": 0.11694510739856802,
  "Q_LV0202": -0.02079781793385612,
  "P_LV0203": 0.11660415956358677,
  "Q_LV0203": -0.02079781793385612,
  "U_POI": 1.0,
  "P_POIMV_MV0101": -0.469130054345878,
  "Q_POIMV_MV0101": 0.09212103033387338,
  "I_POIMV_MV0101": 0.4791060916238649,
  "P_POIMV_MV0201": -0.34642752523597264,
  "Q_POIMV_MV0201": 0.06676159604854656,
  "I_POIMV_MV0201": 0.353552243302629,
  "P_POI_POIMV": -0.8155575795834624,
  "Q_POI_POIMV": 0.16734435893506094,
  "I_POI_POIMV": 0.8325492778709389
}