{
  "P_LV0101": 0.041936583702693486,
  "Q_LV0101": -0.012274122059324924,
  "P_LV0102": 0.02386634844868735,
  "Q_LV0102": -0.007841800204568702,
  "P_LV0103": 0.03136720081827481,
  "Q_LV0103": -0.011933174224343675,
  "P_LV0201": 0.026252983293556086,
  "Q_LV0201": -0.008182748039549948,
  "P_LV0202": 0.024889191953631096,
  "Q_LV0202": -0.008182748039549948,
  "P_LV0203": 0.024548244118649847,
  "Q_LV0203": -0.007841800204568702,
  "U_POI": 1.0,
  "P_POIMV_MV0101": -0.09706122309534825,
  "Q_POIMV_MV0101": 0.031292612512781044,
  "I_POIMV_MV0101": 0.10205256139806738,
  "P_POIMV_MV0201": -0.07562290579994899,
  "Q_POIMV_MV0201": 0.022952197399196423,
  "I_POIMV_MV0201": 0.07908479664866416,
  "P_POI_POIMV": -0.17268413565926433,
  "Q_POI_POIMV": 0.05410610268421674,
  "I_POI_POIMV": 0.18096209839649352
}