{
  "P_LV0101": 0.06955335833617457,
  "Q_LV0101": -0.016706443914081145,
  "P_LV0102": 0.055233549266962154,
  "Q_LV0102": -0.010569382884418685,
  "P_LV0103": 0.0961472894647119,
  "Q_LV0103": -0.01602454824411865,
  "P_LV0201": 0.051824070917149676,
  "Q_LV0201": -0.010569382884418685,
  "P_LV0202": 0.05250596658711217,
  "Q_LV0202": -0.010569382884418685,
  "P_LV0203": 0.05318786225707467,
  "Q_LV0203": -0.010910330719399931,
  "U_POI": 1.0,
  "P_POIMV_MV0101": -0.2203988020605171,
  "Q_POIMV_MV0101": 0.04453014046788507,
  "I_POIMV_MV0101": 0.22507707460144863,
  "P_POIMV_MV0201": -0.1572410981835841,
  "Q_POIMV_MV0201": 0.03171896596471462,
  "I_POIMV_MV0201": 0.16056874242637917,
  "P_POI_POIMV": -0.3776399002444947,
  "Q_POI_POIMV": 0.07761970452525983,
  "I_POI_POIMV": 0.38553432115346165
}