{
  "P_LV0101": 0.35668598704398224,
  "Q_LV0101": -0.007364473235594953,
  "U_LV0101": 1.0056758152944918,
  "I_LV0101_MV0101": 0.35474851887127884,
  "P_LV0102": 0.35668032786885245,
  "Q_LV0102": -0.007192622950819672,
  "U_LV0102": 1.0061655048642972,
  "I_LV0102_MV0102": 0.3545667588077001,
  "P_LV0103": 0.35405163511187604,
  "Q_LV0103": -0.007311531841652323,
  "U_LV0103": 1.0063268057020531,
  "I_LV0103_MV0103": 0.3519007150721388,
  "P_LV0201": 0.3565314401622718,
  "Q_LV0201": -0.007119675456389452,
  "U_LV0201": 1.006408717804408,
  "I_LV0201_MV0201": 0.3543317086577574,
  "P_LV0202": 0.3572685887708649,
  "Q_LV0202": -0.007101669195751138,
  "U_LV0202": 1.0068941312460247,
  "I_LV0202_MV0202": 0.3548924888881562,
  "P_LV0203": 0.356390977443609,
  "Q_LV0203": -0.007037593984962406,
  "U_LV0203": 1.0071184340072137,
  "I_LV0203_MV0203": 0.353940950633053,
  "P_POIMV_MV0101": -1.0561635195869599,
  "Q_POIMV_MV0101": 0.07329766362666712,
  "U_POIMV": 0.9977156076263197,
  "I_POIMV_MV0101": 1.0611279229589567,
  "P_POIMV_MV0201": -1.0581057511408756,
  "Q_POIMV_MV0201": 0.07313158908853142,
  "I_POIMV_MV0201": 1.0630584487509693,
  "P_POI_POIMV": -2.114269271868234,
  "Q_POI_POIMV": 0.2046159604931388,
  "U_POI": 1.0,
  "I_POI_POIMV": 2.1241474160836296
}