{
  "P_LV0101": 0.04227753153767474,
  "Q_LV0101": -0.01125127855438118,
  "P_LV0102": 0.033753835663143536,
  "Q_LV0102": -0.007500852369587453,
  "P_LV0103": 0.05864302761677463,
  "Q_LV0103": -0.010910330719399931,
  "P_LV0201": 0.03170814865325605,
  "Q_LV0201": -0.007159904534606206,
  "P_LV0202": 0.033071939993181046,
  "Q_LV0202": -0.007159904534606206,
  "P_LV0203": 0.033071939993181046,
  "Q_LV0203": -0.007159904534606206,
  "U_POI": 1.0,
  "P_POIMV_MV0101": -0.13447367756011583,
  "Q_POIMV_MV0101": 0.02932812820171568,
  "I_POIMV_MV0101": 0.13772354476704937,
  "P_POIMV_MV0201": -0.0977445287251291,
  "Q_POIMV_MV0201": 0.020400265009536796,
  "I_POIMV_MV0201": 0.099915166044698,
  "P_POI_POIMV": -0.23221822386902166,
  "Q_POI_POIMV": 0.04989780624235631,
  "I_POI_POIMV": 0.23751861940631688
}