{
  "P_LV0101": 0.044800545516535964,
  "Q_LV0101": -0.006853051483123081,
  "U_LV0101": 0.9997936805371244,
  "I_LV0101_MV0101": 0.04533101458293311,
  "P_LV0102": 0.03796106557377049,
  "Q_LV0102": -0.006915983606557377,
  "U_LV0102": 0.999642511620339,
  "I_LV0102_MV0102": 0.03859971858742016,
  "P_LV0103": 0.03129087779690189,
  "Q_LV0103": -0.006919104991394148,
  "U_LV0103": 0.9994799510956381,
  "I_LV0103_MV0103": 0.03206340507920992,
  "P_LV0201": 0.04077079107505071,
  "Q_LV0201": -0.006845841784989857,
  "U_LV0201": 0.9997610453985564,
  "I_LV0201_MV0201": 0.041351419930915415,
  "P_LV0202": 0.038846737481031866,
  "Q_LV0202": -0.006828528072837633,
  "U_LV0202": 0.9997593890199432,
  "I_LV0202_MV0202": 0.039451826453010985,
  "P_LV0203": 0.03879699248120301,
  "Q_LV0203": -0.006766917293233083,
  "U_LV0203": 0.9997904740147745,
  "I_LV0203_MV0203": 0.0393909615883156,
  "P_POIMV_MV0101": -0.11391661366250842,
  "Q_POIMV_MV0101": 0.020057072879615844,
  "U_POIMV": 0.9994865582754192,
  "I_POIMV_MV0101": 0.11572826185326167,
  "P_POIMV_MV0201": -0.11826024554555056,
  "Q_POIMV_MV0201": 0.01956918420130155,
  "I_POIMV_MV0201": 0.11992999929102997,
  "P_POI_POIMV": -0.23217687406246798,
  "Q_POI_POIMV": 0.03978345671386392,
  "U_POI": 1.0,
  "I_POI_POIMV": 0.235560659443641
}