{
  "P_LV0101": 0.3341288782816229,
  "Q_LV0101": -0.04670985339243096,
  "P_LV0102": 0.23900443232185475,
  "Q_LV0102": -0.03136720081827481,
  "P_LV0103": 0.3832253665189226,
  "Q_LV0103": -0.04670985339243096,
  "P_LV0201": 0.23525400613706102,
  "Q_LV0201": -0.031026252983293555,
  "P_LV0202": 0.237981588816911,
  "Q_LV0202": -0.031026252983293555,
  "P_LV0203": 0.239345380156836,
  "Q_LV0203": -0.031026252983293555,
  "U_POI": 1.0,
  "P_POIMV_MV0101": -0.9467184439404669,
  "Q_POIMV_MV0101": 0.16868272840508286,
  "I_POIMV_MV0101": 0.9654402074662566,
  "P_POIMV_MV0201": -0.7070426404722823,
  "Q_POIMV_MV0201": 0.11600925783375532,
  "I_POIMV_MV0201": 0.7193365806013602,
  "P_POI_POIMV": -1.6537610846575697,
  "Q_POI_POIMV": 0.3210839341697013,
  "I_POI_POIMV": 1.6846425786823964
}