{
  "P_LV0101": 0.13931128537333787,
  "Q_LV0101": -0.014933515172178655,
  "U_LV0101": 1.000360869462461,
  "I_LV0101_MV0101": 0.14005885753285488,
  "P_LV0102": 0.12986680327868852,
  "Q_LV0102": -0.0149077868852459,
  "U_LV0102": 1.0002841838876009,
  "I_LV0102_MV0102": 0.13068251904740566,
  "P_LV0103": 0.11834767641996558,
  "Q_LV0103": -0.015077452667814113,
  "U_LV0103": 1.0000435367683072,
  "I_LV0103_MV0103": 0.11929904782737331,
  "P_LV0201": 0.13402636916835697,
  "Q_LV0201": -0.014908722109533467,
  "U_LV0201": 1.0004876962640386,
  "I_LV0201_MV0201": 0.13478728705829168,
  "P_LV0202": 0.1315629742033384,
  "Q_LV0202": -0.014719271623672231,
  "U_LV0202": 1.0006192765303465,
  "I_LV0202_MV0202": 0.1323018785073161,
  "P_LV0203": 0.13172932330827067,
  "Q_LV0203": -0.014586466165413535,
  "U_LV0203": 1.0007254969310593,
  "I_LV0203_MV0203": 0.13243836327148384,
  "P_POIMV_MV0101": -0.38600471495714433,
  "Q_POIMV_MV0101": 0.050793509059220664,
  "U_POIMV": 0.99863854118709,
  "I_POIMV_MV0101": 0.38986305772053076,
  "P_POIMV_MV0201": -0.39561277607568746,
  "Q_POIMV_MV0201": 0.050205631104917395,
  "I_POIMV_MV0201": 0.39932942003895583,
  "P_POI_POIMV": -0.7816174910336671,
  "Q_POI_POIMV": 0.10854294485144565,
  "U_POI": 1.0,
  "I_POI_POIMV": 0.7891181617266126
}