{
  "P_LV0101": 0.22032049096488235,
  "Q_LV0101": -0.018411183088987385,
  "U_LV0101": 1.001168682180067,
  "I_LV0101_MV0101": 0.2208303416485489,
  "P_LV0102": 0.22868852459016395,
  "Q_LV0102": -0.018442622950819672,
  "U_LV0102": 1.0016573430845994,
  "I_LV0102_MV0102": 0.22905135686023045,
  "P_LV0103": 0.23731497418244404,
  "Q_LV0103": -0.018712564543889844,
  "U_LV0103": 1.0019709020026462,
  "I_LV0103_MV0103": 0.2375833313734915,
  "P_LV0201": 0.22691683569979715,
  "Q_LV0201": -0.018255578093306288,
  "U_LV0201": 1.0017798884414506,
  "I_LV0201_MV0201": 0.2272455150591385,
  "P_LV0202": 0.22725341426403642,
  "Q_LV0202": -0.018209408194233688,
  "U_LV0202": 1.0020857838295196,
  "I_LV0202_MV0202": 0.2275072596297389,
  "P_LV0203": 0.22827067669172932,
  "Q_LV0203": -0.018045112781954885,
  "U_LV0203": 1.0022783760509046,
  "I_LV0203_MV0203": 0.22846228842991123,
  "P_POIMV_MV0101": -0.681588335968294,
  "Q_POIMV_MV0101": 0.07643769278818317,
  "U_POIMV": 0.9978737773394768,
  "I_POIMV_MV0101": 0.6873224510806674,
  "P_POIMV_MV0201": -0.6774496976648352,
  "Q_POIMV_MV0201": 0.07502130284501926,
  "I_POIMV_MV0201": 0.6830433002841063,
  "P_POI_POIMV": -1.3590380336688992,
  "Q_POI_POIMV": 0.17534510726643834,
  "U_POI": 1.0,
  "I_POI_POIMV": 1.3703029897073518
}