{
  "P_LV0101": 0.2902829867030344,
  "Q_LV0101": -0.006034776679168087,
  "U_LV0101": 1.0050563572825872,
  "I_LV0101_MV0101": 0.2888850035134267,
  "P_LV0102": 0.29246926229508197,
  "Q_LV0102": -0.0059938524590163935,
  "U_LV0102": 1.0054978896936007,
  "I_LV0102_MV0102": 0.2909311672858281,
  "P_LV0103": 0.29473321858864027,
  "Q_LV0103": -0.006196213425129087,
  "U_LV0103": 1.0057139721915698,
  "I_LV0103_MV0103": 0.29312344410204144,
  "P_LV0201": 0.29117647058823526,
  "Q_LV0201": -0.005780933062880324,
  "U_LV0201": 1.0056888987366117,
  "I_LV0201_MV0201": 0.2895864236073983,
  "P_LV0202": 0.29226100151745066,
  "Q_LV0202": -0.005918057663125948,
  "U_LV0202": 1.0060796246004071,
  "I_LV0202_MV0202": 0.290554451449938,
  "P_LV0203": 0.2918796992481203,
  "Q_LV0203": -0.005864661654135338,
  "U_LV0203": 1.0062714719693908,
  "I_LV0203_MV0203": 0.29011913784738014,
  "P_POIMV_MV0101": -0.8698662057899004,
  "Q_POIMV_MV0101": 0.05261558229619062,
  "U_POIMV": 0.9983888466255059,
  "I_POIMV_MV0101": 0.8728623469818373,
  "P_POIMV_MV0201": -0.8672191242939671,
  "Q_POIMV_MV0201": 0.05180653652326598,
  "I_POIMV_MV0201": 0.8701671462808641,
  "P_POI_POIMV": -1.7370853303176463,
  "Q_POI_POIMV": 0.14341576396020494,
  "U_POI": 1.0,
  "I_POI_POIMV": 1.7429955611409502
}