{
  "P_LV0101": 0.16717354244800545,
  "Q_LV0101": -0.017920218206614387,
  "U_LV0101": 1.0003177789826294,
  "I_LV0101_MV0101": 0.16807786898270755,
  "P_LV0102": 0.15584016393442623,
  "Q_LV0102": -0.017889344262295083,
  "U_LV0102": 1.0002311333981841,
  "I_LV0102_MV0102": 0.15682734026031336,
  "P_LV0103": 0.14201721170395867,
  "Q_LV0103": -0.018092943201376936,
  "U_LV0103": 0.9999488545025867,
  "I_LV0103_MV0103": 0.1431724126910588,
  "P_LV0201": 0.1608316430020284,
  "Q_LV0201": -0.01789046653144016,
  "U_LV0201": 1.00047216833788,
  "I_LV0201_MV0201": 0.16174725484504,
  "P_LV0202": 0.15787556904400607,
  "Q_LV0202": -0.017663125948406674,
  "U_LV0202": 1.0006308734813372,
  "I_LV0202_MV0202": 0.15876041421148487,
  "P_LV0203": 0.1580751879699248,
  "Q_LV0203": -0.01750375939849624,
  "U_LV0203": 1.0007578734749158,
  "I_LV0203_MV0203": 0.15892089434666848,
  "P_POIMV_MV0101": -0.46284031733289205,
  "Q_POIMV_MV0101": 0.06292315720093154,
  "U_POIMV": 0.9982984604507285,
  "I_POIMV_MV0101": 0.46789407761114166,
  "P_POIMV_MV0201": -0.4743259224388733,
  "Q_POIMV_MV0201": 0.06236877490362267,
  "I_POIMV_MV0201": 0.47922418217618906,
  "P_POI_POIMV": -0.937166239772908,
  "Q_POI_POIMV": 0.13640616969117644,
  "U_POI": 1.0,
  "I_POI_POIMV": 0.9470412895433387
}