{
  "P_LV0101": 0.4180020456870099,
  "Q_LV0101": -0.050119331742243436,
  "P_LV0102": 0.29526082509376067,
  "Q_LV0102": -0.03341288782816229,
  "P_LV0103": 0.46539379474940334,
  "Q_LV0103": -0.050119331742243436,
  "P_LV0201": 0.2921922945789294,
  "Q_LV0201": -0.03341288782816229,
  "P_LV0202": 0.29526082509376067,
  "Q_LV0202": -0.033071939993181046,
  "P_LV0203": 0.2976474599386294,
  "Q_LV0203": -0.03341288782816229,
  "U_POI": 1.0,
  "P_POIMV_MV0101": -1.164123024187056,
  "Q_POIMV_MV0101": 0.20050844280388908,
  "I_POIMV_MV0101": 1.1869032405835744,
  "P_POIMV_MV0201": -0.8765986518186453,
  "Q_POIMV_MV0201": 0.13592669886704123,
  "I_POIMV_MV0201": 0.89130891080167,
  "P_POI_POIMV": -2.040721677286579,
  "Q_POI_POIMV": 0.39210232597123057,
  "I_POI_POIMV": 2.078049373373837
}