{
  "P_LV0101": 0.041936583702693486,
  "Q_LV0101": -0.012274122059324924,
  "U_LV0101": 0.9987649230464709,
  "I_LV0101_MV0101": 0.04374992384563825,
  "P_LV0102": 0.02386634844868735,
  "Q_LV0102": -0.007841800204568702,
  "U_LV0102": 0.9989210290119894,
  "I_LV0102_MV0102": 0.02514876567132486,
  "P_LV0103": 0.03136720081827481,
  "Q_LV0103": -0.011933174224343675,
  "U_LV0103": 0.9985719887871246,
  "I_LV0103_MV0103": 0.033608412215309594,
  "P_LV0201": 0.026252983293556086,
  "Q_LV0201": -0.008182748039549948,
  "U_LV0201": 0.9989457057345388,
  "I_LV0201_MV0201": 0.027527684051970844,
  "P_LV0202": 0.024889191953631096,
  "Q_LV0202": -0.008182748039549948,
  "U_LV0202": 0.99893569880772,
  "I_LV0202_MV0202": 0.026227707200146742,
  "P_LV0203": 0.024548244118649847,
  "Q_LV0203": -0.007841800204568702,
  "U_LV0203": 0.9989873498400385,
  "I_LV0203_MV0203": 0.02579645532645207,
  "P_POIMV_MV0101": -0.09706122309534825,
  "Q_POIMV_MV0101": 0.031292612512781044,
  "U_POIMV": 0.9992980230902528,
  "I_POIMV_MV0101": 0.10205256139806738,
  "P_POIMV_MV0201": -0.07562290579994899,
  "Q_POIMV_MV0201": 0.022952197399196423,
  "I_POIMV_MV0201": 0.07908479664866416,
  "P_POI_POIMV": -0.17268413565926433,
  "Q_POI_POIMV": 0.05410610268421674,
  "U_POI": 1.0,
  "I_POI_POIMV": 0.18096209839649352
}