{
  "P_LV0101": 0.12777361063757245,
  "Q_LV0101": -0.017306512103648142,
  "U_LV0101": 0.9995484473579275,
  "I_LV0101_MV0101": 0.12899858832419836,
  "P_LV0102": 0.13684426229508198,
  "Q_LV0102": -0.017151639344262296,
  "U_LV0102": 0.9999760429150223,
  "I_LV0102_MV0102": 0.13791824477193457,
  "P_LV0103": 0.14623063683304646,
  "Q_LV0103": -0.017473321858864025,
  "U_LV0103": 1.0002574038289844,
  "I_LV0103_MV0103": 0.14723299534347933,
  "P_LV0201": 0.13308316430020284,
  "Q_LV0201": -0.01716024340770791,
  "U_LV0201": 0.9999508129960308,
  "I_LV0201_MV0201": 0.1341915570665457,
  "P_LV0202": 0.13402124430955994,
  "Q_LV0202": -0.01693474962063733,
  "U_LV0202": 1.0001737437424243,
  "I_LV0202_MV0202": 0.13506346732147698,
  "P_LV0203": 0.1337142857142857,
  "Q_LV0203": -0.016962406015037592,
  "U_LV0203": 1.0002459996745148,
  "I_LV0203_MV0203": 0.13475273077757585,
  "P_POIMV_MV0101": -0.40912426562292703,
  "Q_POIMV_MV0101": 0.058714323956418506,
  "U_POIMV": 0.9984398979214196,
  "I_POIMV_MV0101": 0.4139617266225241,
  "P_POIMV_MV0201": -0.39907351000158897,
  "Q_POIMV_MV0201": 0.05721947110135716,
  "I_POIMV_MV0201": 0.4037846727483533,
  "P_POI_POIMV": -0.8081977756251932,
  "Q_POI_POIMV": 0.1240751003095493,
  "U_POI": 1.0,
  "I_POI_POIMV": 0.8176663592458324
}