{
  "P_LV0101": 0.3301738833958404,
  "Q_LV0101": -0.011660415956358677,
  "U_LV0101": 1.0044272353024126,
  "I_LV0101_MV0101": 0.3289234970885843,
  "P_LV0102": 0.3256967213114754,
  "Q_LV0102": -0.01180327868852459,
  "U_LV0102": 1.0047313081088154,
  "I_LV0102_MV0102": 0.32437580524161186,
  "P_LV0103": 0.3172461273666093,
  "Q_LV0103": -0.011772805507745267,
  "U_LV0103": 1.0047619446929201,
  "I_LV0103_MV0103": 0.31595990936829205,
  "P_LV0201": 0.32713995943204865,
  "Q_LV0201": -0.011683569979716023,
  "U_LV0201": 1.0049998442499506,
  "I_LV0201_MV0201": 0.3257199790064767,
  "P_LV0202": 0.32613050075872535,
  "Q_LV0202": -0.01165402124430956,
  "U_LV0202": 1.0054075715066684,
  "I_LV0202_MV0202": 0.32458344988971055,
  "P_LV0203": 0.3266165413533834,
  "Q_LV0203": -0.011548872180451128,
  "U_LV0203": 1.005645117681095,
  "I_LV0203_MV0203": 0.32498607197182977,
  "P_POIMV_MV0101": -0.9637328105617373,
  "Q_POIMV_MV0101": 0.07793550108381583,
  "U_POIMV": 0.9976499009026513,
  "I_POIMV_MV0101": 0.9691565476534599,
  "P_POIMV_MV0201": -0.9697175285487749,
  "Q_POIMV_MV0201": 0.07829254262293682,
  "I_POIMV_MV0201": 0.9751646993876063,
  "P_POI_POIMV": -1.9334503396768463,
  "Q_POI_POIMV": 0.20488626183965758,
  "U_POI": 1.0,
  "I_POI_POIMV": 1.9442758539587797
}