{
  "P_LV0101": 0.08557790658029321,
  "Q_LV0101": -0.015342652574156155,
  "P_LV0102": 0.04670985339243096,
  "Q_LV0102": -0.009887487214456188,
  "P_LV0103": 0.057961131946812135,
  "Q_LV0103": -0.015342652574156155,
  "P_LV0201": 0.05114217524718718,
  "Q_LV0201": -0.009887487214456188,
  "P_LV0202": 0.04875554040231844,
  "Q_LV0202": -0.009887487214456188,
  "P_LV0203": 0.0484145925673372,
  "Q_LV0203": -0.009887487214456188,
  "U_POI": 1.0,
  "P_POIMV_MV0101": -0.18985131442829867,
  "Q_POIMV_MV0101": 0.04118677252985919,
  "I_POIMV_MV0101": 0.19444633290966507,
  "P_POIMV_MV0201": -0.14806763924516622,
  "Q_POIMV_MV0201": 0.02919181145549136,
  "I_POIMV_MV0201": 0.15105672435284945,
  "P_POI_POIMV": -0.33791895367328906,
  "Q_POI_POIMV": 0.07136687578507227,
  "I_POI_POIMV": 0.3453729147037625
}