{
  "P_LV0101": 0.8455506307534947,
  "Q_LV0101": -0.04125468803273099,
  "P_LV0102": 0.5509717013296965,
  "Q_LV0102": -0.027616774633481077,
  "P_LV0103": 0.7947494033412887,
  "Q_LV0103": -0.04125468803273099,
  "P_LV0201": 0.5622229798840778,
  "Q_LV0201": -0.027616774633481077,
  "P_LV0202": 0.561200136379134,
  "Q_LV0202": -0.027616774633481077,
  "P_LV0203": 0.5676781452437777,
  "Q_LV0203": -0.027616774633481077,
  "U_POI": 1.0,
  "P_POIMV_MV0101": -2.142209469976629,
  "Q_POIMV_MV0101": 0.33963510849848044,
  "I_POIMV_MV0101": 2.1876490965148383,
  "P_POIMV_MV0201": -1.6605867363317042,
  "Q_POIMV_MV0201": 0.21619342281404275,
  "I_POIMV_MV0201": 1.6890255562453391,
  "P_POI_POIMV": -3.802796206308147,
  "Q_POI_POIMV": 0.7509119344622344,
  "I_POI_POIMV": 3.8762259634894156
}