{
  "P_LV0101": 0.1064780088646437,
  "Q_LV0101": -0.014422093419706784,
  "U_LV0101": 0.9996911469003182,
  "I_LV0101_MV0101": 0.10748347883130828,
  "P_LV0102": 0.11403688524590164,
  "Q_LV0102": -0.014293032786885245,
  "U_LV0102": 1.0000512951373228,
  "I_LV0102_MV0102": 0.11492322220824233,
  "P_LV0103": 0.12185886402753872,
  "Q_LV0103": -0.014561101549053355,
  "U_LV0103": 1.0002897186185657,
  "I_LV0103_MV0103": 0.12269019909854938,
  "P_LV0201": 0.11090263691683569,
  "Q_LV0201": -0.01430020283975659,
  "U_LV0201": 1.0000290881537377,
  "I_LV0201_MV0201": 0.11181754458900396,
  "P_LV0202": 0.11168437025796661,
  "Q_LV0202": -0.014112291350531108,
  "U_LV0202": 1.0002156722528805,
  "I_LV0202_MV0202": 0.11254817127715101,
  "P_LV0203": 0.11142857142857143,
  "Q_LV0203": -0.014135338345864662,
  "U_LV0203": 1.000276000855537,
  "I_LV0203_MV0203": 0.11229057429334276,
  "P_POIMV_MV0101": -0.3411765646379866,
  "Q_POIMV_MV0101": 0.04759693788940004,
  "U_POIMV": 0.99874393160548,
  "I_POIMV_MV0101": 0.3449138832942853,
  "P_POIMV_MV0201": -0.3328037934960903,
  "Q_POIMV_MV0201": 0.046351301378542896,
  "I_POIMV_MV0201": 0.33643867308843467,
  "P_POI_POIMV": -0.6739803581343111,
  "Q_POI_POIMV": 0.09942718283268889,
  "U_POI": 1.0,
  "I_POI_POIMV": 0.6812747520911802
}