{
  "P_LV0101": 0.10773951585407433,
  "Q_LV0101": -0.022843504943743608,
  "P_LV0102": 0.08387316740538697,
  "Q_LV0102": -0.015342652574156155,
  "P_LV0103": 0.1431980906921241,
  "Q_LV0103": -0.023184452778724857,
  "P_LV0201": 0.079781793385612,
  "Q_LV0201": -0.015342652574156155,
  "P_LV0202": 0.081145584725537,
  "Q_LV0202": -0.015342652574156155,
  "P_LV0203": 0.08182748039549949,
  "Q_LV0203": -0.015342652574156155,
  "U_POI": 1.0,
  "P_POIMV_MV0101": -0.3335929321725921,
  "Q_POIMV_MV0101": 0.0657916854559408,
  "I_POIMV_MV0101": 0.3405283974197388,
  "P_POIMV_MV0201": -0.24210039620580073,
  "Q_POIMV_MV0201": 0.04736806352984393,
  "I_POIMV_MV0201": 0.24706048583578777,
  "P_POI_POIMV": -0.5756933283782993,
  "Q_POI_POIMV": 0.11708945202336099,
  "I_POI_POIMV": 0.5874799980547554
}