{
  "P_LV0101": 0.6784861916126833,
  "Q_LV0101": -0.05114217524718718,
  "P_LV0102": 0.43470848960109104,
  "Q_LV0102": -0.03409478349812479,
  "P_LV0103": 0.61200136379134,
  "Q_LV0103": -0.05114217524718718,
  "P_LV0201": 0.4466416638254347,
  "Q_LV0201": -0.03409478349812479,
  "P_LV0202": 0.44220934197067846,
  "Q_LV0202": -0.03443573133310603,
  "P_LV0203": 0.4466416638254347,
  "Q_LV0203": -0.03443573133310603,
  "U_POI": 1.0,
  "P_POIMV_MV0101": -1.6945391385989939,
  "Q_POIMV_MV0101": 0.2794442095082056,
  "I_POIMV_MV0101": 1.729317754768361,
  "P_POIMV_MV0201": -1.3163282494184454,
  "Q_POIMV_MV0201": 0.18615246252125536,
  "I_POIMV_MV0201": 1.3386309386283914,
  "P_POI_POIMV": -3.0108674156789337,
  "Q_POI_POIMV": 0.587571935202257,
  "I_POI_POIMV": 3.067664155971847
}