{
  "P_LV0101": 0.11271735424480053,
  "Q_LV0101": -0.013296965564268666,
  "U_LV0101": 1.0001103281595831,
  "I_LV0101_MV0101": 0.11348642744541053,
  "P_LV0102": 0.10343237704918032,
  "Q_LV0102": -0.013217213114754097,
  "U_LV0102": 1.000005952640706,
  "I_LV0102_MV0102": 0.10427282436078089,
  "P_LV0103": 0.09191049913941479,
  "Q_LV0103": -0.013425129087779689,
  "U_LV0103": 0.9997365989661487,
  "I_LV0103_MV0103": 0.09291028397680547,
  "P_LV0201": 0.106947261663286,
  "Q_LV0201": -0.013083164300202838,
  "U_LV0201": 1.0001950132631976,
  "I_LV0201_MV0201": 0.10772353278662963,
  "P_LV0202": 0.10455235204855842,
  "Q_LV0202": -0.013201820940819424,
  "U_LV0202": 1.0002489623288127,
  "I_LV0202_MV0202": 0.10535632285659159,
  "P_LV0203": 0.10451127819548872,
  "Q_LV0203": -0.012932330827067668,
  "U_LV0203": 1.0003513439145804,
  "I_LV0203_MV0203": 0.10527138191971741,
  "P_POIMV_MV0101": -0.3070939833567424,
  "Q_POIMV_MV0101": 0.04321140767779375,
  "U_POIMV": 0.9988577779108126,
  "I_POIMV_MV0101": 0.3104738658338793,
  "P_POIMV_MV0201": -0.31492792587353013,
  "Q_POIMV_MV0201": 0.042453787942163444,
  "I_POIMV_MV0201": 0.31813991578912565,
  "P_POI_POIMV": -0.6220219092304609,
  "Q_POI_POIMV": 0.09024453188346501,
  "U_POI": 1.0,
  "I_POI_POIMV": 0.6285342720151172
}