{
  "P_LV0101": 0.9679509035117627,
  "Q_LV0101": -0.022843504943743608,
  "P_LV0102": 0.6403000340947835,
  "Q_LV0102": -0.014660756904193658,
  "P_LV0103": 0.9396522332083191,
  "Q_LV0103": -0.02250255710876236,
  "P_LV0201": 0.6460961472894647,
  "Q_LV0201": -0.015001704739174906,
  "P_LV0202": 0.6457551994544835,
  "Q_LV0202": -0.015001704739174906,
  "P_LV0203": 0.6539379474940334,
  "Q_LV0203": -0.014660756904193658,
  "U_POI": 1.0,
  "P_POIMV_MV0101": -2.482107165798946,
  "Q_POIMV_MV0101": 0.3680060166282448,
  "I_POIMV_MV0101": 2.5330297245182343,
  "P_POIMV_MV0201": -1.9056746026463698,
  "Q_POIMV_MV0201": 0.22043514512834766,
  "I_POIMV_MV0201": 1.9365694713511796,
  "P_POI_POIMV": -4.387781768445472,
  "Q_POI_POIMV": 0.847932960663452,
  "I_POI_POIMV": 4.468961753392164
}