{
  "P_LV0101": 0.9553358336174566,
  "Q_LV0101": -0.02386634844868735,
  "P_LV0102": 0.6290487555404023,
  "Q_LV0102": -0.01602454824411865,
  "P_LV0103": 0.9249914763041255,
  "Q_LV0103": -0.02386634844868735,
  "P_LV0201": 0.643709512444596,
  "Q_LV0201": -0.01602454824411865,
  "P_LV0202": 0.6430276167746335,
  "Q_LV0202": -0.01602454824411865,
  "P_LV0203": 0.651892260484146,
  "Q_LV0203": -0.01602454824411865,
  "U_POI": 1.0,
  "P_POIMV_MV0101": -2.445492845732189,
  "Q_POIMV_MV0101": 0.3627928724707642,
  "I_POIMV_MV0101": 2.495510527078193,
  "P_POIMV_MV0201": -1.8987947705998358,
  "Q_POIMV_MV0201": 0.2226052337323373,
  "I_POIMV_MV0201": 1.9297808986894576,
  "P_POI_POIMV": -4.3442876163319895,
  "Q_POI_POIMV": 0.8397650980215258,
  "I_POI_POIMV": 4.424707935363711
}