{
  "P_LV0101": 0.8970337538356632,
  "Q_LV0101": -0.028298670303443574,
  "P_LV0102": 0.6058643027616775,
  "Q_LV0102": -0.018752130923968633,
  "P_LV0103": 0.9144220934197068,
  "Q_LV0103": -0.028298670303443574,
  "P_LV0201": 0.6085918854415274,
  "Q_LV0201": -0.018752130923968633,
  "P_LV0202": 0.6126832594613024,
  "Q_LV0202": -0.018752130923968633,
  "P_LV0203": 0.6191612683259461,
  "Q_LV0203": -0.018752130923968633,
  "U_POI": 1.0,
  "P_POIMV_MV0101": -2.3578830428670927,
  "Q_POIMV_MV0101": 0.35317436249076417,
  "I_POIMV_MV0101": 2.4056841772684256,
  "P_POIMV_MV0201": -1.80447377262921,
  "Q_POIMV_MV0201": 0.21365671582661291,
  "I_POIMV_MV0201": 1.833462945250435,
  "P_POI_POIMV": -4.162356815496778,
  "Q_POI_POIMV": 0.8002015010185872,
  "I_POI_POIMV": 4.238577202522667
}