{
  "P_LV0101": 0.9676099556767814,
  "Q_LV0101": -0.020115922263893624,
  "P_LV0102": 0.6488237299693147,
  "Q_LV0102": -0.013296965564268667,
  "P_LV0103": 0.9730651210364815,
  "Q_LV0103": -0.020456870098874872,
  "P_LV0201": 0.6525741561541084,
  "Q_LV0201": -0.012956017729287419,
  "P_LV0202": 0.6566655301738834,
  "Q_LV0202": -0.013296965564268667,
  "P_LV0203": 0.6617797476986021,
  "Q_LV0203": -0.013296965564268667,
  "U_POI": 1.0,
  "P_POIMV_MV0101": -2.521519552538975,
  "Q_POIMV_MV0101": 0.3718982547740033,
  "I_POIMV_MV0101": 2.5732034723346335,
  "P_POIMV_MV0201": -1.9298850959618679,
  "Q_POIMV_MV0201": 0.2198168039867978,
  "I_POIMV_MV0201": 1.9609624873972997,
  "P_POI_POIMV": -4.451404648500712,
  "Q_POI_POIMV": 0.8587703830312285,
  "I_POI_POIMV": 4.53348540479236
}