{
  "P_LV0101": 0.995908625980225,
  "Q_LV0101": -0.020115922263893624,
  "P_LV0102": 0.6610978520286396,
  "Q_LV0102": -0.013296965564268667,
  "P_LV0103": 0.9785202863961814,
  "Q_LV0103": -0.020115922263893624,
  "P_LV0201": 0.6689396522332083,
  "Q_LV0201": -0.012956017729287419,
  "P_LV0202": 0.6713262870780771,
  "Q_LV0202": -0.013296965564268667,
  "P_LV0203": 0.6771224002727583,
  "Q_LV0203": -0.013296965564268667,
  "U_POI": 1.0,
  "P_POIMV_MV0101": -2.565139193080672,
  "Q_POIMV_MV0101": 0.38303124767763647,
  "I_POIMV_MV0101": 2.619293468682106,
  "P_POIMV_MV0201": -1.9742946830017183,
  "Q_POIMV_MV0201": 0.22848497473623475,
  "I_POIMV_MV0201": 2.0071771040685933,
  "P_POI_POIMV": -4.539433876082578,
  "Q_POI_POIMV": 0.8895786937228578,
  "I_POI_POIMV": 4.625776709662039
}