{
  "P_LV0101": 0.8070235254006137,
  "Q_LV0101": -0.04398227071258098,
  "P_LV0102": 0.524036822366178,
  "Q_LV0102": -0.028980565973406067,
  "P_LV0103": 0.7504261847937266,
  "Q_LV0103": -0.043641322877599725,
  "P_LV0201": 0.5342652574156154,
  "Q_LV0201": -0.028980565973406067,
  "P_LV0202": 0.5325605182407092,
  "Q_LV0202": -0.028980565973406067,
  "P_LV0203": 0.5373337879304466,
  "Q_LV0203": -0.028980565973406067,
  "U_POI": 1.0,
  "P_POIMV_MV0101": -2.03716034599272,
  "Q_POIMV_MV0101": 0.3238828593552184,
  "I_POIMV_MV0101": 2.0795623608749447,
  "P_POIMV_MV0201": -1.5766710339166334,
  "Q_POIMV_MV0201": 0.2069166817550662,
  "I_POIMV_MV0201": 1.6031542183669574,
  "P_POI_POIMV": -3.6138313799091613,
  "Q_POI_POIMV": 0.706796640669108,
  "I_POI_POIMV": 3.682300739168012
}