{
  "P_LV0101": 0.8455506307534947,
  "Q_LV0101": -0.04125468803273099,
  "U_LV0101": 1.0027679942403263,
  "I_LV0101_MV0101": 0.8442196521576453,
  "P_LV0102": 0.5509717013296965,
  "Q_LV0102": -0.027616774633481077,
  "U_LV0102": 1.001412985710379,
  "I_LV0102_MV0102": 0.5508850028381909,
  "P_LV0103": 0.7947494033412887,
  "Q_LV0103": -0.04125468803273099,
  "U_LV0103": 1.0035019292985492,
  "I_LV0103_MV0103": 0.7930422509944997,
  "P_LV0201": 0.5622229798840778,
  "Q_LV0201": -0.027616774633481077,
  "U_LV0201": 1.0016945272163549,
  "I_LV0201_MV0201": 0.5619486113805257,
  "P_LV0202": 0.561200136379134,
  "Q_LV0202": -0.027616774633481077,
  "U_LV0202": 1.002387238997992,
  "I_LV0202_MV0202": 0.5605410935251152,
  "P_LV0203": 0.5676781452437777,
  "Q_LV0203": -0.027616774633481077,
  "U_LV0203": 1.002851412640098,
  "I_LV0203_MV0203": 0.5667335165220918,
  "P_POIMV_MV0101": -2.142209469976629,
  "Q_POIMV_MV0101": 0.33963510849848044,
  "U_POIMV": 0.9914597285939398,
  "I_POIMV_MV0101": 2.1876490965148383,
  "P_POIMV_MV0201": -1.6605867363317042,
  "Q_POIMV_MV0201": 0.21619342281404275,
  "I_POIMV_MV0201": 1.6890255562453391,
  "P_POI_POIMV": -3.802796206308147,
  "Q_POI_POIMV": 0.7509119344622344,
  "U_POI": 1.0,
  "I_POI_POIMV": 3.8762259634894156
}