{
  "P_LV0101": 0.1511762700306853,
  "Q_LV0101": -0.015444936924650526,
  "U_LV0101": 1.0005060275970377,
  "I_LV0101_MV0101": 0.1518863299501437,
  "P_LV0102": 0.14246926229508197,
  "Q_LV0102": -0.015522540983606557,
  "U_LV0102": 1.0004520558926226,
  "I_LV0102_MV0102": 0.14324763005242874,
  "P_LV0103": 0.13094664371772805,
  "Q_LV0103": -0.01559380378657487,
  "U_LV0103": 1.000236216274923,
  "I_LV0103_MV0103": 0.13184072753008716,
  "P_LV0201": 0.14650101419878295,
  "Q_LV0201": -0.015365111561866124,
  "U_LV0201": 1.0006810565363784,
  "I_LV0201_MV0201": 0.14720430696265982,
  "P_LV0202": 0.14370257966616085,
  "Q_LV0202": -0.015326251896813354,
  "U_LV0202": 1.0007999471477573,
  "I_LV0202_MV0202": 0.14440204686483019,
  "P_LV0203": 0.14421052631578948,
  "Q_LV0203": -0.01518796992481203,
  "U_LV0203": 1.0009234973167955,
  "I_LV0203_MV0203": 0.14487431332257236,
  "P_POIMV_MV0101": -0.422770207688915,
  "Q_POIMV_MV0101": 0.05384612102103968,
  "U_POIMV": 0.9985476207029447,
  "I_POIMV_MV0101": 0.4268053514016799,
  "P_POIMV_MV0201": -0.43237799202043536,
  "Q_POIMV_MV0201": 0.05333086909891578,
  "I_POIMV_MV0201": 0.43628823198734307,
  "P_POI_POIMV": -0.8551481997095097,
  "Q_POI_POIMV": 0.11631073033180027,
  "U_POI": 1.0,
  "I_POI_POIMV": 0.8630218012638686
}