{
  "P_LV0101": 0.8397545175588135,
  "Q_LV0101": -0.03579952267303103,
  "P_LV0102": 0.5673371974087964,
  "Q_LV0102": -0.02386634844868735,
  "P_LV0103": 0.8619161268325947,
  "Q_LV0103": -0.03579952267303103,
  "P_LV0201": 0.5687009887487214,
  "Q_LV0201": -0.02386634844868735,
  "P_LV0202": 0.5727923627684964,
  "Q_LV0202": -0.02386634844868735,
  "P_LV0203": 0.5775656324582339,
  "Q_LV0203": -0.02386634844868735,
  "U_POI": 1.0,
  "P_POIMV_MV0101": -2.2164339456649973,
  "Q_POIMV_MV0101": 0.34103686043057085,
  "I_POIMV_MV0101": 2.261818777722313,
  "P_POIMV_MV0201": -1.6875889906140116,
  "Q_POIMV_MV0201": 0.20914721015765197,
  "I_POIMV_MV0201": 1.7151356830224123,
  "P_POI_POIMV": -3.9040229362786634,
  "Q_POI_POIMV": 0.7555157926307684,
  "I_POI_POIMV": 3.976455607686873
}