{
  "P_LV0101": 0.5479031708148653,
  "Q_LV0101": -0.053528810092055915,
  "P_LV0102": 0.3453801568360041,
  "Q_LV0102": -0.035458574838049775,
  "P_LV0103": 0.47494033412887826,
  "Q_LV0103": -0.053528810092055915,
  "P_LV0201": 0.3573133310603478,
  "Q_LV0201": -0.03511762700306853,
  "P_LV0202": 0.3525400613706103,
  "Q_LV0202": -0.035458574838049775,
  "P_LV0203": 0.35629048755540405,
  "Q_LV0203": -0.035458574838049775,
  "U_POI": 1.0,
  "P_POIMV_MV0101": -1.3487884347374748,
  "Q_POIMV_MV0101": 0.23283139617266865,
  "I_POIMV_MV0101": 1.3764671471346077,
  "P_POIMV_MV0201": -1.0538582217726529,
  "Q_POIMV_MV0201": 0.15881080223810223,
  "I_POIMV_MV0201": 1.071776119341172,
  "P_POI_POIMV": -2.402646661137853,
  "Q_POI_POIMV": 0.4691136080647493,
  "I_POI_POIMV": 2.4480152278015757
}