{
  "P_LV0101": 0.033753835663143536,
  "Q_LV0101": -0.0074872144561882025,
  "U_LV0101": 0.999358714392556,
  "I_LV0101_MV0101": 0.03459644887898538,
  "P_LV0102": 0.04002049180327869,
  "Q_LV0102": -0.007561475409836066,
  "U_LV0102": 0.999571082953721,
  "I_LV0102_MV0102": 0.040746035368104734,
  "P_LV0103": 0.046347676419965574,
  "Q_LV0103": -0.0075593803786574865,
  "U_LV0103": 0.9997704066222993,
  "I_LV0103_MV0103": 0.04697088604431591,
  "P_LV0201": 0.03705882352941176,
  "Q_LV0201": -0.007484787018255578,
  "U_LV0201": 0.9995148585878485,
  "I_LV0201_MV0201": 0.037825470091005266,
  "P_LV0202": 0.03823975720789074,
  "Q_LV0202": -0.007465857359635812,
  "U_LV0202": 0.999595518095826,
  "I_LV0202_MV0202": 0.03897751498953953,
  "P_LV0203": 0.037714285714285714,
  "Q_LV0203": -0.007398496240601503,
  "U_LV0203": 0.999613503682118,
  "I_LV0203_MV0203": 0.038447983158718994,
  "P_POIMV_MV0101": -0.11996927648149902,
  "Q_POIMV_MV0101": 0.02204740875050085,
  "U_POIMV": 0.9994364345884083,
  "I_POIMV_MV0101": 0.12204712195852299,
  "P_POIMV_MV0201": -0.11287084815545922,
  "Q_POIMV_MV0201": 0.021422117210657447,
  "I_POIMV_MV0201": 0.11495053177842353,
  "P_POI_POIMV": -0.23284014017053076,
  "Q_POI_POIMV": 0.04363498263582491,
  "U_POI": 1.0,
  "I_POI_POIMV": 0.23689352583863735
}