{
  "P_LV0101": 0.8039549948857825,
  "Q_LV0101": -0.03784520968291851,
  "P_LV0102": 0.5465393794749404,
  "Q_LV0102": -0.02557108762359359,
  "P_LV0103": 0.8298670303443573,
  "Q_LV0103": -0.03818615751789976,
  "P_LV0201": 0.5455165359699966,
  "Q_LV0201": -0.02557108762359359,
  "P_LV0202": 0.548926014319809,
  "Q_LV0202": -0.02557108762359359,
  "P_LV0203": 0.5543811796795091,
  "Q_LV0203": -0.02557108762359359,
  "U_POI": 1.0,
  "P_POIMV_MV0101": -2.131768745737296,
  "Q_POIMV_MV0101": 0.32844582119722165,
  "I_POIMV_MV0101": 2.1747269261862114,
  "P_POIMV_MV0201": -1.619838298063993,
  "Q_POIMV_MV0201": 0.2032791271468527,
  "I_POIMV_MV0201": 1.6460194910091528,
  "P_POI_POIMV": -3.7516070438012763,
  "Q_POI_POIMV": 0.7212032919428122,
  "I_POI_POIMV": 3.8202996740319337
}