{
  "P_LV0101": 0.0058302079781793375,
  "Q_LV0101": -0.0018411183088987383,
  "U_LV0101": 0.9998105219631059,
  "I_LV0101_MV0101": 0.0061151624229611986,
  "P_LV0102": 0.006301229508196721,
  "Q_LV0102": -0.001844262295081967,
  "U_LV0102": 0.9998308559911315,
  "I_LV0102_MV0102": 0.006566687361330244,
  "P_LV0103": 0.006815834767641996,
  "Q_LV0103": -0.001962134251290878,
  "U_LV0103": 0.9998326623506941,
  "I_LV0103_MV0103": 0.0070938293334185856,
  "P_LV0201": 0.005933062880324543,
  "Q_LV0201": -0.0018255578093306286,
  "U_LV0201": 0.9998261920860091,
  "I_LV0201_MV0201": 0.006208646785502982,
  "P_LV0202": 0.0062215477996965095,
  "Q_LV0202": -0.0018209408194233688,
  "U_LV0202": 0.9998420275988011,
  "I_LV0202_MV0202": 0.006483576382160524,
  "P_LV0203": 0.006015037593984963,
  "Q_LV0203": -0.0018045112781954887,
  "U_LV0203": 0.9998420708969404,
  "I_LV0203_MV0203": 0.006280875544788098,
  "P_POIMV_MV0101": -0.018943345557032483,
  "Q_POIMV_MV0101": 0.004392825009242916,
  "U_POIMV": 0.9998991040413374,
  "I_POIMV_MV0101": 0.019447970872670525,
  "P_POIMV_MV0201": -0.018165816217841198,
  "Q_POIMV_MV0201": 0.003912027659897106,
  "I_POIMV_MV0201": 0.018584147242676857,
  "P_POI_POIMV": -0.037109161786318894,
  "Q_POI_POIMV": 0.007757775959441488,
  "U_POI": 1.0,
  "I_POI_POIMV": 0.037911383202411365
}