{
  "P_LV0101": 0.049096488237299694,
  "Q_LV0101": -0.013637913399249914,
  "U_LV0101": 0.9986710051229697,
  "I_LV0101_MV0101": 0.05102324844368198,
  "P_LV0102": 0.0405727923627685,
  "Q_LV0102": -0.04342583538686817,
  "U_LV0102": 0.9991250290472872,
  "I_LV0102_MV0102": 0.041640447461371875,
  "P_LV0103": 0.06955335833617457,
  "Q_LV0103": -0.013296965564268667,
  "U_LV0103": 0.9860478262607195,
  "I_LV0103_MV0103": 0.0708575491963879,
  "P_LV0201": 0.03784520968291851,
  "Q_LV0201": -0.009205591544493692,
  "U_LV0201": 0.9990399339625957,
  "I_LV0201_MV0201": 0.0015384830153021267,
  "P_LV0202": 0.03852710535288101,
  "Q_LV0202": -0.009205591544493692,
  "U_LV0202": 0.9991038072954944,
  "I_LV0202_MV0202": 0.03964715024290928,
  "P_LV0203": 0.0390631783241191,
  "Q_LV0203": -0.009205591544493692,
  "U_LV0203": 0.9991357911847801,
  "I_LV0203_MV0203": 0.03997785977233409,
  "P_POIMV_MV0101": -0.1589411154699274,
  "Q_POIMV_MV0101": 0.03618324231117741,
  "U_POIMV": 0.9991811623135523,
  "I_POIMV_MV0101": 0.16314127073579282,
  "P_POIMV_MV0201": -0.11508994943852283,
  "Q_POIMV_MV0201": 0.02672765327118385,
  "I_POIMV_MV0201": 0.11824954154318154,
  "P_POI_POIMV": -0.2740311002151055,
  "Q_POI_POIMV": 0.06337602353071628,
  "U_POI": 1.0,
  "I_POI_POIMV": 0.28126422496234227
}