{
  "P_LV0101": 0.5479031708148653,
  "Q_LV0101": -0.053528810092055915,
  "U_LV0101": 0.999557338662468,
  "I_LV0101_MV0101": 0.5507555756619185,
  "P_LV0102": 0.3453801568360041,
  "Q_LV0102": -0.09422867361773068,
  "U_LV0102": 0.9987715149099617,
  "I_LV0102_MV0102": 0.34762261810679446,
  "P_LV0103": 0.47494033412887826,
  "Q_LV0103": -0.053528810092055915,
  "U_LV0103": 0.9909224282818021,
  "I_LV0103_MV0103": 0.4783951649570763,
  "P_LV0201": 0.3573133310603478,
  "Q_LV0201": -0.03511762700306853,
  "U_LV0201": 0.9991425875717935,
  "I_LV0201_MV0201": 0.13070344852453042,
  "P_LV0202": 0.3525400613706103,
  "Q_LV0202": -0.035458574838049775,
  "U_LV0202": 0.9994366494793656,
  "I_LV0202_MV0202": 0.3545185085824051,
  "P_LV0203": 0.3496522385679155,
  "Q_LV0203": -0.035458574838049775,
  "U_LV0203": 0.99973587294499,
  "I_LV0203_MV0203": 0.3581451814906871,
  "P_POIMV_MV0101": -1.3487884347374748,
  "Q_POIMV_MV0101": 0.23283139617266865,
  "U_POIMV": 0.9943839942674484,
  "I_POIMV_MV0101": 1.3764671471346077,
  "P_POIMV_MV0201": -1.0538582217726529,
  "Q_POIMV_MV0201": 0.15881080223810223,
  "I_POIMV_MV0201": 1.071776119341172,
  "P_POI_POIMV": -2.402646661137853,
  "Q_POI_POIMV": 0.4691136080647493,
  "U_POI": 1.0,
  "I_POI_POIMV": 2.4480152278015757
}