{
  "P_LV0101": 0.027957722468462325,
  "Q_LV0101": -0.008864643709512444,
  "U_LV0101": 0.999062500007341,
  "I_LV0101_MV0101": 0.029356962627397083,
  "P_LV0102": 0.02113876576883737,
  "Q_LV0102": -0.04006778288701085,
  "U_LV0102": 0.999335852700242,
  "I_LV0102_MV0102": 0.02193356160069296,
  "P_LV0103": 0.03511762700306853,
  "Q_LV0103": -0.008864643709512444,
  "U_LV0103": 0.9859761703441942,
  "I_LV0103_MV0103": 0.036244198703856624,
  "P_LV0201": 0.020115922263893624,
  "Q_LV0201": -0.005796113194681214,
  "U_LV0201": 0.9993037423494674,
  "I_LV0201_MV0201": 0.0004359591915530594,
  "P_LV0202": 0.020456870098874872,
  "Q_LV0202": -0.005796113194681214,
  "U_LV0202": 0.9993364708896024,
  "I_LV0202_MV0202": 0.021276253654452713,
  "P_LV0203": 0.020968573839625915,
  "Q_LV0203": -0.005796113194681214,
  "U_LV0203": 0.9993480993284583,
  "I_LV0203_MV0203": 0.021276006093816077,
  "P_POIMV_MV0101": -0.08413441803560891,
  "Q_POIMV_MV0101": 0.022626206737739647,
  "U_POIMV": 0.9995020690916936,
  "I_POIMV_MV0101": 0.08716714010239389,
  "P_POIMV_MV0201": -0.060986598331321286,
  "Q_POIMV_MV0201": 0.016024006013898685,
  "I_POIMV_MV0201": 0.06308800665869849,
  "P_POI_POIMV": -0.14512101938377206,
  "Q_POI_POIMV": 0.038378272278753685,
  "U_POI": 1.0,
  "I_POI_POIMV": 0.15010996652483571
}