{
  "P_LV0101": 0.6784861916126833,
  "Q_LV0101": -0.05114217524718718,
  "U_LV0101": 1.0007788638303734,
  "I_LV0101_MV0101": 0.6798813912078867,
  "P_LV0102": 0.43470848960109104,
  "Q_LV0102": -0.10331672651897605,
  "U_LV0102": 0.9997447873752824,
  "I_LV0102_MV0102": 0.43615480077859997,
  "P_LV0103": 0.61200136379134,
  "Q_LV0103": -0.05114217524718718,
  "U_LV0103": 0.9947542015974071,
  "I_LV0103_MV0103": 0.6136416590670026,
  "P_LV0201": 0.4466416638254347,
  "Q_LV0201": -0.03409478349812479,
  "U_LV0201": 1.0000520523598004,
  "I_LV0201_MV0201": 0.20242982892813582,
  "P_LV0202": 0.44220934197067846,
  "Q_LV0202": -0.03443573133310603,
  "U_LV0202": 1.0004758448774242,
  "I_LV0202_MV0202": 0.4433371443882012,
  "P_LV0203": 0.44012452425340953,
  "Q_LV0203": -0.03443573133310603,
  "U_LV0203": 1.000838876358026,
  "I_LV0203_MV0203": 0.4475917060378992,
  "P_POIMV_MV0101": -1.6945391385989939,
  "Q_POIMV_MV0101": 0.2794442095082056,
  "U_POIMV": 0.9931234234494183,
  "I_POIMV_MV0101": 1.729317754768361,
  "P_POIMV_MV0201": -1.3163282494184454,
  "Q_POIMV_MV0201": 0.18615246252125536,
  "I_POIMV_MV0201": 1.3386309386283914,
  "P_POI_POIMV": -3.0108674156789337,
  "Q_POI_POIMV": 0.587571935202257,
  "U_POI": 1.0,
  "I_POI_POIMV": 3.067664155971847
}