{
  "P_LV0101": 0.9907944084555063,
  "Q_LV0101": -0.020456870098874872,
  "U_LV0101": 1.0060288207096406,
  "I_LV0101_MV0101": 0.9850667808027556,
  "P_LV0102": 0.6593931128537334,
  "Q_LV0102": -0.10515355935844095,
  "U_LV0102": 1.004239716323997,
  "I_LV0102_MV0102": 0.6567427659163,
  "P_LV0103": 0.9740879645414252,
  "Q_LV0103": -0.020115922263893624,
  "U_LV0103": 1.0058443078582262,
  "I_LV0103_MV0103": 0.966993472806785,
  "P_LV0201": 0.665871121718377,
  "Q_LV0201": -0.013296965564268667,
  "U_LV0201": 1.0044258263838968,
  "I_LV0201_MV0201": 0.4416524410426038,
  "P_LV0202": 0.6689396522332083,
  "Q_LV0202": -0.013296965564268667,
  "U_LV0202": 1.0053208973103236,
  "I_LV0202_MV0202": 0.6655305757166202,
  "P_LV0203": 0.6678105220038479,
  "Q_LV0203": -0.013296965564268667,
  "U_LV0203": 1.0058116916048534,
  "I_LV0203_MV0203": 0.6696116712591516,
  "P_POIMV_MV0101": -2.554506115133014,
  "Q_POIMV_MV0101": 0.3804550578720026,
  "U_POIMV": 0.9902508956000611,
  "I_POIMV_MV0101": 2.6081089647447206,
  "P_POIMV_MV0201": -1.9654814983177749,
  "Q_POIMV_MV0201": 0.22709362195483213,
  "I_POIMV_MV0201": 1.998036376341676,
  "P_POI_POIMV": -4.519987613451001,
  "Q_POI_POIMV": 0.8831692222393974,
  "U_POI": 1.0,
  "I_POI_POIMV": 4.605461529625605
}