{
  "P_LV0101": 0.8970337538356632,
  "Q_LV0101": -0.028298670303443574,
  "U_LV0101": 1.0048160702108795,
  "I_LV0101_MV0101": 0.8931784011742191,
  "P_LV0102": 0.6058643027616775,
  "Q_LV0102": -0.10591604176341107,
  "U_LV0102": 1.003336673894866,
  "I_LV0102_MV0102": 0.6041386187239977,
  "P_LV0103": 0.9144220934197068,
  "Q_LV0103": -0.028298670303443574,
  "U_LV0103": 1.0038913536363276,
  "I_LV0103_MV0103": 0.908957395471359,
  "P_LV0201": 0.6085918854415274,
  "Q_LV0201": -0.018752130923968633,
  "U_LV0201": 1.0034436876829498,
  "I_LV0201_MV0201": 0.3701360574693,
  "P_LV0202": 0.6126832594613024,
  "Q_LV0202": -0.018752130923968633,
  "U_LV0202": 1.004287346891215,
  "I_LV0202_MV0202": 0.6103533648570199,
  "P_LV0203": 0.6133501262161111,
  "Q_LV0203": -0.018752130923968633,
  "U_LV0203": 1.004779956001309,
  "I_LV0203_MV0203": 0.616498335061614,
  "P_POIMV_MV0101": -2.3578830428670927,
  "Q_POIMV_MV0101": 0.35317436249076417,
  "U_POIMV": 0.9910637386549992,
  "I_POIMV_MV0101": 2.4056841772684256,
  "P_POIMV_MV0201": -1.80447377262921,
  "Q_POIMV_MV0201": 0.21365671582661291,
  "I_POIMV_MV0201": 1.833462945250435,
  "P_POI_POIMV": -4.162356815496778,
  "Q_POI_POIMV": 0.8002015010185872,
  "U_POI": 1.0,
  "I_POI_POIMV": 4.238577202522667
}