{
  "P_LV0101": 0.6218888510057962,
  "Q_LV0101": -0.05318786225707467,
  "U_LV0101": 1.0001002255686522,
  "I_LV0101_MV0101": 0.624096635008267,
  "P_LV0102": 0.3972042277531538,
  "Q_LV0102": -0.1003127939739592,
  "U_LV0102": 0.9992119397018292,
  "I_LV0102_MV0102": 0.3990983001146995,
  "P_LV0103": 0.5547221275144902,
  "Q_LV0103": -0.053528810092055915,
  "U_LV0103": 0.9929809921383875,
  "I_LV0103_MV0103": 0.5573574842241187,
  "P_LV0201": 0.4081145584725537,
  "Q_LV0201": -0.035458574838049775,
  "U_LV0201": 0.9995070541270389,
  "I_LV0201_MV0201": 0.169686938460728,
  "P_LV0202": 0.40572792362768495,
  "Q_LV0202": -0.035458574838049775,
  "U_LV0202": 0.9999683852068999,
  "I_LV0202_MV0202": 0.4072873022189532,
  "P_LV0203": 0.4028727339132989,
  "Q_LV0203": -0.035458574838049775,
  "U_LV0203": 1.0002974326028322,
  "I_LV0203_MV0203": 0.41088852909145956,
  "P_POIMV_MV0101": -1.5482179374949923,
  "Q_POIMV_MV0101": 0.26144753773352053,
  "U_POIMV": 0.9936211931116724,
  "I_POIMV_MV0101": 1.5802179875180729,
  "P_POIMV_MV0201": -1.2071964801663668,
  "Q_POIMV_MV0201": 0.17611595272373365,
  "I_POIMV_MV0201": 1.227807425945092,
  "P_POI_POIMV": -2.755414431370939,
  "Q_POI_POIMV": 0.5396550102046689,
  "U_POI": 1.0,
  "I_POI_POIMV": 2.8077635617420205
}