{
  "P_LV0101": 0.02386634844868735,
  "Q_LV0101": -0.007159904534606206,
  "U_LV0101": 0.999284851827713,
  "I_LV0101_MV0101": 0.024935030969556564,
  "P_LV0102": 0.017388339584043642,
  "Q_LV0102": -0.03906768492581403,
  "U_LV0102": 0.9994659864829512,
  "I_LV0102_MV0102": 0.018041230059688048,
  "P_LV0103": 0.028298670303443574,
  "Q_LV0103": -0.007159904534606206,
  "U_LV0103": 0.9861133516007138,
  "I_LV0103_MV0103": 0.029206493232291294,
  "P_LV0201": 0.016706443914081145,
  "Q_LV0201": -0.00477326968973747,
  "U_LV0201": 0.9994440426500845,
  "I_LV0201_MV0201": 0.0002984139600506258,
  "P_LV0202": 0.016365496079099897,
  "Q_LV0202": -0.00477326968973747,
  "U_LV0202": 0.9994538269460688,
  "I_LV0202_MV0202": 0.017056707406786224,
  "P_LV0203": 0.017588470567370562,
  "Q_LV0203": -0.00477326968973747,
  "U_LV0203": 0.999482293424925,
  "I_LV0203_MV0203": 0.017712210705057362,
  "P_POIMV_MV0101": -0.06949941748339923,
  "Q_POIMV_MV0101": 0.01807339283794454,
  "U_POIMV": 0.9996027813171828,
  "I_POIMV_MV0101": 0.07183951398242698,
  "P_POIMV_MV0201": -0.050090291774440784,
  "Q_POIMV_MV0201": 0.012893191763742554,
  "I_POIMV_MV0201": 0.05174358246905216,
  "P_POI_POIMV": -0.11958971062291071,
  "Q_POI_POIMV": 0.030599541915394976,
  "U_POI": 1.0,
  "I_POI_POIMV": 0.12344241917713514
}