{
  "P_LV0101": 0.922945789294238,
  "Q_LV0101": -0.0242072962836686,
  "U_LV0101": 1.0055312185479992,
  "I_LV0101_MV0101": 0.9181845135826098,
  "P_LV0102": 0.6222297988407773,
  "Q_LV0102": -0.10473177108644105,
  "U_LV0102": 1.0038830545575204,
  "I_LV0102_MV0102": 0.6200285036294871,
  "P_LV0103": 0.9365837026934879,
  "Q_LV0103": -0.024548244118649847,
  "U_LV0103": 1.0048333269713852,
  "I_LV0103_MV0103": 0.9302477747177423,
  "P_LV0201": 0.6249573815206273,
  "Q_LV0201": -0.01602454824411865,
  "U_LV0201": 1.0039935611583208,
  "I_LV0201_MV0201": 0.38968164446253706,
  "P_LV0202": 0.6293897033753836,
  "Q_LV0202": -0.01602454824411865,
  "U_LV0202": 1.0048632997862312,
  "I_LV0202_MV0202": 0.6265465826105077,
  "P_LV0203": 0.6297828701599734,
  "Q_LV0203": -0.01602454824411865,
  "U_LV0203": 1.0053596131353701,
  "I_LV0203_MV0203": 0.6323396625680748,
  "P_POIMV_MV0101": -2.4192237428421954,
  "Q_POIMV_MV0101": 0.35718005643397605,
  "U_POIMV": 0.9909272185328402,
  "I_POIMV_MV0101": 2.4678392271470715,
  "P_POIMV_MV0201": -1.852007323894228,
  "Q_POIMV_MV0201": 0.21388919469701587,
  "I_POIMV_MV0201": 1.8813869054251589,
  "P_POI_POIMV": -4.27123106673625,
  "Q_POI_POIMV": 0.8167438456159881,
  "U_POI": 1.0,
  "I_POI_POIMV": 4.348618784718255
}