{
  "P_LV0101": 0.8888510057961132,
  "Q_LV0101": -0.035458574838049775,
  "U_LV0101": 1.0038027994154932,
  "I_LV0101_MV0101": 0.8861879967495527,
  "P_LV0102": 0.5813160586430276,
  "Q_LV0102": -0.10802229897076554,
  "U_LV0102": 1.0023441087082638,
  "I_LV0102_MV0102": 0.5804176421546652,
  "P_LV0103": 0.8438458915785885,
  "Q_LV0103": -0.035458574838049775,
  "U_LV0103": 1.001708346433342,
  "I_LV0103_MV0103": 0.8406178569463653,
  "P_LV0201": 0.5912035458574838,
  "Q_LV0201": -0.023184452778724857,
  "U_LV0201": 1.0025980932632474,
  "I_LV0201_MV0201": 0.3501978140167738,
  "P_LV0202": 0.5925673371974088,
  "Q_LV0202": -0.023184452778724857,
  "U_LV0202": 1.0033704884204548,
  "I_LV0202_MV0202": 0.5910286593636305,
  "P_LV0203": 0.5914203461082308,
  "Q_LV0203": -0.023184452778724857,
  "U_LV0203": 1.003823456482533,
  "I_LV0203_MV0203": 0.5955134444241671,
  "P_POIMV_MV0101": -2.2594572485867213,
  "Q_POIMV_MV0101": 0.34939605961530207,
  "U_POIMV": 0.9911775310564815,
  "I_POIMV_MV0101": 2.3066629219735844,
  "P_POIMV_MV0201": -1.7473550360904775,
  "Q_POIMV_MV0201": 0.21722245178711655,
  "I_POIMV_MV0201": 1.7764781985204208,
  "P_POI_POIMV": -4.006812284677135,
  "Q_POI_POIMV": 0.7830908808114763,
  "U_POI": 1.0,
  "I_POI_POIMV": 4.082618768909203
}