{
  "P_LV0101": 0.9867030344357314,
  "Q_LV0101": -0.017047391749062394,
  "U_LV0101": 1.006690865835377,
  "I_LV0101_MV0101": 0.9802912909005679,
  "P_LV0102": 0.6576883736788272,
  "Q_LV0102": -0.10318813099205038,
  "U_LV0102": 1.0047181637932285,
  "I_LV0102_MV0102": 0.6546956449032963,
  "P_LV0103": 0.9802250255710876,
  "Q_LV0103": -0.017388339584043642,
  "U_LV0103": 1.0064892744880019,
  "I_LV0103_MV0103": 0.9723939155782619,
  "P_LV0201": 0.6628025912035459,
  "Q_LV0201": -0.01125127855438118,
  "U_LV0201": 1.0048777444637333,
  "I_LV0201_MV0201": 0.4371598894500116,
  "P_LV0202": 0.665871121718377,
  "Q_LV0202": -0.01125127855438118,
  "U_LV0202": 1.005773368689006,
  "I_LV0202_MV0202": 0.6621433739961943,
  "P_LV0203": 0.6688091549678713,
  "Q_LV0203": -0.01125127855438118,
  "U_LV0203": 1.0063251333846455,
  "I_LV0203_MV0203": 0.6702492506099342,
  "P_POIMV_MV0101": -2.554879141715035,
  "Q_POIMV_MV0101": 0.37205830826450315,
  "U_POIMV": 0.9904630515835392,
  "I_POIMV_MV0101": 2.6066876504369607,
  "P_POIMV_MV0201": -1.9606230937909435,
  "Q_POIMV_MV0201": 0.21980697922268203,
  "I_POIMV_MV0201": 1.991902657482573,
  "P_POI_POIMV": -4.51550223550578,
  "Q_POI_POIMV": 0.8665799321573264,
  "U_POI": 1.0,
  "I_POI_POIMV": 4.5979040026598526
}