{
  "P_LV0101": 0.2257074667575861,
  "Q_LV0101": -0.031026252983293555,
  "U_LV0101": 0.9993861890834999,
  "I_LV0101_MV0101": 0.2279698865653546,
  "P_LV0102": 0.13160586430276167,
  "Q_LV0102": -0.057697064660719555,
  "U_LV0102": 0.9987622556841356,
  "I_LV0102_MV0102": 0.13335134189631345,
  "P_LV0103": 0.16638254347084896,
  "Q_LV0103": -0.03136720081827481,
  "U_LV0103": 0.9855715941702099,
  "I_LV0103_MV0103": 0.16961865938028184,
  "P_LV0201": 0.14081145584725538,
  "Q_LV0201": -0.02079781793385612,
  "U_LV0201": 0.9989896363175601,
  "I_LV0201_MV0201": 0.020771352702684185,
  "P_LV0202": 0.13637913399249915,
  "Q_LV0202": -0.02079781793385612,
  "U_LV0202": 0.9990472744066826,
  "I_LV0202_MV0202": 0.13808741256555424,
  "P_LV0203": 0.1338023033657516,
  "Q_LV0203": -0.02079781793385612,
  "U_LV0203": 0.9991574712863727,
  "I_LV0203_MV0203": 0.13908427446619878,
  "P_POIMV_MV0101": -0.5207770276877993,
  "Q_POIMV_MV0101": 0.09538897695770568,
  "U_POIMV": 0.9977857387632858,
  "I_POIMV_MV0101": 0.5306159194395655,
  "P_POIMV_MV0201": -0.41271070844817853,
  "Q_POIMV_MV0201": 0.06916716770433495,
  "I_POIMV_MV0201": 0.41939516758902184,
  "P_POI_POIMV": -0.9334877361391749,
  "Q_POI_POIMV": 0.17574123656874935,
  "U_POI": 1.0,
  "I_POI_POIMV": 0.9498864857197175
}