{
  "P_LV0101": 0.01943402659393113,
  "Q_LV0101": -0.006137061029662462,
  "U_LV0101": 0.9993615934257333,
  "I_LV0101_MV0101": 0.020393031223878765,
  "P_LV0102": 0.013978861234231163,
  "Q_LV0102": -0.038406352917136566,
  "U_LV0102": 0.9995170922444222,
  "I_LV0102_MV0102": 0.014572334857282071,
  "P_LV0103": 0.02250255710876236,
  "Q_LV0103": -0.0064780088646437094,
  "U_LV0103": 0.9860960579142752,
  "I_LV0103_MV0103": 0.023429755555100372,
  "P_LV0201": 0.013296965564268667,
  "Q_LV0201": -0.004091374019774974,
  "U_LV0201": 0.9994968664086005,
  "I_LV0201_MV0201": 0.00018885656384679938,
  "P_LV0202": 0.013978861234231163,
  "Q_LV0202": -0.004091374019774974,
  "U_LV0202": 0.9995313937709353,
  "I_LV0202_MV0202": 0.014572126357616724,
  "P_LV0203": 0.014197121101532595,
  "Q_LV0203": -0.004091374019774974,
  "U_LV0203": 0.9995297095241079,
  "I_LV0203_MV0203": 0.014245098814716597,
  "P_POIMV_MV0101": -0.05588019633873446,
  "Q_POIMV_MV0101": 0.015599154378517076,
  "U_POIMV": 0.9996626498962733,
  "I_POIMV_MV0101": 0.058036213724878355,
  "P_POIMV_MV0201": -0.04089424127102157,
  "Q_POIMV_MV0201": 0.010805123840402005,
  "I_POIMV_MV0201": 0.04231190589666327,
  "P_POI_POIMV": -0.09677443821502954,
  "Q_POI_POIMV": 0.025969480518695246,
  "U_POI": 1.0,
  "I_POI_POIMV": 0.10019833237257723
}