{
  "P_LV0101": 0.9495397204227753,
  "Q_LV0101": -0.026252983293556086,
  "U_LV0101": 1.0052809618078014,
  "I_LV0101_MV0101": 0.9449125268762264,
  "P_LV0102": 0.6273440163654961,
  "Q_LV0102": -0.10630908006777773,
  "U_LV0102": 1.003553995358363,
  "I_LV0102_MV0102": 0.6253624146869724,
  "P_LV0103": 0.916126832594613,
  "Q_LV0103": -0.026252983293556086,
  "U_LV0103": 1.0042306195231685,
  "I_LV0103_MV0103": 0.9105922800758041,
  "P_LV0201": 0.634162973065121,
  "Q_LV0201": -0.017388339584043642,
  "U_LV0201": 1.0037449256440294,
  "I_LV0201_MV0201": 0.40145972333757907,
  "P_LV0202": 0.6324582338902148,
  "Q_LV0202": -0.017047391749062394,
  "U_LV0202": 1.0045708660316168,
  "I_LV0202_MV0202": 0.629809168057844,
  "P_LV0203": 0.6325374313592319,
  "Q_LV0203": -0.017388339584043642,
  "U_LV0203": 1.0050151093545885,
  "I_LV0203_MV0203": 0.6353050393003337,
  "P_POIMV_MV0101": -2.4299468502614077,
  "Q_POIMV_MV0101": 0.36508493051390334,
  "U_POIMV": 0.9907167076965234,
  "I_POIMV_MV0101": 2.480244544761693,
  "P_POIMV_MV0201": -1.8663894421793077,
  "Q_POIMV_MV0201": 0.22041332414523337,
  "I_POIMV_MV0201": 1.8969694766404261,
  "P_POI_POIMV": -4.296336292440188,
  "Q_POI_POIMV": 0.8343523035671749,
  "U_POI": 1.0,
  "I_POI_POIMV": 4.376602484142985
}