{
  "P_LV0101": 0.7132628707807706,
  "Q_LV0101": -0.04943743607228094,
  "U_LV0101": 1.0012305396193266,
  "I_LV0101_MV0101": 0.7140953848106529,
  "P_LV0102": 0.4592567337197409,
  "Q_LV0102": -0.10473474542863137,
  "U_LV0102": 1.000165560040888,
  "I_LV0102_MV0102": 0.4603454000172819,
  "P_LV0103": 0.6501875213092397,
  "Q_LV0103": -0.04943743607228094,
  "U_LV0103": 0.9959104066560438,
  "I_LV0103_MV0103": 0.6511432387613117,
  "P_LV0201": 0.47050801227412203,
  "Q_LV0201": -0.032730992158199794,
  "U_LV0201": 1.0004571576278292,
  "I_LV0201_MV0201": 0.22408407977907752,
  "P_LV0202": 0.46743948175929084,
  "Q_LV0202": -0.032730992158199794,
  "U_LV0202": 1.000988819624942,
  "I_LV0202_MV0202": 0.4681211343256114,
  "P_LV0203": 0.46509036886334887,
  "Q_LV0203": -0.032730992158199794,
  "U_LV0203": 1.0013596427529297,
  "I_LV0203_MV0203": 0.4720237052785834,
  "P_POIMV_MV0101": -1.7885606763729747,
  "Q_POIMV_MV0101": 0.29106109660813095,
  "U_POIMV": 0.9928189686687732,
  "I_POIMV_MV0101": 1.8251955966824132,
  "P_POIMV_MV0201": -1.3881742436678373,
  "Q_POIMV_MV0201": 0.1908347332779267,
  "I_POIMV_MV0201": 1.4113650974159748,
  "P_POI_POIMV": -3.1767349622259897,
  "Q_POI_POIMV": 0.6177079743063192,
  "U_POI": 1.0,
  "I_POI_POIMV": 3.2362336383133057
}