{
  "P_LV0101": 0.8336174565291511,
  "Q_LV0101": -0.04330037504261848,
  "U_LV0101": 1.002421690373727,
  "I_LV0101_MV0101": 0.8327246677702953,
  "P_LV0102": 0.5404023184452779,
  "Q_LV0102": -0.1096836118377249,
  "U_LV0102": 1.0011012981310188,
  "I_LV0102_MV0102": 0.5405834983635959,
  "P_LV0103": 0.7790658029321513,
  "Q_LV0103": -0.04330037504261848,
  "U_LV0103": 0.9992889603298113,
  "I_LV0103_MV0103": 0.7778794969255772,
  "P_LV0201": 0.5506307534947154,
  "Q_LV0201": -0.028980565973406067,
  "U_LV0201": 1.001364017077041,
  "I_LV0201_MV0201": 0.3051165164210876,
  "P_LV0202": 0.5513126491646778,
  "Q_LV0202": -0.028980565973406067,
  "U_LV0202": 1.0020707571953087,
  "I_LV0202_MV0202": 0.5509329784572345,
  "P_LV0203": 0.5496594479923353,
  "Q_LV0203": -0.028980565973406067,
  "U_LV0203": 1.0024941211229101,
  "I_LV0203_MV0203": 0.5551155608232079,
  "P_POIMV_MV0101": -2.1056524647907118,
  "Q_POIMV_MV0101": 0.33746188437591557,
  "U_POIMV": 0.9915477590754517,
  "I_POIMV_MV0101": 2.1507008857411667,
  "P_POIMV_MV0201": -1.6283379371060795,
  "Q_POIMV_MV0201": 0.21513842654453721,
  "I_POIMV_MV0201": 1.6564897045210276,
  "P_POI_POIMV": -3.733990401896634,
  "Q_POI_POIMV": 0.7407336536561105,
  "U_POI": 1.0,
  "I_POI_POIMV": 3.8067532973801863
}