{
  "P_LV0101": 0.9713603818615751,
  "Q_LV0101": -0.021820661438799863,
  "U_LV0101": 1.0057578230875621,
  "I_LV0101_MV0101": 0.9660431353951053,
  "P_LV0102": 0.6508694169792022,
  "Q_LV0102": -0.10553151122720195,
  "U_LV0102": 1.004049433399491,
  "I_LV0102_MV0102": 0.6484012655812778,
  "P_LV0103": 0.975110808046369,
  "Q_LV0103": -0.021820661438799863,
  "U_LV0103": 1.0055745391810926,
  "I_LV0103_MV0103": 0.9681910637816814,
  "P_LV0201": 0.6559836345039209,
  "Q_LV0201": -0.014319809069212411,
  "U_LV0201": 1.0042054137882312,
  "I_LV0201_MV0201": 0.42889444740304494,
  "P_LV0202": 0.6597340606887147,
  "Q_LV0202": -0.014319809069212411,
  "U_LV0202": 1.0051004977861564,
  "I_LV0202_MV0202": 0.6565407664435919,
  "P_LV0203": 0.6606198896713131,
  "Q_LV0203": -0.014319809069212411,
  "U_LV0203": 1.0056172958608878,
  "I_LV0203_MV0203": 0.6626436838006899,
  "P_POIMV_MV0101": -2.5289021959860034,
  "Q_POIMV_MV0101": 0.3781589761775103,
  "U_POIMV": 0.9903445362041123,
  "I_POIMV_MV0101": 2.581949775480286,
  "P_POIMV_MV0201": -1.9403128404427867,
  "Q_POIMV_MV0201": 0.2253561033303146,
  "I_POIMV_MV0201": 1.9724003452517944,
  "P_POI_POIMV": -4.469215036429262,
  "Q_POI_POIMV": 0.8729592805924917,
  "U_POI": 1.0,
  "I_POI_POIMV": 4.553673346587124
}