{
  "P_LV0101": 0.7896351858165701,
  "Q_LV0101": -0.0405727923627685,
  "U_LV0101": 1.0025979505376146,
  "I_LV0101_MV0101": 0.7886280315058103,
  "P_LV0102": 0.5373337879304466,
  "Q_LV0102": -0.1072015299182274,
  "U_LV0102": 1.001661910610907,
  "I_LV0102_MV0102": 0.537115806973388,
  "P_LV0103": 0.8186157517899761,
  "Q_LV0103": -0.040913740197749744,
  "U_LV0103": 1.0003324425735767,
  "I_LV0103_MV0103": 0.8161829066677692,
  "P_LV0201": 0.5356290487555404,
  "Q_LV0201": -0.026934878963518583,
  "U_LV0201": 1.0016712258478506,
  "I_LV0201_MV0201": 0.28852829697097304,
  "P_LV0202": 0.5410842141152403,
  "Q_LV0202": -0.026934878963518583,
  "U_LV0202": 1.0024482427424284,
  "I_LV0202_MV0202": 0.540431094650104,
  "P_LV0203": 0.5384063970509042,
  "Q_LV0203": -0.026934878963518583,
  "U_LV0203": 1.0028491283462315,
  "I_LV0203_MV0203": 0.5436106727826324,
  "P_POIMV_MV0101": -2.0984518867511057,
  "Q_POIMV_MV0101": 0.32839565637563173,
  "U_POIMV": 0.9918530998659612,
  "I_POIMV_MV0101": 2.1414385597426544,
  "P_POIMV_MV0201": -1.5931554423769343,
  "Q_POIMV_MV0201": 0.2032405547221738,
  "I_POIMV_MV0201": 1.6192588712552705,
  "P_POI_POIMV": -3.6916073291286717,
  "Q_POI_POIMV": 0.7151870035009277,
  "U_POI": 1.0,
  "I_POI_POIMV": 3.7602469496634336
}