{
  "P_LV0101": 0.9679509035117627,
  "Q_LV0101": -0.022843504943743608,
  "U_LV0101": 1.0058342713671067,
  "I_LV0101_MV0101": 0.9626043229003879,
  "P_LV0102": 0.6403000340947835,
  "Q_LV0102": -0.10487567301965672,
  "U_LV0102": 1.0040657000562379,
  "I_LV0102_MV0102": 0.6378744473919763,
  "P_LV0103": 0.9396522332083191,
  "Q_LV0103": -0.02250255710876236,
  "U_LV0103": 1.0051589819691746,
  "I_LV0103_MV0103": 0.9332115470242824,
  "P_LV0201": 0.6460961472894647,
  "Q_LV0201": -0.015001704739174906,
  "U_LV0201": 1.0041920827015383,
  "I_LV0201_MV0201": 0.4161706116854666,
  "P_LV0202": 0.6457551994544835,
  "Q_LV0202": -0.015001704739174906,
  "U_LV0202": 1.005010561758608,
  "I_LV0202_MV0202": 0.6427090965549597,
  "P_LV0203": 0.6482737820398614,
  "Q_LV0203": -0.014660756904193658,
  "U_LV0203": 1.0055945601006424,
  "I_LV0203_MV0203": 0.6504632124364597,
  "P_POIMV_MV0101": -2.482107165798946,
  "Q_POIMV_MV0101": 0.3680060166282448,
  "U_POIMV": 0.9906081176470539,
  "I_POIMV_MV0101": 2.5330297245182343,
  "P_POIMV_MV0201": -1.9056746026463698,
  "Q_POIMV_MV0201": 0.22043514512834766,
  "I_POIMV_MV0201": 1.9365694713511796,
  "P_POI_POIMV": -4.387781768445472,
  "Q_POI_POIMV": 0.847932960663452,
  "U_POI": 1.0,
  "I_POI_POIMV": 4.468961753392164
}