{
  "P_LV0101": 0.484145925673372,
  "Q_LV0101": -0.05114217524718718,
  "U_LV0101": 0.9994129884916337,
  "I_LV0101_MV0101": 0.4871255513740088,
  "P_LV0102": 0.3027616774633481,
  "Q_LV0102": -0.087601078065358,
  "U_LV0102": 0.9986720291329684,
  "I_LV0102_MV0102": 0.3050425026885491,
  "P_LV0103": 0.4128878281622912,
  "Q_LV0103": -0.05114217524718718,
  "U_LV0103": 0.989604289490508,
  "I_LV0103_MV0103": 0.4165604941685183,
  "P_LV0201": 0.315035799522673,
  "Q_LV0201": -0.03409478349812479,
  "U_LV0201": 0.9989601032085605,
  "I_LV0201_MV0201": 0.10204305261295882,
  "P_LV0202": 0.3106034776679168,
  "Q_LV0202": -0.033753835663143536,
  "U_LV0202": 0.9992993614859363,
  "I_LV0202_MV0202": 0.31265119482854103,
  "P_LV0203": 0.30610159600950926,
  "Q_LV0203": -0.03409478349812479,
  "U_LV0203": 0.9994898476199789,
  "I_LV0203_MV0203": 0.3146632358568665,
  "P_POIMV_MV0101": -1.1848064095129553,
  "Q_POIMV_MV0101": 0.20542896556120732,
  "U_POIMV": 0.9950711888686483,
  "I_POIMV_MV0101": 1.2084399718242278,
  "P_POIMV_MV0201": -0.9287521186624047,
  "Q_POIMV_MV0201": 0.1425658313592105,
  "I_POIMV_MV0201": 0.9442847210846641,
  "P_POI_POIMV": -2.1135585298353816,
  "Q_POI_POIMV": 0.4077652152570439,
  "U_POI": 1.0,
  "I_POI_POIMV": 2.15253388586882
}