{
  "P_LV0101": 0.03409478349812479,
  "Q_LV0101": -0.02386634844868735,
  "U_LV0101": 0.9967362124908468,
  "I_LV0101_MV0101": 0.04175425576540699,
  "P_LV0102": 0.01909307875894988,
  "Q_LV0102": NaN,
  "U_LV0102": 0.9975234618593953,
  "I_LV0102_MV0102": 0.024554534560362586,
  "P_LV0103": 0.0,
  "Q_LV0103": 0.0,
  "U_LV0103": NaN,
  "I_LV0103_MV0103": 7.176246967449447e-19,
  "P_LV0201": 0.021479713603818614,
  "Q_LV0201": -0.01602454824411865,
  "U_LV0201": 0.9975004634689306,
  "I_LV0201_MV0201": NaN,
  "P_LV0202": 0.0,
  "Q_LV0202": 0.0,
  "U_LV0202": 0.9991467995479751,
  "I_LV0202_MV0202": 2.6791322011811267e-18,
  "P_LV0203": NaN,
  "Q_LV0203": -0.015342652574156155,
  "U_LV0203": 0.9975820694825167,
  "I_LV0203_MV0203": 0.02563306413522871,
  "P_POIMV_MV0101": -0.053120786761905334,
  "Q_POIMV_MV0101": 0.03826507967426391,
  "U_POIMV": 0.9991168422889691,
  "I_POIMV_MV0101": 0.065525680751183,
  "P_POIMV_MV0201": -0.04189460825018578,
  "Q_POIMV_MV0201": 0.030007605712825184,
  "I_POIMV_MV0201": 0.05157820736786602,
  "P_POI_POIMV": -0.09501539817759594,
  "Q_POI_POIMV": 0.06788533974287786,
  "U_POI": 1.0,
  "I_POI_POIMV": 0.11677476286789477
}