{
  "P_LV0101": 0.09989771564950563,
  "Q_LV0101": -0.016706443914081145,
  "U_LV0101": 0.9993741630319126,
  "I_LV0101_MV0101": 0.1013484653081192,
  "P_LV0102": 0.055233549266962154,
  "Q_LV0102": -0.04557156500073134,
  "U_LV0102": 0.9990335059668773,
  "I_LV0102_MV0102": 0.05642239716811,
  "P_LV0103": 0.06716672349130583,
  "Q_LV0103": -0.017388339584043642,
  "U_LV0103": 0.9852394192281272,
  "I_LV0103_MV0103": 0.06948287178568388,
  "P_LV0201": 0.060006818956699626,
  "Q_LV0201": -0.010910330719399931,
  "U_LV0201": 0.9992288554738603,
  "I_LV0201_MV0201": 0.003803671316634977,
  "P_LV0202": 0.05693828844186839,
  "Q_LV0202": -0.010910330719399931,
  "U_LV0202": 0.9992161969456524,
  "I_LV0202_MV0202": 0.058019642695033936,
  "P_LV0203": 0.056900822205763424,
  "Q_LV0203": -0.01125127855438118,
  "U_LV0203": 0.9992123075214996,
  "I_LV0203_MV0203": 0.058419831004185324,
  "P_POIMV_MV0101": -0.22175782642835024,
  "Q_POIMV_MV0101": 0.04663627827072077,
  "U_POIMV": 0.9989559508129123,
  "I_POIMV_MV0101": 0.22684547852259382,
  "P_POIMV_MV0201": -0.1738879176475948,
  "Q_POIMV_MV0201": 0.03300752509472666,
  "I_POIMV_MV0201": 0.1771779332314083,
  "P_POI_POIMV": -0.3956457440754206,
  "Q_POI_POIMV": 0.08120316115098114,
  "U_POI": 1.0,
  "I_POI_POIMV": 0.4038929414905704
}