{
  "P_LV0101": 0.33310603477667916,
  "Q_LV0101": -0.04125468803273099,
  "U_LV0101": 0.9993421232229747,
  "I_LV0101_MV0101": 0.3358719413141203,
  "P_LV0102": 0.20047732696897375,
  "Q_LV0102": -0.07041832969019879,
  "U_LV0102": 0.9985526719573472,
  "I_LV0102_MV0102": 0.20266388436754318,
  "P_LV0103": 0.26389362427548585,
  "Q_LV0103": -0.04159563586771224,
  "U_LV0103": 0.9867810404761513,
  "I_LV0103_MV0103": 0.26762699796261724,
  "P_LV0201": 0.21070576201841118,
  "Q_LV0201": -0.02727582679849983,
  "U_LV0201": 0.998898124765348,
  "I_LV0201_MV0201": 0.04613464672162712,
  "P_LV0202": 0.2066143879986362,
  "Q_LV0202": -0.02727582679849983,
  "U_LV0202": 0.9990580973292505,
  "I_LV0202_MV0202": 0.20860348034841603,
  "P_LV0203": 0.20251237766403984,
  "Q_LV0203": -0.02727582679849983,
  "U_LV0203": 0.9992190727019274,
  "I_LV0203_MV0203": 0.20992306748712009,
  "P_POIMV_MV0101": -0.7907825563086917,
  "Q_POIMV_MV0101": 0.14081275595314025,
  "U_POIMV": 0.9967028838255779,
  "I_POIMV_MV0101": 0.8058788910207735,
  "P_POIMV_MV0201": -0.6210396980351266,
  "Q_POIMV_MV0201": 0.09911218354591521,
  "I_POIMV_MV0201": 0.6309790768160118,
  "P_POI_POIMV": -1.4118222544111088,
  "Q_POI_POIMV": 0.2662393937637073,
  "U_POI": 1.0,
  "I_POI_POIMV": 1.4367064741422069
}