{
  "P_LV0101": 0.7013296965564269,
  "Q_LV0101": -0.045346062052505964,
  "U_LV0101": 1.0015819781557613,
  "I_LV0101_MV0101": 0.7016840887145426,
  "P_LV0102": 0.47903170814865326,
  "Q_LV0102": -0.10438567423791856,
  "U_LV0102": 1.000866775475331,
  "I_LV0102_MV0102": 0.4795761432861744,
  "P_LV0103": 0.7326968973747017,
  "Q_LV0103": -0.045346062052505964,
  "U_LV0103": 0.9980803671206585,
  "I_LV0103_MV0103": 0.7317539066737528,
  "P_LV0201": 0.4780088646437095,
  "Q_LV0201": -0.03034435731333106,
  "U_LV0201": 1.0008714891666575,
  "I_LV0201_MV0201": 0.2308195358130071,
  "P_LV0202": 0.4780088646437095,
  "Q_LV0202": -0.03034435731333106,
  "U_LV0202": 1.0014758255232152,
  "I_LV0202_MV0202": 0.4782651994923674,
  "P_LV0203": 0.4771334749134656,
  "Q_LV0203": -0.03034435731333106,
  "U_LV0203": 1.001879035676334,
  "I_LV0203_MV0203": 0.4835068392495305,
  "P_POIMV_MV0101": -1.8754480922330634,
  "Q_POIMV_MV0101": 0.2962835996270561,
  "U_POIMV": 0.9927281334185816,
  "I_POIMV_MV0101": 1.9126156137404895,
  "P_POIMV_MV0201": -1.4172960991650925,
  "Q_POIMV_MV0201": 0.18755494359138591,
  "I_POIMV_MV0201": 1.4401244799778552,
  "P_POI_POIMV": -3.2927442478048015,
  "Q_POI_POIMV": 0.629616609758286,
  "U_POI": 1.0,
  "I_POI_POIMV": 3.3523994029254816
}