{
  "P_LV0101": 0.4439140811455847,
  "Q_LV0101": -0.0477326968973747,
  "U_LV0101": 0.9996473778318721,
  "I_LV0101_MV0101": 0.44663047157449753,
  "P_LV0102": 0.2744630071599045,
  "Q_LV0102": -0.08235037601792783,
  "U_LV0102": 0.9987925187035418,
  "I_LV0102_MV0102": 0.27662254139556286,
  "P_LV0103": 0.3702693487896352,
  "Q_LV0103": -0.0477326968973747,
  "U_LV0103": 0.9889936723881472,
  "I_LV0103_MV0103": 0.3737750915395161,
  "P_LV0201": 0.28537333787930447,
  "Q_LV0201": -0.03170814865325605,
  "U_LV0201": 0.999100905708669,
  "I_LV0201_MV0201": 0.08388272060094609,
  "P_LV0202": 0.28128196385952947,
  "Q_LV0202": -0.03170814865325605,
  "U_LV0202": 0.9993620301191009,
  "I_LV0202_MV0202": 0.28324420980422965,
  "P_LV0203": 0.27795319293361476,
  "Q_LV0203": -0.03170814865325605,
  "U_LV0203": 0.9996067795132662,
  "I_LV0203_MV0203": 0.28622548253299995,
  "P_POIMV_MV0101": -1.076287644129533,
  "Q_POIMV_MV0101": 0.18419613506350513,
  "U_POIMV": 0.9956055182854981,
  "I_POIMV_MV0101": 1.096755250071297,
  "P_POIMV_MV0201": -0.8431569108713789,
  "Q_POIMV_MV0201": 0.12828209701025137,
  "I_POIMV_MV0201": 0.8566242396706282,
  "P_POI_POIMV": -1.91944455576483,
  "Q_POI_POIMV": 0.36159198005264076,
  "U_POI": 1.0,
  "I_POI_POIMV": 1.9532066359434772
}