{
  "P_LV0101": 0.6430276167746335,
  "Q_LV0101": -0.053528810092055915,
  "U_LV0101": 1.0001859601023564,
  "I_LV0101_MV0101": 0.6451318003719577,
  "P_LV0102": 0.4081145584725537,
  "Q_LV0102": -0.10169302154492943,
  "U_LV0102": 0.9992587554020217,
  "I_LV0102_MV0102": 0.40995592821195276,
  "P_LV0103": 0.5734742584384589,
  "Q_LV0103": -0.053528810092055915,
  "U_LV0103": 0.9934142441615649,
  "I_LV0103_MV0103": 0.575939703631672,
  "P_LV0201": 0.41970678486191615,
  "Q_LV0201": -0.035458574838049775,
  "U_LV0201": 0.9995615748592099,
  "I_LV0201_MV0201": 0.17930528856666123,
  "P_LV0202": 0.41732015001704736,
  "Q_LV0202": -0.035458574838049775,
  "U_LV0202": 1.0000364321107806,
  "I_LV0202_MV0202": 0.4188085920585683,
  "P_LV0203": 0.4121206347869105,
  "Q_LV0203": -0.03579952267303103,
  "U_LV0203": 1.0002761655487384,
  "I_LV0203_MV0203": 0.4200956544414707,
  "P_POIMV_MV0101": -1.597337542951971,
  "Q_POIMV_MV0101": 0.26971712769113015,
  "U_POIMV": 0.9934184151249149,
  "I_POIMV_MV0101": 1.630681404017311,
  "P_POIMV_MV0201": -1.2387301185844484,
  "Q_POIMV_MV0201": 0.1802500298190846,
  "I_POIMV_MV0201": 1.2600689414306459,
  "P_POI_POIMV": -2.8360676789233406,
  "Q_POI_POIMV": 0.558195972512511,
  "U_POI": 1.0,
  "I_POI_POIMV": 2.8904779229675515
}