{
  "P_LV0101": 0.9676099556767814,
  "Q_LV0101": -0.020115922263893624,
  "U_LV0101": 1.0061360671334076,
  "I_LV0101_MV0101": 0.9619166458263763,
  "P_LV0102": 0.6488237299693147,
  "Q_LV0102": -0.10436373844303226,
  "U_LV0102": 1.0043295915059074,
  "I_LV0102_MV0102": 0.6461623503616915,
  "P_LV0103": 0.9730651210364815,
  "Q_LV0103": -0.020456870098874872,
  "U_LV0103": 1.0058700666260103,
  "I_LV0103_MV0103": 0.965802710011141,
  "P_LV0201": 0.6525741561541084,
  "Q_LV0201": -0.012956017729287419,
  "U_LV0201": 1.0045082868294868,
  "I_LV0201_MV0201": 0.424185111750905,
  "P_LV0202": 0.6566655301738834,
  "Q_LV0202": -0.013296965564268667,
  "U_LV0202": 1.0053573603487278,
  "I_LV0202_MV0202": 0.6533001785027074,
  "P_LV0203": 0.656170010804249,
  "Q_LV0203": -0.013296965564268667,
  "U_LV0203": 1.005852297396972,
  "I_LV0203_MV0203": 0.6580621450473945,
  "P_POIMV_MV0101": -2.521519552538975,
  "Q_POIMV_MV0101": 0.3718982547740033,
  "U_POIMV": 0.9905153710350306,
  "I_POIMV_MV0101": 2.5732034723346335,
  "P_POIMV_MV0201": -1.9298850959618679,
  "Q_POIMV_MV0201": 0.2198168039867978,
  "I_POIMV_MV0201": 1.9609624873972997,
  "P_POI_POIMV": -4.451404648500712,
  "Q_POI_POIMV": 0.8587703830312285,
  "U_POI": 1.0,
  "I_POI_POIMV": 4.53348540479236
}