{
  "P_LV0101": 0.665871121718377,
  "Q_LV0101": -0.0477326968973747,
  "U_LV0101": 1.000959593524605,
  "I_LV0101_MV0101": 0.6669397829722366,
  "P_LV0102": 0.45755199454483464,
  "Q_LV0102": -0.10344148727326008,
  "U_LV0102": 1.0004644027977219,
  "I_LV0102_MV0102": 0.45843645785151343,
  "P_LV0103": 0.7037163314012956,
  "Q_LV0103": -0.0477326968973747,
  "U_LV0103": 0.9970708433039259,
  "I_LV0103_MV0103": 0.7034737599021069,
  "P_LV0201": 0.4568700988748721,
  "Q_LV0201": -0.03170814865325605,
  "U_LV0201": 1.0004764475608743,
  "I_LV0201_MV0201": 0.21129514207751698,
  "P_LV0202": 0.45993862938970337,
  "Q_LV0202": -0.03170814865325605,
  "U_LV0202": 1.001113524646463,
  "I_LV0202_MV0202": 0.4605175138961839,
  "P_LV0203": 0.4576253624396822,
  "Q_LV0203": -0.03170814865325605,
  "U_LV0203": 1.001480722419008,
  "I_LV0203_MV0203": 0.46442439913628175,
  "P_POIMV_MV0101": -1.7927481487684067,
  "Q_POIMV_MV0101": 0.28727565492408397,
  "U_POIMV": 0.9929728890010026,
  "I_POIMV_MV0101": 1.8284680888148366,
  "P_POIMV_MV0201": -1.3603905882998746,
  "Q_POIMV_MV0201": 0.1839576235452288,
  "I_POIMV_MV0201": 1.3824868873593372,
  "P_POI_POIMV": -3.1531387771011263,
  "Q_POI_POIMV": 0.6048964939961988,
  "U_POI": 1.0,
  "I_POI_POIMV": 3.21063606098662
}