{
  "P_LV0101": 0.7429253324241392,
  "Q_LV0101": -0.045346062052505964,
  "U_LV0101": 1.001557099140198,
  "I_LV0101_MV0101": 0.7431507841496893,
  "P_LV0102": 0.5086941697920219,
  "Q_LV0102": -0.10767591519918263,
  "U_LV0102": 1.000860715420473,
  "I_LV0102_MV0102": 0.509160166939667,
  "P_LV0103": 0.7759972724173202,
  "Q_LV0103": -0.045346062052505964,
  "U_LV0103": 0.9987937407259684,
  "I_LV0103_MV0103": 0.7748071877609259,
  "P_LV0201": 0.511762700306853,
  "Q_LV0201": -0.03034435731333106,
  "U_LV0201": 1.0009624897647833,
  "I_LV0201_MV0201": 0.2641533126718541,
  "P_LV0202": 0.5155131264916468,
  "Q_LV0202": -0.03034435731333106,
  "U_LV0202": 1.0016795492884634,
  "I_LV0202_MV0202": 0.5155395515293537,
  "P_LV0203": 0.5154275408448926,
  "Q_LV0203": -0.03034435731333106,
  "U_LV0203": 1.002114226268377,
  "I_LV0203_MV0203": 0.5214295867006777,
  "P_POIMV_MV0101": -1.9853999910256162,
  "Q_POIMV_MV0101": 0.3178997061186898,
  "U_POIMV": 0.9921108141247206,
  "I_POIMV_MV0101": 2.0266786133783232,
  "P_POIMV_MV0201": -1.5232562522498045,
  "Q_POIMV_MV0201": 0.2029390249325114,
  "I_POIMV_MV0201": 1.5489351190388787,
  "P_POI_POIMV": -3.508656243274656,
  "Q_POI_POIMV": 0.6867172562587627,
  "U_POI": 1.0,
  "I_POI_POIMV": 3.5752271569109824
}