{
  "P_LV0101": 0.8070235254006137,
  "Q_LV0101": -0.04398227071258098,
  "U_LV0101": 1.002364791647567,
  "I_LV0101_MV0101": 0.806314374220534,
  "P_LV0102": 0.524036822366178,
  "Q_LV0102": -0.1079420616504132,
  "U_LV0102": 1.0011370921419975,
  "I_LV0102_MV0102": 0.5242414491800381,
  "P_LV0103": 0.7504261847937266,
  "Q_LV0103": -0.043641322877599725,
  "U_LV0103": 0.9988227729564552,
  "I_LV0103_MV0103": 0.749473522974767,
  "P_LV0201": 0.5342652574156154,
  "Q_LV0201": -0.028980565973406067,
  "U_LV0201": 1.001401726862756,
  "I_LV0201_MV0201": 0.28739076147738174,
  "P_LV0202": 0.5325605182407092,
  "Q_LV0202": -0.028980565973406067,
  "U_LV0202": 1.0020448888294733,
  "I_LV0202_MV0202": 0.5322600464472153,
  "P_LV0203": 0.5311545588016864,
  "Q_LV0203": -0.028980565973406067,
  "U_LV0203": 1.0024644219921155,
  "I_LV0203_MV0203": 0.5367918578298463,
  "P_POIMV_MV0101": -2.03716034599272,
  "Q_POIMV_MV0101": 0.3238828593552184,
  "U_POIMV": 0.9919136637104615,
  "I_POIMV_MV0101": 2.0795623608749447,
  "P_POIMV_MV0201": -1.5766710339166334,
  "Q_POIMV_MV0201": 0.2069166817550662,
  "I_POIMV_MV0201": 1.6031542183669574,
  "P_POI_POIMV": -3.6138313799091613,
  "Q_POI_POIMV": 0.706796640669108,
  "U_POI": 1.0,
  "I_POI_POIMV": 3.682300739168012
}