{
  "P_LV0101": 0.05148312308216843,
  "Q_LV0101": -0.011592226389362428,
  "U_LV0101": 0.9991538213485149,
  "I_LV0101_MV0101": 0.052816759848054694,
  "P_LV0102": 0.028980565973406067,
  "Q_LV0102": -0.04173161698384398,
  "U_LV0102": 0.9991530301745847,
  "I_LV0102_MV0102": 0.029960904378084133,
  "P_LV0103": 0.03682236617797477,
  "Q_LV0103": -0.011592226389362428,
  "U_LV0103": 0.9854826773801227,
  "I_LV0103_MV0103": 0.03864970622288297,
  "P_LV0201": 0.03136720081827481,
  "Q_LV0201": -0.007841800204568702,
  "U_LV0201": 0.9991794558147981,
  "I_LV0201_MV0201": 0.0010558952693419412,
  "P_LV0202": 0.030003409478349813,
  "Q_LV0202": -0.007841800204568702,
  "U_LV0202": 0.9991771644497983,
  "I_LV0202_MV0202": 0.031036798628569586,
  "P_LV0203": 0.03004892674298687,
  "Q_LV0203": -0.007159904534606206,
  "U_LV0203": 0.9992801436591452,
  "I_LV0203_MV0203": 0.030536334883900357,
  "P_POIMV_MV0101": -0.11713273306027555,
  "Q_POIMV_MV0101": 0.030139489721521365,
  "U_POIMV": 0.9993281609854691,
  "I_POIMV_MV0101": 0.12102950784584766,
  "P_POIMV_MV0201": -0.09093889701198304,
  "Q_POIMV_MV0201": 0.02170616400730597,
  "I_POIMV_MV0201": 0.09355638693686943,
  "P_POI_POIMV": -0.20807164224034339,
  "Q_POI_POIMV": 0.05187928705774164,
  "U_POI": 1.0,
  "I_POI_POIMV": 0.21444176069556278
}