{
  "P_LV0101": 0.6464370951244459,
  "Q_LV0101": -0.04875554040231844,
  "U_LV0101": 1.0006366586866577,
  "I_LV0101_MV0101": 0.6478606363904045,
  "P_LV0102": 0.4452778724855097,
  "Q_LV0102": -0.10313155711518274,
  "U_LV0102": 1.0001795717611814,
  "I_LV0102_MV0102": 0.44639906633807225,
  "P_LV0103": 0.6873508353221957,
  "Q_LV0103": -0.049096488237299694,
  "U_LV0103": 0.996473055847386,
  "I_LV0103_MV0103": 0.6875197255761192,
  "P_LV0201": 0.4459597681554722,
  "Q_LV0201": -0.032730992158199794,
  "U_LV0201": 1.000218555277018,
  "I_LV0201_MV0201": 0.20160359605735853,
  "P_LV0202": 0.44971019434026593,
  "Q_LV0202": -0.032730992158199794,
  "U_LV0202": 1.0008550095218534,
  "I_LV0202_MV0202": 0.4505145458158008,
  "P_LV0203": 0.446335213446317,
  "Q_LV0203": -0.03239004432321855,
  "U_LV0203": 1.0012442590846715,
  "I_LV0203_MV0203": 0.4533716629564124,
  "P_POIMV_MV0101": -1.7464097643238943,
  "Q_POIMV_MV0101": 0.2825250036634836,
  "U_POIMV": 0.9930958685773471,
  "I_POIMV_MV0101": 1.781413991790771,
  "P_POIMV_MV0201": -1.3289287917891168,
  "Q_POIMV_MV0201": 0.1825826323297421,
  "I_POIMV_MV0201": 1.350738420132663,
  "P_POI_POIMV": -3.0753385889981124,
  "Q_POI_POIMV": 0.5922641990625346,
  "U_POI": 1.0,
  "I_POI_POIMV": 3.131849983391939
}