{
  "P_LV0101": 0.22979884077736107,
  "Q_LV0101": -0.03852710535288101,
  "U_LV0101": 0.9978192442720736,
  "I_LV0101_MV0101": 0.2335153451425681,
  "P_LV0102": 0.16979202182066144,
  "Q_LV0102": -0.06526806919386718,
  "U_LV0102": 0.9984762876081584,
  "I_LV0102_MV0102": 0.17196879029557527,
  "P_LV0103": 0.277872485509717,
  "Q_LV0103": -0.03852710535288101,
  "U_LV0103": 0.9872771008424607,
  "I_LV0103_MV0103": 0.2807116715347748,
  "P_LV0201": 0.1660415956358677,
  "Q_LV0201": -0.02557108762359359,
  "U_LV0201": 0.9983667477127509,
  "I_LV0201_MV0201": 0.02891628360458863,
  "P_LV0202": 0.16706443914081145,
  "Q_LV0202": -0.02557108762359359,
  "U_LV0202": 0.9985976270704454,
  "I_LV0202_MV0202": 0.16924742862082204,
  "P_LV0203": 0.16423258909715122,
  "Q_LV0203": -0.02557108762359359,
  "U_LV0203": 0.998742730668711,
  "I_LV0203_MV0203": 0.17091026995959385,
  "P_POIMV_MV0101": -0.6725766170999876,
  "Q_POIMV_MV0101": 0.12422834118957911,
  "U_POIMV": 0.9971269895719665,
  "I_POIMV_MV0101": 0.6859238714315163,
  "P_POIMV_MV0201": -0.4991105860163539,
  "Q_POIMV_MV0201": 0.08738348780631186,
  "I_POIMV_MV0201": 0.5081622853350689,
  "P_POI_POIMV": -1.1716872031323484,
  "Q_POI_POIMV": 0.22961130938944208,
  "U_POI": 1.0,
  "I_POI_POIMV": 1.1939733059761595
}