{
  "P_LV0101": 0.8274803954994886,
  "Q_LV0101": -0.03682236617797477,
  "U_LV0101": 1.0033230588647637,
  "I_LV0101_MV0101": 0.8255559057115712,
  "P_LV0102": 0.561200136379134,
  "Q_LV0102": -0.10722491841117954,
  "U_LV0102": 1.0021853968950194,
  "I_LV0102_MV0102": 0.5605118385955341,
  "P_LV0103": 0.8493010569382884,
  "Q_LV0103": -0.03682236617797477,
  "U_LV0103": 1.0015193276606176,
  "I_LV0103_MV0103": 0.8459022208758029,
  "P_LV0201": 0.561200136379134,
  "Q_LV0201": -0.024548244118649847,
  "U_LV0201": 1.0022333538218786,
  "I_LV0201_MV0201": 0.3160416991781461,
  "P_LV0202": 0.565291510398909,
  "Q_LV0202": -0.024548244118649847,
  "U_LV0202": 1.0030172826684087,
  "I_LV0202_MV0202": 0.564122157083064,
  "P_LV0203": 0.5637271945401315,
  "Q_LV0203": -0.024548244118649847,
  "U_LV0203": 1.0034498285457767,
  "I_LV0203_MV0203": 0.5682919442582525,
  "P_POIMV_MV0101": -2.1868337348560356,
  "Q_POIMV_MV0101": 0.3370593198546787,
  "U_POIMV": 0.9915750279783334,
  "I_POIMV_MV0101": 2.2314569099144106,
  "P_POIMV_MV0201": -1.6655632115451322,
  "Q_POIMV_MV0201": 0.20757945257741667,
  "I_POIMV_MV0201": 1.6927097328109457,
  "P_POI_POIMV": -3.8523969464014636,
  "Q_POI_POIMV": 0.7445420643976735,
  "U_POI": 1.0,
  "I_POI_POIMV": 3.923685145153835
}