{
  "P_LV0101": 0.9631776338220253,
  "Q_LV0101": -0.021820661438799863,
  "U_LV0101": 1.0061856712533663,
  "I_LV0101_MV0101": 0.9575019817260884,
  "P_LV0102": 0.6304125468803273,
  "Q_LV0102": -0.10413820367578452,
  "U_LV0102": 1.004149347159625,
  "I_LV0102_MV0102": 0.6279773019205397,
  "P_LV0103": 0.9263552676440504,
  "Q_LV0103": -0.02216160927378111,
  "U_LV0103": 1.0051530717087578,
  "I_LV0103_MV0103": 0.919867360711154,
  "P_LV0201": 0.6334810773951586,
  "Q_LV0201": -0.014660756904193658,
  "U_LV0201": 1.0042715460172118,
  "I_LV0201_MV0201": 0.400088554109203,
  "P_LV0202": 0.638254347084896,
  "Q_LV0202": -0.014319809069212411,
  "U_LV0202": 1.0052009984463175,
  "I_LV0202_MV0202": 0.6351117505308435,
  "P_LV0203": 0.631547483729444,
  "Q_LV0203": -0.014660756904193658,
  "U_LV0203": 1.0055421841839611,
  "I_LV0203_MV0203": 0.6338870123854955,
  "P_POIMV_MV0101": -2.455573917814437,
  "Q_POIMV_MV0101": 0.3600269502048974,
  "U_POIMV": 0.9908636315010524,
  "I_POIMV_MV0101": 2.504710436299288,
  "P_POIMV_MV0201": -1.8703655618419712,
  "Q_POIMV_MV0201": 0.21273380934955768,
  "I_POIMV_MV0201": 1.8997818756514375,
  "P_POI_POIMV": -4.325939479656009,
  "Q_POI_POIMV": 0.8247303098688478,
  "U_POI": 1.0,
  "I_POI_POIMV": 4.403854273890414
}