{
  "P_LV0101": 0.8636208660075009,
  "Q_LV0101": -0.033071939993181046,
  "U_LV0101": 1.0039311267287154,
  "I_LV0101_MV0101": 0.860869683109347,
  "P_LV0102": 0.5867712240027276,
  "Q_LV0102": -0.10733485203599447,
  "U_LV0102": 1.0026596008436073,
  "I_LV0102_MV0102": 0.5856320354249442,
  "P_LV0103": 0.8878281622911695,
  "Q_LV0103": -0.033071939993181046,
  "U_LV0103": 1.0026801675358652,
  "I_LV0103_MV0103": 0.8834588686624072,
  "P_LV0201": 0.5877940675076714,
  "Q_LV0201": -0.02216160927378111,
  "U_LV0201": 1.0027314576178135,
  "I_LV0201_MV0201": 0.34603208760446247,
  "P_LV0202": 0.5922263893624276,
  "Q_LV0202": -0.02216160927378111,
  "U_LV0202": 1.0035536704959052,
  "I_LV0202_MV0202": 0.5905423045612704,
  "P_LV0203": 0.5911130343796148,
  "Q_LV0203": -0.02216160927378111,
  "U_LV0203": 1.004006898126619,
  "I_LV0203_MV0203": 0.5950266439906359,
  "P_POIMV_MV0101": -2.2824876770642555,
  "Q_POIMV_MV0101": 0.34868452779054016,
  "U_POIMV": 0.9912242298283401,
  "I_POIMV_MV0101": 2.3294098612064236,
  "P_POIMV_MV0201": -1.7434292865216734,
  "Q_POIMV_MV0201": 0.21340630668638366,
  "I_POIMV_MV0201": 1.771992435953408,
  "P_POI_POIMV": -4.025916963585562,
  "Q_POI_POIMV": 0.7805087942489187,
  "U_POI": 1.0,
  "I_POI_POIMV": 4.100878122498386
}