{
  "P_LV0101": 0.9171496760995568,
  "Q_LV0101": -0.03239004432321855,
  "U_LV0101": 1.0042454260585683,
  "I_LV0101_MV0101": 0.913841793275373,
  "P_LV0102": 0.6021138765768838,
  "Q_LV0102": -0.10843524417114292,
  "U_LV0102": 1.0026294875933834,
  "I_LV0102_MV0102": 0.6009290028570574,
  "P_LV0103": 0.8728264575519945,
  "Q_LV0103": -0.03239004432321855,
  "U_LV0103": 1.0025777252377452,
  "I_LV0103_MV0103": 0.8688659775293694,
  "P_LV0201": 0.6109785202863962,
  "Q_LV0201": -0.021820661438799863,
  "U_LV0201": 1.0028633813852625,
  "I_LV0201_MV0201": 0.37360282854377797,
  "P_LV0202": 0.6106375724514149,
  "Q_LV0202": -0.021820661438799863,
  "U_LV0202": 1.0036326091697372,
  "I_LV0202_MV0202": 0.6088157306956186,
  "P_LV0203": 0.6112864200224134,
  "Q_LV0203": -0.021820661438799863,
  "U_LV0203": 1.0041229636994522,
  "I_LV0203_MV0203": 0.6149657589586339,
  "P_POIMV_MV0101": -2.333880336020833,
  "Q_POIMV_MV0101": 0.3590555679554513,
  "U_POIMV": 0.9908826535855803,
  "I_POIMV_MV0101": 2.383065482009833,
  "P_POIMV_MV0201": -1.8027853764767094,
  "Q_POIMV_MV0201": 0.22281366920166396,
  "I_POIMV_MV0201": 1.8332164906110482,
  "P_POI_POIMV": -4.136665712497424,
  "Q_POI_POIMV": 0.8127267281962363,
  "U_POI": 1.0,
  "I_POI_POIMV": 4.21574761479816
}