{
  "P_LV0101": 0.7916808728264576,
  "Q_LV0101": -0.04432321854756222,
  "U_LV0101": 1.0022906576817279,
  "I_LV0101_MV0101": 0.7911084880521176,
  "P_LV0102": 0.5127855438117968,
  "Q_LV0102": -0.10750244646151597,
  "U_LV0102": 1.0009844830923162,
  "I_LV0102_MV0102": 0.513137575653165,
  "P_LV0103": 0.7344016365496079,
  "Q_LV0103": -0.04432321854756222,
  "U_LV0103": 0.9984275067159749,
  "I_LV0103_MV0103": 0.7336925983987143,
  "P_LV0201": 0.5233549266962155,
  "Q_LV0201": -0.029662461643368564,
  "U_LV0201": 1.0012554565873202,
  "I_LV0201_MV0201": 0.2759893152576017,
  "P_LV0202": 0.5209682918513467,
  "Q_LV0202": -0.029662461643368564,
  "U_LV0202": 1.0018723687909576,
  "I_LV0202_MV0202": 0.5208368582397009,
  "P_LV0203": 0.520875137359857,
  "Q_LV0203": -0.029662461643368564,
  "U_LV0203": 1.0023100266802016,
  "I_LV0203_MV0203": 0.5267225664616273,
  "P_POIMV_MV0101": -1.996310614699792,
  "Q_POIMV_MV0101": 0.317279070040387,
  "U_POIMV": 0.9920832972740392,
  "I_POIMV_MV0101": 2.037496644254989,
  "P_POIMV_MV0201": -1.5450342154026435,
  "Q_POIMV_MV0201": 0.20412332841180839,
  "I_POIMV_MV0201": 1.5708961537152601,
  "P_POI_POIMV": -3.541344830102617,
  "Q_POI_POIMV": 0.6903467437335797,
  "U_POI": 1.0,
  "I_POI_POIMV": 3.60800524282852
}