{
  "P_LV0101": 0.995908625980225,
  "Q_LV0101": -0.020115922263893624,
  "U_LV0101": 1.0060535517722866,
  "I_LV0101_MV0101": 0.9901180308558378,
  "P_LV0102": 0.6610978520286396,
  "Q_LV0102": -0.10537905542145687,
  "U_LV0102": 1.0042034090040037,
  "I_LV0102_MV0102": 0.6584637699634772,
  "P_LV0103": 0.9785202863961814,
  "Q_LV0103": -0.020115922263893624,
  "U_LV0103": 1.0058705489268054,
  "I_LV0103_MV0103": 0.97141226192194,
  "P_LV0201": 0.6689396522332083,
  "Q_LV0201": -0.012956017729287419,
  "U_LV0201": 1.0044586281000214,
  "I_LV0201_MV0201": 0.44567503259444896,
  "P_LV0202": 0.6713262870780771,
  "Q_LV0202": -0.013296965564268667,
  "U_LV0202": 1.005299643862895,
  "I_LV0202_MV0202": 0.6679182319618052,
  "P_LV0203": 0.6715748084727914,
  "Q_LV0203": -0.013296965564268667,
  "U_LV0203": 1.0058121137020317,
  "I_LV0203_MV0203": 0.6733394217386401,
  "P_POIMV_MV0101": -2.565139193080672,
  "Q_POIMV_MV0101": 0.38303124767763647,
  "U_POIMV": 0.9901826689406279,
  "I_POIMV_MV0101": 2.619293468682106,
  "P_POIMV_MV0201": -1.9742946830017183,
  "Q_POIMV_MV0201": 0.22848497473623475,
  "I_POIMV_MV0201": 2.0071771040685933,
  "P_POI_POIMV": -4.539433876082578,
  "Q_POI_POIMV": 0.8895786937228578,
  "U_POI": 1.0,
  "I_POI_POIMV": 4.625776709662039
}