{
  "P_LV0101": 0.7476986021138766,
  "Q_LV0101": -0.049096488237299694,
  "U_LV0101": 1.0013493950218018,
  "I_LV0101_MV0101": 0.7482990315001349,
  "P_LV0102": 0.48107739515854075,
  "Q_LV0102": -0.10740217037220479,
  "U_LV0102": 1.0001669184287558,
  "I_LV0102_MV0102": 0.4821323500631765,
  "P_LV0103": 0.6812137742925333,
  "Q_LV0103": -0.04875554040231844,
  "U_LV0103": 0.9966005897050555,
  "I_LV0103_MV0103": 0.6818467590451919,
  "P_LV0201": 0.4933515172178657,
  "Q_LV0201": -0.033071939993181046,
  "U_LV0201": 1.0004758963233276,
  "I_LV0201_MV0201": 0.2461286986909341,
  "P_LV0202": 0.4892601431980907,
  "Q_LV0202": -0.032730992158199794,
  "U_LV0202": 1.0010656878817978,
  "I_LV0202_MV0202": 0.48983174530402784,
  "P_LV0203": 0.4876817784557175,
  "Q_LV0203": -0.033071939993181046,
  "U_LV0203": 1.0014130836554562,
  "I_LV0203_MV0203": 0.49444045032571393,
  "P_POIMV_MV0101": -1.8725219395848887,
  "Q_POIMV_MV0101": 0.30601558800402845,
  "U_POIMV": 0.9924070003831602,
  "I_POIMV_MV0101": 1.9118792662264286,
  "P_POIMV_MV0201": -1.4532735066060327,
  "Q_POIMV_MV0201": 0.20065954053372775,
  "I_POIMV_MV0201": 1.4782856765918269,
  "P_POI_POIMV": -3.3257955073700076,
  "Q_POI_POIMV": 0.6557390793800045,
  "U_POI": 1.0,
  "I_POI_POIMV": 3.389824405049422
}