{
  "P_LV0101": 0.6048414592567337,
  "Q_LV0101": -0.053528810092055915,
  "U_LV0101": 0.9999786471620502,
  "I_LV0101_MV0101": 0.6072184681921386,
  "P_LV0102": 0.3839072621888851,
  "Q_LV0102": -0.09847294472774415,
  "U_LV0102": 0.9991650385774341,
  "I_LV0102_MV0102": 0.3858322498775024,
  "P_LV0103": 0.5349471530855779,
  "Q_LV0103": -0.053528810092055915,
  "U_LV0103": 0.9924992545106245,
  "I_LV0103_MV0103": 0.5377695739712582,
  "P_LV0201": 0.39481759290828505,
  "Q_LV0201": -0.03511762700306853,
  "U_LV0201": 0.9994588292333559,
  "I_LV0201_MV0201": 0.15896282542834225,
  "P_LV0202": 0.3914081145584726,
  "Q_LV0202": -0.035458574838049775,
  "U_LV0202": 0.9998329872339158,
  "I_LV0202_MV0202": 0.39307661846520114,
  "P_LV0203": 0.3881987711780742,
  "Q_LV0203": -0.035458574838049775,
  "U_LV0203": 1.000147038343772,
  "I_LV0203_MV0203": 0.3963483837759305,
  "P_POIMV_MV0101": -1.4996729389310486,
  "Q_POIMV_MV0101": 0.25405930480944605,
  "U_POIMV": 0.9938285306197366,
  "I_POIMV_MV0101": 1.5304861281781352,
  "P_POIMV_MV0201": -1.1660044807291825,
  "Q_POIMV_MV0201": 0.17097995340173838,
  "I_POIMV_MV0201": 1.1857919193623914,
  "P_POI_POIMV": -2.665677430225276,
  "Q_POI_POIMV": 0.5205322829769862,
  "U_POI": 1.0,
  "I_POI_POIMV": 2.716024672132723
}