{
  "P_LV0101": 0.3341288782816229,
  "Q_LV0101": -0.04670985339243096,
  "U_LV0101": 0.9979956052114967,
  "I_LV0101_MV0101": 0.3380556010214399,
  "P_LV0102": 0.23900443232185475,
  "Q_LV0102": -0.07770023102474255,
  "U_LV0102": 0.9984260674743465,
  "I_LV0102_MV0102": 0.2414339780411953,
  "P_LV0103": 0.3832253665189226,
  "Q_LV0103": -0.04670985339243096,
  "U_LV0103": 0.9889364015788104,
  "I_LV0103_MV0103": 0.38620691115344186,
  "P_LV0201": 0.23525400613706102,
  "Q_LV0201": -0.031026252983293555,
  "U_LV0201": 0.9983751180728031,
  "I_LV0201_MV0201": 0.05748217479321397,
  "P_LV0202": 0.237981588816911,
  "Q_LV0202": -0.031026252983293555,
  "U_LV0202": 0.9987327213456572,
  "I_LV0202_MV0202": 0.24030007916698656,
  "P_LV0203": 0.23346303436756322,
  "Q_LV0203": -0.031026252983293555,
  "U_LV0203": 0.9989118498160009,
  "I_LV0203_MV0203": 0.24161087217482163,
  "P_POIMV_MV0101": -0.9467184439404669,
  "Q_POIMV_MV0101": 0.16868272840508286,
  "U_POIMV": 0.9960520082765283,
  "I_POIMV_MV0101": 0.9654402074662566,
  "P_POIMV_MV0201": -0.7070426404722823,
  "Q_POIMV_MV0201": 0.11600925783375532,
  "I_POIMV_MV0201": 0.7193365806013602,
  "P_POI_POIMV": -1.6537610846575697,
  "Q_POI_POIMV": 0.3210839341697013,
  "U_POI": 1.0,
  "I_POI_POIMV": 1.6846425786823964
}