{
  "P_LV0101": 0.3106034776679168,
  "Q_LV0101": -0.03852710535288101,
  "U_LV0101": 0.9994992564491643,
  "I_LV0101_MV0101": 0.3131406017293172,
  "P_LV0102": 0.18649846573474257,
  "Q_LV0102": -0.06710787008621466,
  "U_LV0102": 0.9987387197574774,
  "I_LV0102_MV0102": 0.1884810759258827,
  "P_LV0103": 0.2427548585066485,
  "Q_LV0103": -0.039209001022843505,
  "U_LV0103": 0.9865809504013704,
  "I_LV0103_MV0103": 0.24631966690979176,
  "P_LV0201": 0.19740879645414253,
  "Q_LV0201": -0.02557108762359359,
  "U_LV0201": 0.9990556566277399,
  "I_LV0201_MV0201": 0.040518287751922025,
  "P_LV0202": 0.1922945789294238,
  "Q_LV0202": -0.02557108762359359,
  "U_LV0202": 0.9991726182981033,
  "I_LV0202_MV0202": 0.19414796810157398,
  "P_LV0203": 0.18846824824639397,
  "Q_LV0203": -0.02557108762359359,
  "U_LV0203": 0.9993252592322144,
  "I_LV0203_MV0203": 0.19547119948347333,
  "P_POIMV_MV0101": -0.7340920177498022,
  "Q_POIMV_MV0101": 0.12927011383776763,
  "U_POIMV": 0.9969760899802745,
  "I_POIMV_MV0101": 0.7476478689079614,
  "P_POIMV_MV0201": -0.579655892705101,
  "Q_POIMV_MV0201": 0.09155494437956378,
  "I_POIMV_MV0201": 0.5886217080339275,
  "P_POI_POIMV": -1.3137479104926093,
  "Q_POI_POIMV": 0.2435077472044011,
  "U_POI": 1.0,
  "I_POI_POIMV": 1.3361248426970658
}