{
  "P_LV0101": 0.8779406750767133,
  "Q_LV0101": -0.037504261847937266,
  "U_LV0101": 1.0034487313753586,
  "I_LV0101_MV0101": 0.8757212445236846,
  "P_LV0102": 0.6848960109103307,
  "Q_LV0102": -0.024889191953631096,
  "U_LV0102": 1.0019631869455405,
  "I_LV0102_MV0102": 0.5701697536721478,
  "P_LV0103": 0.8288441868394135,
  "Q_LV0103": -0.037504261847937266,
  "U_LV0103": 1.0042899497497422,
  "I_LV0103_MV0103": 0.8261481317001438,
  "P_LV0201": 0.5826798499829526,
  "Q_LV0201": -0.024889191953631096,
  "U_LV0201": 1.0022519803967467,
  "I_LV0201_MV0201": 0.5819007500395336,
  "P_LV0202": 0.5830207978179338,
  "Q_LV0202": -0.024889191953631096,
  "U_LV0202": 1.0029948372238455,
  "I_LV0202_MV0202": 0.5818093920958591,
  "P_LV0203": 0.5874531196726901,
  "Q_LV0203": -0.024889191953631096,
  "U_LV0203": 1.0034364907398183,
  "I_LV0203_MV0203": 0.5859664671165696,
  "P_POIMV_MV0101": -2.2246069862043254,
  "Q_POIMV_MV0101": 0.34756123822536444,
  "U_POIMV": 0.9912366322002214,
  "I_POIMV_MV0101": 2.2714998815619665,
  "P_POIMV_MV0201": -1.7204169274441847,
  "Q_POIMV_MV0201": 0.21783595362503383,
  "I_POIMV_MV0201": 1.7494844563433634,
  "P_POI_POIMV": -3.9450239136485292,
  "Q_POI_POIMV": 0.7753141525358715,
  "U_POI": 1.0,
  "I_POI_POIMV": 4.020488243283541
}