{
  "P_LV0101": 0.9764745993862939,
  "Q_LV0101": -0.021820661438799863,
  "U_LV0101": 1.0057153987325342,
  "I_LV0101_MV0101": 0.971167764221445,
  "P_LV0102": 0.7867712240027276,
  "Q_LV0102": -0.014660756904193658,
  "U_LV0102": 1.0039913623026764,
  "I_LV0102_MV0102": 0.6531994244443228,
  "P_LV0103": 0.9781793385612001,
  "Q_LV0103": -0.021820661438799863,
  "U_LV0103": 1.0073453329199051,
  "I_LV0103_MV0103": 0.9712882540787965,
  "P_LV0201": 0.6580293215138084,
  "Q_LV0201": -0.014660756904193658,
  "U_LV0201": 1.0041035706061343,
  "I_LV0201_MV0201": 0.6555027188745995,
  "P_LV0202": 0.6621206955335833,
  "Q_LV0202": -0.014660756904193658,
  "U_LV0202": 1.005005699574185,
  "I_LV0202_MV0202": 0.6589843083034023,
  "P_LV0203": 0.6679168087282645,
  "Q_LV0203": -0.014660756904193658,
  "U_LV0203": 1.0055131538125441,
  "I_LV0203_MV0203": 0.6644146706973385,
  "P_POIMV_MV0101": -2.5411965585470275,
  "Q_POIMV_MV0101": 0.3816114876431888,
  "U_POIMV": 0.99025504333054,
  "I_POIMV_MV0101": 2.5949780617352824,
  "P_POIMV_MV0201": -1.9461830577947383,
  "Q_POIMV_MV0201": 0.22755982625027574,
  "I_POIMV_MV0201": 1.9787243321960437,
  "P_POI_POIMV": -4.487379616341731,
  "Q_POI_POIMV": 0.8809157111690344,
  "U_POI": 1.0,
  "I_POI_POIMV": 4.573028352344179
}