{
  "P_LV0101": 0.4977838390726219,
  "Q_LV0101": -0.05250596658711217,
  "U_LV0101": 0.9988672108685044,
  "I_LV0101_MV0101": 0.5011129841838117,
  "P_LV0102": 0.41486532560518236,
  "Q_LV0102": -0.03511762700306853,
  "U_LV0102": 0.998905959073119,
  "I_LV0102_MV0102": 0.3478807104739132,
  "P_LV0103": 0.5431299011251278,
  "Q_LV0103": -0.05250596658711217,
  "U_LV0103": 1.00053405004695,
  "I_LV0103_MV0103": 0.5453706962820993,
  "P_LV0201": 0.34810773951585405,
  "Q_LV0201": -0.03511762700306853,
  "U_LV0201": 0.9989691761256605,
  "I_LV0201_MV0201": 0.35023564572205146,
  "P_LV0202": 0.3494715308557791,
  "Q_LV0202": -0.034776679168087285,
  "U_LV0202": 0.9994832491386069,
  "I_LV0202_MV0202": 0.35137919525943273,
  "P_LV0203": 0.35424480054551655,
  "Q_LV0203": -0.03511762700306853,
  "U_LV0203": 0.999755021394763,
  "I_LV0203_MV0203": 0.3560684453402788,
  "P_POIMV_MV0101": -1.3665950687532962,
  "Q_POIMV_MV0101": 0.23283874527443077,
  "U_POIMV": 0.9944147284439386,
  "I_POIMV_MV0101": 1.394074843560899,
  "P_POIMV_MV0201": -1.0398587676690652,
  "Q_POIMV_MV0201": 0.15635078223383375,
  "I_POIMV_MV0201": 1.057453512414945,
  "P_POI_POIMV": -2.4064538411654395,
  "Q_POI_POIMV": 0.4668719832251821,
  "U_POI": 1.0,
  "I_POI_POIMV": 2.4513240378172183
}