{
  "P_LV0101": 0.998636208660075,
  "Q_LV0101": -0.014319809069212411,
  "U_LV0101": 1.0071790682274882,
  "I_LV0101_MV0101": 0.9916199644864924,
  "P_LV0102": 0.7974087964541425,
  "Q_LV0102": -0.00954653937947494,
  "U_LV0102": 1.0050716351918858,
  "I_LV0102_MV0102": 0.6612224223570803,
  "P_LV0103": 0.9870439822707125,
  "Q_LV0103": -0.014660756904193658,
  "U_LV0103": 1.0086738288455084,
  "I_LV0103_MV0103": 0.9786640909855097,
  "P_LV0201": 0.6713262870780771,
  "Q_LV0201": -0.00954653937947494,
  "U_LV0201": 1.0052589448995193,
  "I_LV0201_MV0201": 0.6678818079025413,
  "P_LV0202": 0.6733719740879646,
  "Q_LV0202": -0.00954653937947494,
  "U_LV0202": 1.0061481854480183,
  "I_LV0202_MV0202": 0.6693245111400715,
  "P_LV0203": 0.6795090351176271,
  "Q_LV0203": -0.00954653937947494,
  "U_LV0203": 1.006668269999152,
  "I_LV0203_MV0203": 0.6750745131728443,
  "P_POIMV_MV0101": -2.5791695991268946,
  "Q_POIMV_MV0101": 0.37094831386169214,
  "U_POIMV": 0.9904596397848746,
  "I_POIMV_MV0101": 2.630807676341323,
  "P_POIMV_MV0201": -1.9809019414735136,
  "Q_POIMV_MV0201": 0.21851001335043838,
  "I_POIMV_MV0201": 2.0121135284012923,
  "P_POI_POIMV": -4.560071540600555,
  "Q_POI_POIMV": 0.8695059421284117,
  "U_POI": 1.0,
  "I_POI_POIMV": 4.642229317773061
}