{
  "P_LV0101": 0.9624957381520627,
  "Q_LV0101": -0.02523013978861234,
  "U_LV0101": 1.005388456275408,
  "I_LV0101_MV0101": 0.9576660218403782,
  "P_LV0102": 0.7605864302761677,
  "Q_LV0102": -0.016706443914081145,
  "U_LV0102": 1.003609283230472,
  "I_LV0102_MV0102": 0.6317619555415095,
  "P_LV0103": 0.9297647459938629,
  "Q_LV0103": -0.02523013978861234,
  "U_LV0103": 1.0066340448024014,
  "I_LV0103_MV0103": 0.9239772993269958,
  "P_LV0201": 0.6426866689396522,
  "Q_LV0201": -0.016706443914081145,
  "U_LV0201": 1.003835486615425,
  "I_LV0201_MV0201": 0.6404473445094024,
  "P_LV0202": 0.642345721104671,
  "Q_LV0202": -0.016706443914081145,
  "U_LV0202": 1.0046475137732034,
  "I_LV0202_MV0202": 0.6395904337382448,
  "P_LV0203": 0.649164677804296,
  "Q_LV0203": -0.016706443914081145,
  "U_LV0203": 1.005160387176544,
  "I_LV0203_MV0203": 0.6460457685461256,
  "P_POIMV_MV0101": -2.461322894696848,
  "Q_POIMV_MV0101": 0.37033440368375986,
  "U_POIMV": 0.990554992008425,
  "I_POIMV_MV0101": 2.5127605569510583,
  "P_POIMV_MV0201": -1.8945246351177447,
  "Q_POIMV_MV0201": 0.2239413061985774,
  "I_POIMV_MV0201": 1.9259043380439331,
  "P_POI_POIMV": -4.355847529814666,
  "Q_POI_POIMV": 0.8501815956329482,
  "U_POI": 1.0,
  "I_POI_POIMV": 4.438041961106891
}