{
  "P_LV0101": 0.5039209001022843,
  "Q_LV0101": -0.05148312308216843,
  "U_LV0101": 0.9995372654209365,
  "I_LV0101_MV0101": 0.5067784655604125,
  "P_LV0102": 0.3792703716331401,
  "Q_LV0102": -0.03443573133310603,
  "U_LV0102": 0.9987019580800202,
  "I_LV0102_MV0102": 0.3183422786972006,
  "P_LV0103": 0.4323218547562223,
  "Q_LV0103": -0.05148312308216843,
  "U_LV0103": 0.9989362204232913,
  "I_LV0103_MV0103": 0.435840139053878,
  "P_LV0201": 0.3283327650869417,
  "Q_LV0201": -0.03443573133310603,
  "U_LV0201": 0.9990356371433448,
  "I_LV0201_MV0201": 0.3304523218023551,
  "P_LV0202": 0.3228775997272417,
  "Q_LV0202": -0.03443573133310603,
  "U_LV0202": 0.9993232058331155,
  "I_LV0202_MV0202": 0.32492864686415135,
  "P_LV0203": 0.3269689737470167,
  "Q_LV0203": -0.03443573133310603,
  "U_LV0203": 0.9996135355959012,
  "I_LV0203_MV0203": 0.32890443466769287,
  "P_POIMV_MV0101": -1.2359930586624033,
  "Q_POIMV_MV0101": 0.21300100133813932,
  "U_POIMV": 0.9948723166451073,
  "I_POIMV_MV0101": 1.2606765601814973,
  "P_POIMV_MV0201": -0.9678224036922668,
  "Q_POIMV_MV0201": 0.14755648744874927,
  "I_POIMV_MV0201": 0.9840520985972545,
  "P_POI_POIMV": -2.2038154646690353,
  "Q_POI_POIMV": 0.4255954754126394,
  "U_POI": 1.0,
  "I_POI_POIMV": 2.244534274856614
}