{
  "P_LV0101": 0.03170814865325605,
  "Q_LV0101": -0.010228435049437436,
  "U_LV0101": 0.9988954175884471,
  "I_LV0101_MV0101": 0.03335391616598658,
  "P_LV0102": 0.029867030344357313,
  "Q_LV0102": -0.006818956699624957,
  "U_LV0102": 0.999223364319527,
  "I_LV0102_MV0102": 0.02582645202989503,
  "P_LV0103": 0.041936583702693486,
  "Q_LV0103": -0.00954653937947494,
  "U_LV0103": 0.9993309666374832,
  "I_LV0103_MV0103": 0.04303824952768272,
  "P_LV0201": 0.0235254006137061,
  "Q_LV0201": -0.006818956699624957,
  "U_LV0201": 0.9991804513484851,
  "I_LV0201_MV0201": 0.024513815770210983,
  "P_LV0202": 0.0242072962836686,
  "Q_LV0202": -0.006818956699624957,
  "U_LV0202": 0.9992267100219488,
  "I_LV0202_MV0202": 0.025168842684357137,
  "P_LV0203": 0.0242072962836686,
  "Q_LV0203": -0.006818956699624957,
  "U_LV0203": 0.9992404578303559,
  "I_LV0203_MV0203": 0.02516849642492955,
  "P_POIMV_MV0101": -0.09842485309091374,
  "Q_POIMV_MV0101": 0.02583191162483824,
  "U_POIMV": 0.9994186383175394,
  "I_POIMV_MV0101": 0.1018174325389822,
  "P_POIMV_MV0201": -0.0718801234860962,
  "Q_POIMV_MV0201": 0.019167013681508797,
  "I_POIMV_MV0201": 0.07443498397766002,
  "P_POI_POIMV": -0.17030498226691324,
  "Q_POI_POIMV": 0.04483751402418365,
  "U_POI": 1.0,
  "I_POI_POIMV": 0.17610845990128499
}