{
  "P_LV0101": 0.2724173201500171,
  "Q_LV0101": -0.040913740197749744,
  "U_LV0101": 0.998111867102994,
  "I_LV0101_MV0101": 0.27599367116209733,
  "P_LV0102": 0.237708830548926,
  "Q_LV0102": -0.027616774633481077,
  "U_LV0102": 0.9985743205609477,
  "I_LV0102_MV0102": 0.200292073549191,
  "P_LV0103": 0.321854756222298,
  "Q_LV0103": -0.04125468803273099,
  "U_LV0103": 0.9996605890187125,
  "I_LV0103_MV0103": 0.3245981278490609,
  "P_LV0201": 0.19434026593931128,
  "Q_LV0201": -0.027616774633481077,
  "U_LV0201": 0.998468418080467,
  "I_LV0201_MV0201": 0.19659380239594557,
  "P_LV0202": 0.19638595294919878,
  "Q_LV0202": -0.027616774633481077,
  "U_LV0202": 0.9987602746138944,
  "I_LV0202_MV0202": 0.19856441653914525,
  "P_LV0203": 0.19774974428912376,
  "Q_LV0203": -0.02727582679849983,
  "U_LV0203": 0.9989624023000722,
  "I_LV0203_MV0203": 0.19982931540859214,
  "P_POIMV_MV0101": -0.7857168920708757,
  "Q_POIMV_MV0101": 0.13963506491267413,
  "U_POIMV": 0.996746764568051,
  "I_POIMV_MV0101": 0.8006328332189454,
  "P_POIMV_MV0201": -0.5846896683052291,
  "Q_POIMV_MV0201": 0.09769528606408312,
  "I_POIMV_MV0201": 0.5947301896337257,
  "P_POI_POIMV": -1.3704065604308144,
  "Q_POI_POIMV": 0.2621160247136484,
  "U_POI": 1.0,
  "I_POI_POIMV": 1.3952487058884881
}