{
  "P_LV0101": 0.04227753153767474,
  "Q_LV0101": -0.01125127855438118,
  "U_LV0101": 0.99898697426457,
  "I_LV0101_MV0101": 0.04379342667890122,
  "P_LV0102": 0.04050460279577224,
  "Q_LV0102": -0.007500852369587453,
  "U_LV0102": 0.9993343329259166,
  "I_LV0102_MV0102": 0.034600250619116646,
  "P_LV0103": 0.05864302761677463,
  "Q_LV0103": -0.010910330719399931,
  "U_LV0103": 0.9995641396455195,
  "I_LV0103_MV0103": 0.05967531405832543,
  "P_LV0201": 0.03170814865325605,
  "Q_LV0201": -0.007159904534606206,
  "U_LV0201": 0.9993183553779384,
  "I_LV0201_MV0201": 0.032528645692449,
  "P_LV0202": 0.033071939993181046,
  "Q_LV0202": -0.007159904534606206,
  "U_LV0202": 0.9993949587905647,
  "I_LV0202_MV0202": 0.03385859000308438,
  "P_LV0203": 0.033071939993181046,
  "Q_LV0203": -0.007159904534606206,
  "U_LV0203": 0.9994146834095184,
  "I_LV0203_MV0203": 0.033857921837423595,
  "P_POIMV_MV0101": -0.13447367756011583,
  "Q_POIMV_MV0101": 0.02932812820171568,
  "U_POIMV": 0.9993548632473261,
  "I_POIMV_MV0101": 0.13772354476704937,
  "P_POIMV_MV0201": -0.0977445287251291,
  "Q_POIMV_MV0201": 0.020400265009536796,
  "I_POIMV_MV0201": 0.099915166044698,
  "P_POI_POIMV": -0.23221822386902166,
  "Q_POI_POIMV": 0.04989780624235631,
  "U_POI": 1.0,
  "I_POI_POIMV": 0.23751861940631688
}