{
  "P_LV0101": 0.3767473576542789,
  "Q_LV0101": -0.04977838390726219,
  "U_LV0101": 0.9980085592694298,
  "I_LV0101_MV0101": 0.38077995657232333,
  "P_LV0102": 0.320763723150358,
  "Q_LV0102": -0.033071939993181046,
  "U_LV0102": 0.9984366145291298,
  "I_LV0102_MV0102": 0.26976298036980784,
  "P_LV0103": 0.4261847937265598,
  "Q_LV0103": -0.04977838390726219,
  "U_LV0103": 0.9996708204183676,
  "I_LV0103_MV0103": 0.429223295153463,
  "P_LV0201": 0.2635526764405046,
  "Q_LV0201": -0.033071939993181046,
  "U_LV0201": 0.9983429676920896,
  "I_LV0201_MV0201": 0.26606046051628635,
  "P_LV0202": 0.2669621547903171,
  "Q_LV0202": -0.033071939993181046,
  "U_LV0202": 0.9987507004976339,
  "I_LV0202_MV0202": 0.26933935778818113,
  "P_LV0203": 0.2686668939652233,
  "Q_LV0203": -0.033071939993181046,
  "U_LV0203": 0.9989549708463563,
  "I_LV0203_MV0203": 0.27097793987989416,
  "P_POIMV_MV0101": -1.0581935761889676,
  "Q_POIMV_MV0101": 0.18779046378515507,
  "U_POIMV": 0.995578992133912,
  "I_POIMV_MV0101": 1.0794998394420086,
  "P_POIMV_MV0201": -0.7922264292667324,
  "Q_POIMV_MV0201": 0.12840848257951637,
  "I_POIMV_MV0201": 0.8061294493913466,
  "P_POI_POIMV": -1.850420006054982,
  "Q_POI_POIMV": 0.3619276939720864,
  "U_POI": 1.0,
  "I_POI_POIMV": 1.8854829234104644
}