{
  "P_LV0101": 1.0,
  "Q_LV0101": -0.013978861234231163,
  "U_LV0101": 1.0072496757200728,
  "I_LV0101_MV0101": 0.9928995001096781,
  "P_LV0102": 0.7965905216501875,
  "Q_LV0102": -0.009205591544493692,
  "U_LV0102": 1.005122377443606,
  "I_LV0102_MV0102": 0.6605059003320287,
  "P_LV0103": 0.9901125127855438,
  "Q_LV0103": -0.013978861234231163,
  "U_LV0103": 1.0088106425166434,
  "I_LV0103_MV0103": 0.9815629872579585,
  "P_LV0201": 0.6723491305830208,
  "Q_LV0201": -0.009205591544493692,
  "U_LV0201": 1.0053336760368452,
  "I_LV0201_MV0201": 0.6688447464565337,
  "P_LV0202": 0.6733719740879646,
  "Q_LV0202": -0.009205591544493692,
  "U_LV0202": 1.0062087713140226,
  "I_LV0202_MV0202": 0.6692794921330222,
  "P_LV0203": 0.6801909307875895,
  "Q_LV0203": -0.009205591544493692,
  "U_LV0203": 1.0067391871886073,
  "I_LV0203_MV0203": 0.6756995556233703,
  "P_POIMV_MV0101": -2.582702667377475,
  "Q_POIMV_MV0101": 0.3706052126824844,
  "U_POIMV": 0.9904697732178337,
  "I_POIMV_MV0101": 2.6342623167910646,
  "P_POIMV_MV0201": -1.9825409715037512,
  "Q_POIMV_MV0201": 0.21778033362003377,
  "I_POIMV_MV0201": 2.013657199465717,
  "P_POI_POIMV": -4.565243638881345,
  "Q_POI_POIMV": 0.8690370807347294,
  "U_POI": 1.0,
  "I_POI_POIMV": 4.647222281109279
}