{
  "P_LV0101": 0.9945448346403001,
  "Q_LV0101": -0.015342652574156155,
  "U_LV0101": 1.0070415124905618,
  "I_LV0101_MV0101": 0.9877082119689821,
  "P_LV0102": 0.7933174224343674,
  "Q_LV0102": -0.010228435049437436,
  "U_LV0102": 1.0049592397829599,
  "I_LV0102_MV0102": 0.6579142195474587,
  "P_LV0103": 0.9792021820661438,
  "Q_LV0103": -0.015342652574156155,
  "U_LV0103": 1.0085399118248035,
  "I_LV0103_MV0103": 0.9710298636326781,
  "P_LV0201": 0.6672349130583021,
  "Q_LV0201": -0.010228435049437436,
  "U_LV0201": 1.0051358430489437,
  "I_LV0201_MV0201": 0.6639036025883474,
  "P_LV0202": 0.6689396522332083,
  "Q_LV0202": -0.010228435049437436,
  "U_LV0202": 1.0060144491058378,
  "I_LV0202_MV0202": 0.6650181290162991,
  "P_LV0203": 0.6750767132628708,
  "Q_LV0203": -0.010228435049437436,
  "U_LV0203": 1.006532137119453,
  "I_LV0203_MV0203": 0.6707726182421536,
  "P_POIMV_MV0101": -2.564639101517326,
  "Q_POIMV_MV0101": 0.3695438604607778,
  "U_POIMV": 0.9905043171434698,
  "I_POIMV_MV0101": 2.6159668621300316,
  "P_POIMV_MV0201": -1.9684864597877676,
  "Q_POIMV_MV0201": 0.21816818710190075,
  "I_POIMV_MV0201": 1.9995262635454552,
  "P_POI_POIMV": -4.533125561305015,
  "Q_POI_POIMV": 0.8644551464562629,
  "U_POI": 1.0,
  "I_POI_POIMV": 4.6148141950453025
}