{
  "P_LV0101": 0.8513467439481759,
  "Q_LV0101": -0.035458574838049775,
  "U_LV0101": 1.0034773277741995,
  "I_LV0101_MV0101": 0.8491321376852137,
  "P_LV0102": 0.6922604841459257,
  "Q_LV0102": -0.02386634844868735,
  "U_LV0102": 1.0022622397274035,
  "I_LV0102_MV0102": 0.5760739974805322,
  "P_LV0103": 0.8769178315717695,
  "Q_LV0103": -0.035458574838049775,
  "U_LV0103": 1.005187527791388,
  "I_LV0103_MV0103": 0.8731051732962872,
  "P_LV0201": 0.5789294237981589,
  "Q_LV0201": -0.02386634844868735,
  "U_LV0201": 1.002350757967218,
  "I_LV0201_MV0201": 0.578062275217767,
  "P_LV0202": 0.5843845891578588,
  "Q_LV0202": -0.02386634844868735,
  "U_LV0202": 1.0031797853944506,
  "I_LV0202_MV0202": 0.5830178669195791,
  "P_LV0203": 0.5898397545175588,
  "Q_LV0203": -0.02386634844868735,
  "U_LV0203": 1.0036396588440604,
  "I_LV0203_MV0203": 0.588181621807763,
  "P_POIMV_MV0101": -2.2508910814451224,
  "Q_POIMV_MV0101": 0.34823618700413433,
  "U_POIMV": 0.9912509985871941,
  "I_POIMV_MV0101": 2.2977728831144377,
  "P_POIMV_MV0201": -1.720423368611295,
  "Q_POIMV_MV0201": 0.2147096991693655,
  "I_POIMV_MV0201": 1.749072176194955,
  "P_POI_POIMV": -3.971314450056834,
  "Q_POI_POIMV": 0.7755781193625682,
  "U_POI": 1.0,
  "I_POI_POIMV": 4.046339071366139
}