{
  "P_LV0101": 0.007159904534606205,
  "Q_LV0101": -0.0021479713603818613,
  "U_LV0101": 0.9997832456041817,
  "I_LV0101_MV0101": 0.007476780410144228,
  "P_LV0102": 0.00391905737704918,
  "Q_LV0102": -0.0021516393442622948,
  "U_LV0102": 0.9998112677767923,
  "I_LV0102_MV0102": 0.008129608793476118,
  "P_LV0103": 0.00857142857142857,
  "Q_LV0103": -0.002168674698795181,
  "U_LV0103": 0.9998342330514993,
  "I_LV0103_MV0103": 0.008842989363208379,
  "P_LV0201": 0.007454361054766733,
  "Q_LV0201": -0.002129817444219067,
  "U_LV0201": 0.9998067781055534,
  "I_LV0201_MV0201": 0.007754150784578242,
  "P_LV0202": 0.007283763277693475,
  "Q_LV0202": -0.0021244309559939304,
  "U_LV0202": 0.999811527417045,
  "I_LV0202_MV0202": 0.007588683667320016,
  "P_LV0203": 0.007518796992481203,
  "Q_LV0203": -0.002105263157894737,
  "U_LV0203": 0.9998250631109883,
  "I_LV0203_MV0203": 0.007809339059609212,
  "P_POIMV_MV0101": -0.02356343399859571,
  "Q_POIMV_MV0101": 0.005223386972477477,
  "U_POIMV": 0.9998762843042863,
  "I_POIMV_MV0101": 0.024138420693092813,
  "P_POIMV_MV0201": -0.022251212630150573,
  "Q_POIMV_MV0201": 0.004828901415134025,
  "I_POIMV_MV0201": 0.02277197956327369,
  "P_POI_POIMV": -0.04581464665436434,
  "Q_POI_POIMV": 0.009515032369251318,
  "U_POI": 1.0,
  "I_POI_POIMV": 0.04679228236634923
}