{
  "P_LV0101": 0.3548448687350835,
  "Q_LV0101": -0.00638254347084896,
  "U_LV0101": 1.0058503534377017,
  "I_LV0101_MV0101": 0.35283803790176305,
  "P_LV0102": 0.17797131147540984,
  "Q_LV0102": -0.006270491803278689,
  "U_LV0102": 1.00635688270848,
  "I_LV0102_MV0102": 0.3537491094954017,
  "P_LV0103": 0.3572736660929432,
  "Q_LV0103": -0.006444061962134251,
  "U_LV0103": 1.0065948010393904,
  "I_LV0103_MV0103": 0.35499068358849245,
  "P_LV0201": 0.3556186612576065,
  "Q_LV0201": -0.006206896551724138,
  "U_LV0201": 1.0065911892768036,
  "I_LV0201_MV0201": 0.3533438679075173,
  "P_LV0202": 0.3552655538694992,
  "Q_LV0202": -0.006191198786039453,
  "U_LV0202": 1.0070534004731444,
  "I_LV0202_MV0202": 0.3528308395999383,
  "P_LV0203": 0.35657142857142854,
  "Q_LV0203": -0.006135338345864661,
  "U_LV0203": 1.0073221189006012,
  "I_LV0203_MV0203": 0.3540319446156871,
  "P_POIMV_MV0101": -1.0567956547684318,
  "Q_POIMV_MV0101": 0.07056384368254902,
  "U_POIMV": 0.9977916599264,
  "I_POIMV_MV0101": 1.0614929995745026,
  "P_POIMV_MV0201": -1.055437004273647,
  "Q_POIMV_MV0201": 0.07010932945967821,
  "I_POIMV_MV0201": 1.0601040816223113,
  "P_POI_POIMV": -2.1122326601700676,
  "Q_POI_POIMV": 0.1987167338987918,
  "U_POI": 1.0,
  "I_POI_POIMV": 2.1215596034569764
}