{
  "P_LV0101": 0.2704398227071258,
  "Q_LV0101": -0.008285032390044323,
  "U_LV0101": 1.0042538249578743,
  "I_LV0101_MV0101": 0.2694206323897861,
  "P_LV0102": 0.13724385245901638,
  "Q_LV0102": -0.008145491803278688,
  "U_LV0102": 1.0047274136171873,
  "I_LV0102_MV0102": 0.2733164581513006,
  "P_LV0103": 0.27851979345955247,
  "Q_LV0103": -0.008364888123924268,
  "U_LV0103": 1.004969748726825,
  "I_LV0103_MV0103": 0.2772674286049649,
  "P_LV0201": 0.27337728194726163,
  "Q_LV0201": -0.00806288032454361,
  "U_LV0201": 1.0048917299153313,
  "I_LV0201_MV0201": 0.27216480110298685,
  "P_LV0202": 0.2746585735963581,
  "Q_LV0202": -0.008042488619119879,
  "U_LV0202": 1.0052847735018005,
  "I_LV0202_MV0202": 0.2733318008704636,
  "P_LV0203": 0.27473684210526317,
  "Q_LV0203": -0.007969924812030075,
  "U_LV0203": 1.0054773942700646,
  "I_LV0203_MV0203": 0.2733551449004582,
  "P_POIMV_MV0101": -0.8167212563670206,
  "Q_POIMV_MV0101": 0.05499711773660623,
  "U_POIMV": 0.9983563489627502,
  "I_POIMV_MV0101": 0.8199185448392533,
  "P_POIMV_MV0201": -0.815602771120805,
  "Q_POIMV_MV0201": 0.05421443170673902,
  "I_POIMV_MV0201": 0.8187483821243581,
  "P_POI_POIMV": -1.6323240276312245,
  "Q_POI_POIMV": 0.14360981431720762,
  "U_POI": 1.0,
  "I_POI_POIMV": 1.6386291557123123
}