{
  "P_LV0101": 0.05257415615410842,
  "Q_LV0101": -0.009921581997954312,
  "U_LV0101": 0.9993384556562925,
  "I_LV0101_MV0101": 0.053537554870712004,
  "P_LV0102": 0.029585040983606557,
  "Q_LV0102": -0.009836065573770491,
  "U_LV0102": 0.9996041099150709,
  "I_LV0102_MV0102": 0.060005801974800134,
  "P_LV0103": 0.06619621342512909,
  "Q_LV0103": -0.00991394148020654,
  "U_LV0103": 0.9998209098367785,
  "I_LV0103_MV0103": 0.06694646572909144,
  "P_LV0201": 0.05674442190669371,
  "Q_LV0201": -0.00973630831643002,
  "U_LV0201": 0.9995785913244548,
  "I_LV0201_MV0201": 0.0575979144737935,
  "P_LV0202": 0.05735963581183612,
  "Q_LV0202": -0.009711684370257967,
  "U_LV0202": 0.9996686501988061,
  "I_LV0202_MV0202": 0.05819525671401323,
  "P_LV0203": 0.05669172932330827,
  "Q_LV0203": -0.00962406015037594,
  "U_LV0203": 0.9996978915739585,
  "I_LV0203_MV0203": 0.057520195233433505,
  "P_POIMV_MV0101": -0.1776106405130826,
  "Q_POIMV_MV0101": 0.029937839732544044,
  "U_POIMV": 0.9992298826132429,
  "I_POIMV_MV0101": 0.18025492964780856,
  "P_POIMV_MV0201": -0.17047470737454462,
  "Q_POIMV_MV0201": 0.028937158281921484,
  "I_POIMV_MV0201": 0.17304649575317171,
  "P_POI_POIMV": -0.34808542185857816,
  "Q_POI_POIMV": 0.059934451934485516,
  "U_POI": 1.0,
  "I_POI_POIMV": 0.3532075868935313
}