{
  "P_LV0101": 0.009696556426866688,
  "Q_LV0101": -0.010678486191612682,
  "U_LV0101": 0.9982814075719839,
  "I_LV0101_MV0101": 0.014448883418067101,
  "P_LV0102": 0.004057377049180328,
  "Q_LV0102": -0.010327868852459017,
  "U_LV0102": 0.9982877021117335,
  "I_LV0102_MV0102": 0.013156991136778613,
  "P_LV0103": 0.0,
  "Q_LV0103": 0.0,
  "U_LV0103": 0.9994999292545547,
  "I_LV0103_MV0103": 5.980205806207872e-19,
  "P_LV0201": 0.009127789046653144,
  "Q_LV0201": -0.010770791075050709,
  "U_LV0201": 0.9982557948390924,
  "I_LV0201_MV0201": 0.014142970778433732,
  "P_LV0202": 0.0,
  "Q_LV0202": 0.0,
  "U_LV0202": 0.999502995210745,
  "I_LV0202_MV0202": 4.784164644966298e-20,
  "P_LV0203": 0.008300751879699248,
  "Q_LV0203": -0.010105263157894737,
  "U_LV0203": 0.9983282038766323,
  "I_LV0203_MV0203": 0.01309931579982371,
  "P_POIMV_MV0101": -0.01780034666493926,
  "Q_POIMV_MV0101": 0.01978762132005801,
  "U_POIMV": 0.9994970912033116,
  "I_POIMV_MV0101": 0.026629220045949427,
  "P_POIMV_MV0201": -0.017417283989610843,
  "Q_POIMV_MV0201": 0.01937360754760088,
  "I_POIMV_MV0201": 0.026064949897035773,
  "P_POI_POIMV": -0.035217630808681705,
  "Q_POI_POIMV": 0.03863147439847172,
  "U_POI": 1.0,
  "I_POI_POIMV": 0.0522749685220028
}