{
  "P_LV0101": 0.16130242072962836,
  "Q_LV0101": -0.015240368223661777,
  "U_LV0101": 1.000716018008126,
  "I_LV0101_MV0101": 0.1619048735781238,
  "P_LV0102": 0.08429815573770491,
  "Q_LV0102": -0.015368852459016393,
  "U_LV0102": 1.0010976341775997,
  "I_LV0102_MV0102": 0.16910973627703269,
  "P_LV0103": 0.17628227194492255,
  "Q_LV0103": -0.015490533562822718,
  "U_LV0103": 1.001380545354257,
  "I_LV0103_MV0103": 0.17671759987808483,
  "P_LV0201": 0.16643002028397563,
  "Q_LV0201": -0.015212981744421905,
  "U_LV0201": 1.001165080427034,
  "I_LV0201_MV0201": 0.1669293794837866,
  "P_LV0202": 0.16722306525037936,
  "Q_LV0202": -0.015174506828528073,
  "U_LV0202": 1.001404307940452,
  "I_LV0202_MV0202": 0.16767468530035495,
  "P_LV0203": 0.1675187969924812,
  "Q_LV0203": -0.015037593984962405,
  "U_LV0203": 1.0015378853182098,
  "I_LV0203_MV0203": 0.16793411625713828,
  "P_POIMV_MV0101": -0.5035960898881676,
  "Q_POIMV_MV0101": 0.056911562673690005,
  "U_POIMV": 0.9984519788266628,
  "I_POIMV_MV0101": 0.5075874409063306,
  "P_POIMV_MV0201": -0.49847145104727875,
  "Q_POIMV_MV0201": 0.055808796113327716,
  "I_POIMV_MV0201": 0.5023635636056469,
  "P_POI_POIMV": -1.0020675409379352,
  "Q_POI_POIMV": 0.1254358069424476,
  "U_POI": 1.0,
  "I_POI_POIMV": 1.0098878642031024
}