{
  "P_LV0101": 0.35828162291169446,
  "Q_LV0101": -0.0060143198090692115,
  "U_LV0101": 1.005979476605622,
  "I_LV0101_MV0101": 0.3562021966572121,
  "P_LV0102": 0.1794467213114754,
  "Q_LV0102": -0.005901639344262295,
  "U_LV0102": 1.006478828831892,
  "I_LV0102_MV0102": 0.3566314088557338,
  "P_LV0103": 0.35826506024096383,
  "Q_LV0103": -0.006072289156626506,
  "U_LV0103": 1.0066775376538872,
  "I_LV0103_MV0103": 0.35593971590230766,
  "P_LV0201": 0.3585395537525355,
  "Q_LV0201": -0.005841784989858012,
  "U_LV0201": 1.0067144038785034,
  "I_LV0201_MV0201": 0.35619550119195087,
  "P_LV0202": 0.35781487101669196,
  "Q_LV0202": -0.00582701062215478,
  "U_LV0202": 1.0071720332182805,
  "I_LV0202_MV0202": 0.35531399068295794,
  "P_LV0203": 0.3585563909774436,
  "Q_LV0203": -0.005774436090225564,
  "U_LV0203": 1.007430024973335,
  "I_LV0203_MV0203": 0.355958108225833,
  "P_POIMV_MV0101": -1.0640231354490703,
  "Q_POIMV_MV0101": 0.07017085959369926,
  "U_POIMV": 0.997796262870272,
  "I_POIMV_MV0101": 1.068689571697444,
  "P_POIMV_MV0201": -1.062727669595341,
  "Q_POIMV_MV0201": 0.0697488028108314,
  "I_POIMV_MV0201": 1.0673662768637862,
  "P_POI_POIMV": -2.1267508062347313,
  "Q_POI_POIMV": 0.19876479727621862,
  "U_POI": 1.0,
  "I_POI_POIMV": 2.136018828675519
}