{
  "P_LV0101": 0.22840095465393792,
  "Q_LV0101": -0.013092396863279917,
  "U_LV0101": 1.002494933727953,
  "I_LV0101_MV0101": 0.22820652786493612,
  "P_LV0102": 0.11711065573770492,
  "Q_LV0102": -0.013063524590163933,
  "U_LV0102": 1.0029419173495941,
  "I_LV0102_MV0102": 0.2338972266193793,
  "P_LV0103": 0.23989672977624785,
  "Q_LV0103": -0.013218588640275386,
  "U_LV0103": 1.0032068942772079,
  "I_LV0103_MV0103": 0.23949260610421516,
  "P_LV0201": 0.2323022312373225,
  "Q_LV0201": -0.012931034482758619,
  "U_LV0201": 1.0030591533554882,
  "I_LV0201_MV0201": 0.2319522763835207,
  "P_LV0202": 0.23262518968133536,
  "Q_LV0202": -0.012898330804248861,
  "U_LV0202": 1.0033732765445345,
  "I_LV0202_MV0202": 0.2321992288760232,
  "P_LV0203": 0.23172932330827067,
  "Q_LV0203": -0.012781954887218045,
  "U_LV0203": 1.0035194717151412,
  "I_LV0203_MV0203": 0.23126763552672486,
  "P_POIMV_MV0101": -0.697591786520524,
  "Q_POIMV_MV0101": 0.06115099130132363,
  "U_POIMV": 0.9982640707140293,
  "I_POIMV_MV0101": 0.7014846370947766,
  "P_POIMV_MV0201": -0.6914863760906643,
  "Q_POIMV_MV0201": 0.05991591214270464,
  "I_POIMV_MV0201": 0.6952842834192977,
  "P_POI_POIMV": -1.3890781626518935,
  "Q_POI_POIMV": 0.14590434419782208,
  "U_POI": 1.0,
  "I_POI_POIMV": 1.396719807123876
}