{
  "P_LV0101": 0.29570405727923627,
  "Q_LV0101": -0.005318786225707466,
  "U_LV0101": 1.0053005004664517,
  "I_LV0101_MV0101": 0.29419251996849444,
  "P_LV0102": 0.14830942622950818,
  "Q_LV0102": -0.005225409836065574,
  "U_LV0102": 1.0057266349250704,
  "I_LV0102_MV0102": 0.29497565794189623,
  "P_LV0103": 0.29772805507745265,
  "Q_LV0103": -0.005370051635111876,
  "U_LV0103": 1.005927671635822,
  "I_LV0103_MV0103": 0.2960217605665535,
  "P_LV0201": 0.2963488843813387,
  "Q_LV0201": -0.005172413793103448,
  "U_LV0201": 1.0059231841290688,
  "I_LV0201_MV0201": 0.29464876124739064,
  "P_LV0202": 0.2960546282245827,
  "Q_LV0202": -0.005159332321699545,
  "U_LV0202": 1.0063110141021663,
  "I_LV0202_MV0202": 0.29424261132289586,
  "P_LV0203": 0.29714285714285715,
  "Q_LV0203": -0.005112781954887218,
  "U_LV0203": 1.0065376960154042,
  "I_LV0203_MV0203": 0.29525654289174913,
  "P_POIMV_MV0101": -0.8822180950291625,
  "Q_POIMV_MV0101": 0.05131075026991088,
  "U_POIMV": 0.9984106876748373,
  "I_POIMV_MV0101": 0.8851157047088481,
  "P_POIMV_MV0201": -0.8811879391233285,
  "Q_POIMV_MV0201": 0.05083884839065771,
  "I_POIMV_MV0201": 0.8840583020214674,
  "P_POI_POIMV": -1.7634060344157307,
  "Q_POI_POIMV": 0.1423388920241227,
  "U_POI": 1.0,
  "I_POI_POIMV": 1.769141374338543
}