{
  "P_LV0101": 0.09993181043300374,
  "Q_LV0101": -0.012376406409819296,
  "U_LV0101": 1.00000365767745,
  "I_LV0101_MV0101": 0.1006949253840326,
  "P_LV0102": 0.0451844262295082,
  "Q_LV0102": -0.012448770491803278,
  "U_LV0102": 0.999852193701034,
  "I_LV0102_MV0102": 0.0912357488469209,
  "P_LV0103": 0.07993115318416523,
  "Q_LV0103": -0.012598967297762477,
  "U_LV0103": 0.999608449042648,
  "I_LV0103_MV0103": 0.08094969903603987,
  "P_LV0201": 0.09401622718052738,
  "Q_LV0201": -0.012170385395537523,
  "U_LV0201": 1.0000572700194814,
  "I_LV0201_MV0201": 0.09479525279064759,
  "P_LV0202": 0.09195751138088012,
  "Q_LV0202": -0.012139605462822459,
  "U_LV0202": 1.0001237860995673,
  "I_LV0202_MV0202": 0.09274386402789465,
  "P_LV0203": 0.09172932330827067,
  "Q_LV0203": -0.012030075187969926,
  "U_LV0203": 1.0001907828871486,
  "I_LV0203_MV0203": 0.09249717065819868,
  "P_POIMV_MV0101": -0.26948580404294625,
  "Q_POIMV_MV0101": 0.03966216219545841,
  "U_POIMV": 0.998963306943825,
  "I_POIMV_MV0101": 0.27267152683702955,
  "P_POIMV_MV0201": -0.2768651301354333,
  "Q_POIMV_MV0201": 0.03849266121513453,
  "I_POIMV_MV0201": 0.27981823313278803,
  "P_POI_POIMV": -0.5463509341786884,
  "Q_POI_POIMV": 0.08156342323188223,
  "U_POI": 1.0,
  "I_POI_POIMV": 0.5524055894786264
}