{
  "P_LV0101": 0.18145243777702008,
  "Q_LV0101": -0.01605864302761677,
  "U_LV0101": 1.0010205546345683,
  "I_LV0101_MV0101": 0.18197593487993885,
  "P_LV0102": 0.08652663934426229,
  "Q_LV0102": -0.015829918032786886,
  "U_LV0102": 1.001062887184347,
  "I_LV0102_MV0102": 0.17359127739376384,
  "P_LV0103": 0.16203098106712563,
  "Q_LV0103": -0.01621342512908778,
  "U_LV0103": 1.0008435698175926,
  "I_LV0103_MV0103": 0.16270289729722123,
  "P_LV0201": 0.17616632860040565,
  "Q_LV0201": -0.015669371196754562,
  "U_LV0201": 1.001285699651563,
  "I_LV0201_MV0201": 0.1766347240551873,
  "P_LV0202": 0.1742033383915023,
  "Q_LV0202": -0.015781487101669194,
  "U_LV0202": 1.0014454972802163,
  "I_LV0202_MV0202": 0.17466424190233124,
  "P_LV0203": 0.17413533834586467,
  "Q_LV0203": -0.015639097744360904,
  "U_LV0203": 1.0015751017968753,
  "I_LV0203_MV0203": 0.17456125000223466,
  "P_POIMV_MV0101": -0.5138536191951896,
  "Q_POIMV_MV0101": 0.059422479973477216,
  "U_POIMV": 0.9983768369489696,
  "I_POIMV_MV0101": 0.5181190340111632,
  "P_POIMV_MV0201": -0.5215492830387611,
  "Q_POIMV_MV0201": 0.058606952378008,
  "I_POIMV_MV0201": 0.5256850832871339,
  "P_POI_POIMV": -1.0354029022383078,
  "Q_POI_POIMV": 0.13165014030410832,
  "U_POI": 1.0,
  "I_POI_POIMV": 1.0437389182193035
}