{
  "P_LV0101": 0.3467439481759291,
  "Q_LV0101": -0.00785543811796795,
  "U_LV0101": 1.005488719591711,
  "I_LV0101_MV0101": 0.34493964181165365,
  "P_LV0102": 0.17050204918032788,
  "Q_LV0102": -0.00793032786885246,
  "U_LV0102": 1.0058027720204206,
  "I_LV0102_MV0102": 0.33912841421340684,
  "P_LV0103": 0.3367022375215146,
  "Q_LV0103": -0.008055077452667814,
  "U_LV0103": 1.0059159314171993,
  "I_LV0103_MV0103": 0.33481781717549275,
  "P_LV0201": 0.33918864097363083,
  "Q_LV0201": -0.007849898580121703,
  "U_LV0201": 1.0059961476209847,
  "I_LV0201_MV0201": 0.3372572205629143,
  "P_LV0202": 0.3408801213960546,
  "Q_LV0202": -0.007647951441578148,
  "U_LV0202": 1.0065041714201144,
  "I_LV0202_MV0202": 0.33876253542810597,
  "P_LV0203": 0.3372631578947368,
  "Q_LV0203": -0.007759398496240601,
  "U_LV0203": 1.0066339465497174,
  "I_LV0203_MV0203": 0.33512917720909374,
  "P_POIMV_MV0101": -1.0140800118748796,
  "Q_POIMV_MV0101": 0.07115222581624144,
  "U_POIMV": 0.9978173795201217,
  "I_POIMV_MV0101": 1.0187967673858995,
  "P_POIMV_MV0201": -1.0064010865384987,
  "Q_POIMV_MV0201": 0.07003007523948983,
  "I_POIMV_MV0201": 1.0110413732666155,
  "P_POI_POIMV": -2.020481099206749,
  "Q_POI_POIMV": 0.1942657791554877,
  "U_POI": 1.0,
  "I_POI_POIMV": 2.02979877455934
}