{
  "P_LV0101": 0.35251278554381177,
  "Q_LV0101": -0.00638254347084896,
  "U_LV0101": 1.0058009135821344,
  "I_LV0101_MV0101": 0.3505371260084108,
  "P_LV0102": 0.17760245901639346,
  "Q_LV0102": -0.006454918032786886,
  "U_LV0102": 1.0063143728090291,
  "I_LV0102_MV0102": 0.3530343732618049,
  "P_LV0103": 0.3572736660929432,
  "Q_LV0103": -0.006444061962134251,
  "U_LV0103": 1.0065930681782578,
  "I_LV0103_MV0103": 0.35499129470744556,
  "P_LV0201": 0.35379310344827586,
  "Q_LV0201": -0.006389452332657201,
  "U_LV0201": 1.0065250437739728,
  "I_LV0201_MV0201": 0.35155687118540074,
  "P_LV0202": 0.3556297420333839,
  "Q_LV0202": -0.006373292867981791,
  "U_LV0202": 1.0070318458026115,
  "I_LV0202_MV0202": 0.3532031756857666,
  "P_LV0203": 0.3553082706766917,
  "Q_LV0203": -0.00631578947368421,
  "U_LV0203": 1.0072663176715648,
  "I_LV0203_MV0203": 0.35280083666968304,
  "P_POIMV_MV0101": -1.0537877758659897,
  "Q_POIMV_MV0101": 0.07045140829554938,
  "U_POIMV": 0.997791500300599,
  "I_POIMV_MV0101": 1.0584778268664774,
  "P_POIMV_MV0201": -1.0527716499181634,
  "Q_POIMV_MV0201": 0.07039019080420165,
  "I_POIMV_MV0201": 1.0574576275027265,
  "P_POI_POIMV": -2.106559426889332,
  "Q_POI_POIMV": 0.19857277216640307,
  "U_POI": 1.0,
  "I_POI_POIMV": 2.1158978625780027
}