{
  "P_LV0101": 0.07646778042959426,
  "Q_LV0101": -0.013256051824070915,
  "U_LV0101": 0.9992181622456396,
  "I_LV0101_MV0101": 0.07766899959046755,
  "P_LV0102": 0.042418032786885246,
  "Q_LV0102": -0.013278688524590165,
  "U_LV0102": 0.9995451903245745,
  "I_LV0102_MV0102": 0.08590805102514729,
  "P_LV0103": 0.09393459552495696,
  "Q_LV0103": -0.013383820998278829,
  "U_LV0103": 0.9998256407235233,
  "I_LV0103_MV0103": 0.09489981653191354,
  "P_LV0201": 0.08123732251521298,
  "Q_LV0201": -0.012961460446247464,
  "U_LV0201": 0.9995333766360412,
  "I_LV0201_MV0201": 0.08230323322220431,
  "P_LV0202": 0.08285280728376328,
  "Q_LV0202": -0.013110773899848254,
  "U_LV0202": 0.9996565995354242,
  "I_LV0202_MV0202": 0.0839125450606078,
  "P_LV0203": 0.08174436090225563,
  "Q_LV0203": -0.012812030075187969,
  "U_LV0203": 0.9997197292961812,
  "I_LV0203_MV0203": 0.08276549943188924,
  "P_POIMV_MV0101": -0.2545634245600574,
  "Q_POIMV_MV0101": 0.041796702050742866,
  "U_POIMV": 0.9989165284169282,
  "I_POIMV_MV0101": 0.25825170884610593,
  "P_POIMV_MV0201": -0.2451716570698942,
  "Q_POIMV_MV0201": 0.04026077830414369,
  "I_POIMV_MV0201": 0.24872485796221183,
  "P_POI_POIMV": -0.4997350816304249,
  "Q_POI_POIMV": 0.08483827824651363,
  "U_POI": 1.0,
  "I_POI_POIMV": 0.5068852782119444
}