{
  "P_LV0101": 0.32759631776338216,
  "Q_LV0101": -0.012151380838731672,
  "U_LV0101": 1.0043014620921396,
  "I_LV0101_MV0101": 0.32641753051015304,
  "P_LV0102": 0.16118852459016395,
  "Q_LV0102": -0.012172131147540984,
  "U_LV0102": 1.0046023239343642,
  "I_LV0102_MV0102": 0.3211288227457676,
  "P_LV0103": 0.31464371772805505,
  "Q_LV0103": -0.012144578313253012,
  "U_LV0103": 1.004645569222188,
  "I_LV0103_MV0103": 0.31342198445815944,
  "P_LV0201": 0.32421906693711966,
  "Q_LV0201": -0.01204868154158215,
  "U_LV0201": 1.0048765713640084,
  "I_LV0201_MV0201": 0.3228683765868485,
  "P_LV0202": 0.32285280728376325,
  "Q_LV0202": -0.012018209408194234,
  "U_LV0202": 1.0052717916320777,
  "I_LV0202_MV0202": 0.3213821592961807,
  "P_LV0203": 0.3224661654135338,
  "Q_LV0203": -0.011729323308270676,
  "U_LV0203": 1.0055135356219933,
  "I_LV0203_MV0203": 0.3209100659723825,
  "P_POIMV_MV0101": -0.9553932065286329,
  "Q_POIMV_MV0101": 0.07841804938847376,
  "U_POIMV": 0.9976499163845969,
  "I_POIMV_MV0101": 0.9608641665874187,
  "P_POIMV_MV0201": -0.9595794570667181,
  "Q_POIMV_MV0201": 0.07827300345092812,
  "I_POIMV_MV0201": 0.9650344448598807,
  "P_POI_POIMV": -1.914972664120183,
  "Q_POI_POIMV": 0.20442088033640277,
  "U_POI": 1.0,
  "I_POI_POIMV": 1.925852590580354
}