{
  "P_LV0101": 0.11946812137742924,
  "Q_LV0101": -0.013706102966246162,
  "U_LV0101": 1.0001799439305972,
  "I_LV0101_MV0101": 0.12023013987249198,
  "P_LV0102": 0.055020491803278684,
  "Q_LV0102": -0.01367827868852459,
  "U_LV0102": 1.0000745157153217,
  "I_LV0102_MV0102": 0.11087957917676028,
  "P_LV0103": 0.09841652323580034,
  "Q_LV0103": -0.013734939759036145,
  "U_LV0103": 0.9998293912061444,
  "I_LV0103_MV0103": 0.09938727694273626,
  "P_LV0201": 0.11394523326572006,
  "Q_LV0201": -0.013539553752535495,
  "U_LV0201": 1.000278909551199,
  "I_LV0201_MV0201": 0.11471483800689591,
  "P_LV0202": 0.11138088012139606,
  "Q_LV0202": -0.013505311077389984,
  "U_LV0202": 1.000359107306224,
  "I_LV0202_MV0202": 0.11215639883047608,
  "P_LV0203": 0.11142857142857143,
  "Q_LV0203": -0.01338345864661654,
  "U_LV0203": 1.0004476949523808,
  "I_LV0203_MV0203": 0.11217920142357288,
  "P_POIMV_MV0101": -0.32683250366708433,
  "Q_POIMV_MV0101": 0.04498693982948113,
  "U_POIMV": 0.9988059939707791,
  "I_POIMV_MV0101": 0.3303084855184855,
  "P_POIMV_MV0201": -0.3355262827763417,
  "Q_POIMV_MV0201": 0.04430807578403258,
  "I_POIMV_MV0201": 0.3388437813949633,
  "P_POI_POIMV": -0.6623587864430909,
  "Q_POI_POIMV": 0.09455937534391494,
  "U_POI": 1.0,
  "I_POI_POIMV": 0.6690744633026996
}