{
  "P_LV0101": 0.29376065461984313,
  "Q_LV0101": -0.005318786225707466,
  "U_LV0101": 1.0052557711789465,
  "I_LV0101_MV0101": 0.29227268292813985,
  "P_LV0102": 0.14800204918032786,
  "Q_LV0102": -0.005379098360655738,
  "U_LV0102": 1.0056892115710483,
  "I_LV0102_MV0102": 0.2943781900567707,
  "P_LV0103": 0.29772805507745265,
  "Q_LV0103": -0.005370051635111876,
  "U_LV0103": 1.0059249361249332,
  "I_LV0103_MV0103": 0.2960225655673023,
  "P_LV0201": 0.29482758620689653,
  "Q_LV0201": -0.005324543610547667,
  "U_LV0201": 1.0058650027288474,
  "I_LV0201_MV0201": 0.29315630006493537,
  "P_LV0202": 0.2963581183611533,
  "Q_LV0202": -0.005311077389984826,
  "U_LV0202": 1.0062920936620061,
  "I_LV0202_MV0202": 0.2945523538805463,
  "P_LV0203": 0.2960902255639098,
  "Q_LV0203": -0.005263157894736842,
  "U_LV0203": 1.0064886547986138,
  "I_LV0203_MV0203": 0.2942278566038867,
  "P_POIMV_MV0101": -0.8797030235299987,
  "Q_POIMV_MV0101": 0.05125784618868232,
  "U_POIMV": 0.9984092741340845,
  "I_POIMV_MV0101": 0.8825990573415063,
  "P_POIMV_MV0201": -0.8789587452545334,
  "Q_POIMV_MV0201": 0.05110892555584225,
  "I_POIMV_MV0201": 0.8818461854907175,
  "P_POI_POIMV": -1.758661769042234,
  "Q_POI_POIMV": 0.14233849198345946,
  "U_POI": 1.0,
  "I_POI_POIMV": 1.7644124983095322
}