{
  "P_LV0101": 0.10445277872485509,
  "Q_LV0101": -0.013256051824070915,
  "U_LV0101": 0.9999180212415668,
  "I_LV0101_MV0101": 0.10529921066768255,
  "P_LV0102": 0.046567622950819676,
  "Q_LV0102": -0.013278688524590165,
  "U_LV0102": 0.9997306514276301,
  "I_LV0102_MV0102": 0.09410242963305551,
  "P_LV0103": 0.08104647160068847,
  "Q_LV0103": -0.013631669535283992,
  "U_LV0103": 0.9994163120923604,
  "I_LV0103_MV0103": 0.08223286903896039,
  "P_LV0201": 0.09766734279918864,
  "Q_LV0201": -0.013144016227180528,
  "U_LV0201": 0.9999417685101322,
  "I_LV0201_MV0201": 0.09855357000863112,
  "P_LV0202": 0.09450682852807284,
  "Q_LV0202": -0.013110773899848254,
  "U_LV0202": 0.9999831466737423,
  "I_LV0202_MV0202": 0.09541352045018715,
  "P_LV0203": 0.09473684210526315,
  "Q_LV0203": -0.012992481203007517,
  "U_LV0203": 1.0000648401753993,
  "I_LV0203_MV0203": 0.09561740508109687,
  "P_POIMV_MV0101": -0.277838725976148,
  "Q_POIMV_MV0101": 0.042641152643997884,
  "U_POIMV": 0.9988814810052856,
  "I_POIMV_MV0101": 0.2814066040327029,
  "P_POIMV_MV0201": -0.2860150365854265,
  "Q_POIMV_MV0201": 0.04165745352971335,
  "I_POIMV_MV0201": 0.28935642490211844,
  "P_POI_POIMV": -0.563853762561273,
  "Q_POI_POIMV": 0.08797446826381891,
  "U_POI": 1.0,
  "I_POI_POIMV": 0.5706755405839697
}