{
  "P_LV0101": 0.15980906921241048,
  "Q_LV0101": -0.01718377088305489,
  "U_LV0101": 1.0003256297212904,
  "I_LV0101_MV0101": 0.16067795125215273,
  "P_LV0102": 0.07423155737704919,
  "Q_LV0102": -0.017151639344262296,
  "U_LV0102": 1.0002279220056793,
  "I_LV0102_MV0102": 0.14941652238588862,
  "P_LV0103": 0.13458175559380378,
  "Q_LV0103": -0.017349397590361446,
  "U_LV0103": 0.9999383027391197,
  "I_LV0103_MV0103": 0.13570380554715214,
  "P_LV0201": 0.15279918864097364,
  "Q_LV0201": -0.016977687626774846,
  "U_LV0201": 1.0004723406829192,
  "I_LV0201_MV0201": 0.1536669170788518,
  "P_LV0202": 0.15022761760242792,
  "Q_LV0202": -0.01693474962063733,
  "U_LV0202": 1.0006048892784283,
  "I_LV0202_MV0202": 0.15108771712130217,
  "P_LV0203": 0.15049624060150374,
  "Q_LV0203": -0.016781954887218044,
  "U_LV0203": 1.000727967784557,
  "I_LV0203_MV0203": 0.15131887908363426,
  "P_POIMV_MV0101": -0.44086642710879015,
  "Q_POIMV_MV0101": 0.059752990832505154,
  "U_POIMV": 0.9983912621428941,
  "I_POIMV_MV0101": 0.4456141976903604,
  "P_POIMV_MV0201": -0.45129999694528056,
  "Q_POIMV_MV0201": 0.058972838440056304,
  "I_POIMV_MV0201": 0.4558701494237855,
  "P_POI_POIMV": -0.8921664240557434,
  "Q_POI_POIMV": 0.12874163037718528,
  "U_POI": 1.0,
  "I_POI_POIMV": 0.9014074193196928
}