{
  "P_LV0101": 0.36,
  "Q_LV0101": -0.005032390044323218,
  "U_LV0101": 1.006212880391947,
  "I_LV0101_MV0101": 0.3578121279793873,
  "P_LV0102": 0.1795389344262295,
  "Q_LV0102": -0.004979508196721312,
  "U_LV0102": 1.0066743257572854,
  "I_LV0102_MV0102": 0.3567314520427655,
  "P_LV0103": 0.3598760757314974,
  "Q_LV0103": -0.0050808950086058515,
  "U_LV0103": 1.0069134387123597,
  "I_LV0103_MV0103": 0.357440796251339,
  "P_LV0201": 0.36,
  "Q_LV0201": -0.004929006085192697,
  "U_LV0201": 1.0069373972418618,
  "I_LV0201_MV0201": 0.35755325281123185,
  "P_LV0202": 0.3596358118361153,
  "Q_LV0202": -0.004916540212443096,
  "U_LV0202": 1.0074049790040118,
  "I_LV0202_MV0202": 0.3570256497274771,
  "P_LV0203": 0.36,
  "Q_LV0203": -0.004872180451127819,
  "U_LV0203": 1.0076553435303242,
  "I_LV0203_MV0203": 0.3572977314404973,
  "P_POIMV_MV0101": -1.0674685553392576,
  "Q_POIMV_MV0101": 0.06759674546524436,
  "U_POIMV": 0.9978568308886738,
  "I_POIMV_MV0101": 1.0719039452248147,
  "P_POIMV_MV0201": -1.067351764013844,
  "Q_POIMV_MV0201": 0.06746892091649884,
  "I_POIMV_MV0201": 1.071779048215332,
  "P_POI_POIMV": -2.134820320577397,
  "Q_POI_POIMV": 0.19433583420778427,
  "U_POI": 1.0,
  "I_POI_POIMV": 2.1436474098152
}