{
  "P_LV0101": 0.251926355267644,
  "Q_LV0101": -0.010739856801909307,
  "U_LV0101": 1.0034160919263606,
  "I_LV0101_MV0101": 0.25129672372997963,
  "P_LV0102": 0.12786885245901639,
  "Q_LV0102": -0.010758196721311475,
  "U_LV0102": 1.003838234112148,
  "I_LV0102_MV0102": 0.2549851962094992,
  "P_LV0103": 0.2610671256454389,
  "Q_LV0103": -0.010843373493975903,
  "U_LV0103": 1.0041175195737801,
  "I_LV0103_MV0103": 0.2602207533011959,
  "P_LV0201": 0.25375253549695737,
  "Q_LV0201": -0.010649087221095335,
  "U_LV0201": 1.0039683068690692,
  "I_LV0201_MV0201": 0.25297201867647934,
  "P_LV0202": 0.2549317147192716,
  "Q_LV0202": -0.010622154779969651,
  "U_LV0202": 1.0043324430495997,
  "I_LV0202_MV0202": 0.2540522467639684,
  "P_LV0203": 0.25473684210526315,
  "Q_LV0203": -0.010526315789473684,
  "U_LV0203": 1.0045080603106527,
  "I_LV0203_MV0203": 0.25381004422975945,
  "P_POIMV_MV0101": -0.7628530628041645,
  "Q_POIMV_MV0101": 0.058572863105074445,
  "U_POIMV": 0.9982954750416204,
  "I_POIMV_MV0101": 0.7664047652254856,
  "P_POIMV_MV0201": -0.757231359369644,
  "Q_POIMV_MV0201": 0.057604992047211305,
  "I_POIMV_MV0201": 0.7607159550580188,
  "P_POI_POIMV": -1.5200844222556873,
  "Q_POI_POIMV": 0.1459780210708979,
  "U_POI": 1.0,
  "I_POI_POIMV": 1.5270776775986814
}