{
  "P_LV0101": 0.011414933515172178,
  "Q_LV0101": -0.0036822366177974766,
  "U_LV0101": 0.9995743156626616,
  "I_LV0101_MV0101": 0.011999255312323048,
  "P_LV0102": 0.006731557377049181,
  "Q_LV0102": -0.0036885245901639345,
  "U_LV0102": 0.9996468490571964,
  "I_LV0102_MV0102": 0.013964181830104706,
  "P_LV0103": 0.015242685025817555,
  "Q_LV0103": -0.003469879518072289,
  "U_LV0103": 0.9997352809881962,
  "I_LV0103_MV0103": 0.015636781765740643,
  "P_LV0201": 0.012596348884381338,
  "Q_LV0201": -0.0036511156186612576,
  "U_LV0201": 0.9996328975570631,
  "I_LV0201_MV0201": 0.013119641792504992,
  "P_LV0202": 0.012928679817905917,
  "Q_LV0202": -0.0036418816388467373,
  "U_LV0202": 0.9996582286361,
  "I_LV0202_MV0202": 0.013436422371666312,
  "P_LV0203": 0.012812030075187969,
  "Q_LV0203": -0.003609022556390977,
  "U_LV0203": 0.9996669345207533,
  "I_LV0203_MV0203": 0.013315075535659103,
  "P_POIMV_MV0101": -0.0401031601786654,
  "Q_POIMV_MV0101": 0.00964986862036687,
  "U_POIMV": 0.9997584597917973,
  "I_POIMV_MV0101": 0.041257794701098215,
  "P_POIMV_MV0201": -0.03832009559956988,
  "Q_POIMV_MV0201": 0.009421520467469522,
  "I_POIMV_MV0201": 0.03947084110600053,
  "P_POI_POIMV": -0.0784232560082316,
  "Q_POI_POIMV": 0.018590338084813862,
  "U_POI": 1.0,
  "I_POI_POIMV": 0.08059657407756435
}