{
  "P_LV0101": 0.29836345039208995,
  "Q_LV0101": -0.004602795772246845,
  "U_LV0101": 1.0055007833458098,
  "I_LV0101_MV0101": 0.29676650329443643,
  "P_LV0102": 0.14900102459016393,
  "Q_LV0102": -0.004610655737704918,
  "U_LV0102": 1.0058858021674637,
  "I_LV0102_MV0102": 0.29629378824488617,
  "P_LV0103": 0.296592082616179,
  "Q_LV0103": -0.004647160068846815,
  "U_LV0103": 1.0060464904763031,
  "I_LV0103_MV0103": 0.29484570573549557,
  "P_LV0201": 0.2977180527383367,
  "Q_LV0201": -0.004563894523326572,
  "U_LV0201": 1.0060837490309624,
  "I_LV0201_MV0201": 0.2959525311033219,
  "P_LV0202": 0.2977238239757208,
  "Q_LV0202": -0.004552352048558422,
  "U_LV0202": 1.0064798874197045,
  "I_LV0202_MV0202": 0.29584160560096273,
  "P_LV0203": 0.29774436090225564,
  "Q_LV0203": -0.004511278195488722,
  "U_LV0203": 1.0066831774449878,
  "I_LV0203_MV0203": 0.2958016404850381,
  "P_POIMV_MV0101": -0.885078797606692,
  "Q_POIMV_MV0101": 0.04948089241905689,
  "U_POIMV": 0.9984526315487368,
  "I_POIMV_MV0101": 0.8878346562680611,
  "P_POIMV_MV0201": -0.8847628742086805,
  "Q_POIMV_MV0201": 0.0493101132104224,
  "I_POIMV_MV0201": 0.8875092023711016,
  "P_POI_POIMV": -1.7698416720855126,
  "Q_POI_POIMV": 0.13926505756960517,
  "U_POI": 1.0,
  "I_POI_POIMV": 1.7753124515167202
}