{
  "P_LV0101": 0.09672008182748039,
  "Q_LV0101": -0.01276508694169792,
  "U_LV0101": 0.9998393702708374,
  "I_LV0101_MV0101": 0.0975744847198104,
  "P_LV0102": 0.04306352459016394,
  "Q_LV0102": -0.012909836065573771,
  "U_LV0102": 0.9996432612033869,
  "I_LV0102_MV0102": 0.08712030049753283,
  "P_LV0103": 0.07447848537005163,
  "Q_LV0103": -0.013135972461273666,
  "U_LV0103": 0.9993521904719376,
  "I_LV0103_MV0103": 0.0756770518944724,
  "P_LV0201": 0.09091277890466531,
  "Q_LV0201": -0.012413793103448275,
  "U_LV0201": 0.999908399838975,
  "I_LV0201_MV0201": 0.09176479851236448,
  "P_LV0202": 0.08813353566009104,
  "Q_LV0202": -0.012746585735963581,
  "U_LV0202": 0.999899701731318,
  "I_LV0202_MV0202": 0.08905945499987956,
  "P_LV0203": 0.08769924812030075,
  "Q_LV0203": -0.012270676691729323,
  "U_LV0203": 1.0000094572162264,
  "I_LV0203_MV0203": 0.0885526922663303,
  "P_POIMV_MV0101": -0.2566452180256039,
  "Q_POIMV_MV0101": 0.04074297026426526,
  "U_POIMV": 0.9989407324538927,
  "I_POIMV_MV0101": 0.26013466319027684,
  "P_POIMV_MV0201": -0.26597033563030353,
  "Q_POIMV_MV0201": 0.03930723426636172,
  "I_POIMV_MV0201": 0.26914431197033645,
  "P_POI_POIMV": -0.5226155536557027,
  "Q_POI_POIMV": 0.08313182443119657,
  "U_POI": 1.0,
  "I_POI_POIMV": 0.5291860893448693
}