{
  "P_LV0101": 0.08704398227071257,
  "Q_LV0101": -0.01104670985339243,
  "U_LV0101": 0.9999725182089972,
  "I_LV0101_MV0101": 0.08774456001860151,
  "P_LV0102": 0.03880635245901639,
  "Q_LV0102": -0.011065573770491803,
  "U_LV0102": 0.9998135318261561,
  "I_LV0102_MV0102": 0.07841219077633706,
  "P_LV0103": 0.06753872633390705,
  "Q_LV0103": -0.01135972461273666,
  "U_LV0103": 0.9995487984718143,
  "I_LV0103_MV0103": 0.0685183078216088,
  "P_LV0201": 0.0813894523326572,
  "Q_LV0201": -0.010953346855983771,
  "U_LV0201": 0.9999908729902414,
  "I_LV0201_MV0201": 0.08212394211887056,
  "P_LV0202": 0.0787556904400607,
  "Q_LV0202": -0.010925644916540212,
  "U_LV0202": 1.0000247881039255,
  "I_LV0202_MV0202": 0.07950795616101869,
  "P_LV0203": 0.07894736842105263,
  "Q_LV0203": -0.010827067669172932,
  "U_LV0203": 1.0000930467836242,
  "I_LV0203_MV0203": 0.07967892357445099,
  "P_POIMV_MV0101": -0.23164289884061914,
  "Q_POIMV_MV0101": 0.03480134711516556,
  "U_POIMV": 0.9990931759786756,
  "I_POIMV_MV0101": 0.23445514699491865,
  "P_POIMV_MV0201": -0.2384703761519896,
  "Q_POIMV_MV0201": 0.033904298484209006,
  "I_POIMV_MV0201": 0.24108709755196367,
  "P_POI_POIMV": -0.4701132749921942,
  "Q_POI_POIMV": 0.07108424866049043,
  "U_POI": 1.0,
  "I_POI_POIMV": 0.47545710819327625
}