{
  "P_LV0101": 0.008387316740538697,
  "Q_LV0101": -0.002659393112853733,
  "U_LV0101": 0.9997098998509636,
  "I_LV0101_MV0101": 0.008801385795356222,
  "P_LV0102": 0.004764344262295082,
  "Q_LV0102": -0.002612704918032787,
  "U_LV0102": 0.9997598394066035,
  "I_LV0102_MV0102": 0.00988276472275463,
  "P_LV0103": 0.0106368330464716,
  "Q_LV0103": -0.002685025817555938,
  "U_LV0103": 0.9997866260944841,
  "I_LV0103_MV0103": 0.010972828111395267,
  "P_LV0201": 0.008975659229208925,
  "Q_LV0201": -0.002586206896551724,
  "U_LV0201": 0.999751899294079,
  "I_LV0201_MV0201": 0.009343138369760962,
  "P_LV0202": 0.009104704097116844,
  "Q_LV0202": -0.0025796661608497723,
  "U_LV0202": 0.9997669714612336,
  "I_LV0202_MV0202": 0.009465308452015982,
  "P_LV0203": 0.009022556390977444,
  "Q_LV0203": -0.002556390977443609,
  "U_LV0203": 0.9997731493386879,
  "I_LV0203_MV0203": 0.009379849212102111,
  "P_POIMV_MV0101": -0.028543948757769718,
  "Q_POIMV_MV0101": 0.006725709346939839,
  "U_POIMV": 0.9998387225152118,
  "I_POIMV_MV0101": 0.02933035353992311,
  "P_POIMV_MV0201": -0.027094451715110657,
  "Q_POIMV_MV0201": 0.006203969604694586,
  "I_POIMV_MV0201": 0.027800140618365346,
  "P_POI_POIMV": -0.0556384005301993,
  "Q_POI_POIMV": 0.012406267936921076,
  "U_POI": 1.0,
  "I_POI_POIMV": 0.05700479890045713
}