{
  "P_LV0101": 0.2184793726559836,
  "Q_LV0101": -0.014524377770201158,
  "U_LV0101": 1.0020628683924417,
  "I_LV0101_MV0101": 0.21851086721642674,
  "P_LV0102": 0.10581454918032786,
  "Q_LV0102": -0.014446721311475409,
  "U_LV0102": 1.0021803364033561,
  "I_LV0102_MV0102": 0.2116601329092168,
  "P_LV0103": 0.20199655765920824,
  "Q_LV0103": -0.014664371772805506,
  "U_LV0103": 1.0020529811918462,
  "I_LV0103_MV0103": 0.20211321922226463,
  "P_LV0201": 0.21435091277890464,
  "Q_LV0201": -0.01430020283975659,
  "U_LV0201": 1.0024138326369536,
  "I_LV0201_MV0201": 0.21431008624574516,
  "P_LV0202": 0.21229135053110773,
  "Q_LV0202": -0.014264036418816389,
  "U_LV0202": 1.0026456260630356,
  "I_LV0202_MV0202": 0.21220859267879075,
  "P_LV0203": 0.21278195488721804,
  "Q_LV0203": -0.014135338345864662,
  "U_LV0203": 1.002812726093992,
  "I_LV0203_MV0203": 0.212652816905799,
  "P_POIMV_MV0101": -0.6281124833334867,
  "Q_POIMV_MV0101": 0.06108718140972312,
  "U_POIMV": 0.9982863108559838,
  "I_POIMV_MV0101": 0.6321593386004558,
  "P_POIMV_MV0201": -0.635057036826101,
  "Q_POIMV_MV0201": 0.06045602994474846,
  "I_POIMV_MV0201": 0.6390232740986151,
  "P_POI_POIMV": -1.2631695201788558,
  "Q_POI_POIMV": 0.14201786773351885,
  "U_POI": 1.0,
  "I_POI_POIMV": 1.2711279681701821
}