{
  "P_LV0101": 0.20338220252301395,
  "Q_LV0101": -0.019147630412546877,
  "U_LV0101": 1.000785911669095,
  "I_LV0101_MV0101": 0.20412112975968824,
  "P_LV0102": 0.09700819672131147,
  "Q_LV0102": -0.018995901639344264,
  "U_LV0102": 1.0008212361092694,
  "I_LV0102_MV0102": 0.19478414412369582,
  "P_LV0103": 0.18006196213425127,
  "Q_LV0103": -0.01920826161790017,
  "U_LV0103": 1.0005701273313792,
  "I_LV0103_MV0103": 0.18098041075733878,
  "P_LV0201": 0.19825557809330627,
  "Q_LV0201": -0.018803245436105474,
  "U_LV0201": 1.0010898102464485,
  "I_LV0201_MV0201": 0.19892846999227642,
  "P_LV0202": 0.19429438543247343,
  "Q_LV0202": -0.018755690440060698,
  "U_LV0202": 1.001249796520901,
  "I_LV0202_MV0202": 0.19495389885415773,
  "P_LV0203": 0.19542857142857142,
  "Q_LV0203": -0.018586466165413533,
  "U_LV0203": 1.0014246733284276,
  "I_LV0203_MV0203": 0.1960311453981338,
  "P_POIMV_MV0101": -0.5741010882235907,
  "Q_POIMV_MV0101": 0.0718495414583711,
  "U_POIMV": 0.9980289144412391,
  "I_POIMV_MV0101": 0.5797223363984152,
  "P_POIMV_MV0201": -0.5842591219225707,
  "Q_POIMV_MV0201": 0.07104170535940312,
  "I_POIMV_MV0201": 0.5897247527117586,
  "P_POI_POIMV": -1.1583602101558876,
  "Q_POI_POIMV": 0.16013279000769912,
  "U_POI": 1.0,
  "I_POI_POIMV": 1.16937628114651
}