{
  "P_LV0101": 0.13184452778724853,
  "Q_LV0101": -0.015342652574156151,
  "U_LV0101": 1.000068529331269,
  "I_LV0101_MV0101": 0.13272513700323266,
  "P_LV0102": 0.06969774590163934,
  "Q_LV0102": -0.015368852459016393,
  "U_LV0102": 1.0004365948881417,
  "I_LV0102_MV0102": 0.14017896672342992,
  "P_LV0103": 0.14777969018932874,
  "Q_LV0103": -0.015490533562822718,
  "U_LV0103": 1.0007223483634753,
  "I_LV0103_MV0103": 0.14848208925624518,
  "P_LV0201": 0.13600405679513183,
  "Q_LV0201": -0.015212981744421905,
  "U_LV0201": 1.0004487790090208,
  "I_LV0201_MV0201": 0.13679086094381393,
  "P_LV0202": 0.13732928679817905,
  "Q_LV0202": -0.015022761760242791,
  "U_LV0202": 1.0006825812102036,
  "I_LV0202_MV0202": 0.13805429688384027,
  "P_LV0203": 0.13699248120300753,
  "Q_LV0203": -0.015037593984962405,
  "U_LV0203": 1.0007589835760287,
  "I_LV0203_MV0203": 0.13771082409882612,
  "P_POIMV_MV0101": -0.41723686899063533,
  "Q_POIMV_MV0101": 0.05326115663850524,
  "U_POIMV": 0.9985799177070358,
  "I_POIMV_MV0101": 0.4212207491325959,
  "P_POIMV_MV0201": -0.40850584969954307,
  "Q_POIMV_MV0201": 0.05176500916003163,
  "I_POIMV_MV0201": 0.4123581476561201,
  "P_POI_POIMV": -0.825742718690643,
  "Q_POI_POIMV": 0.11350789620841599,
  "U_POI": 1.0,
  "I_POI_POIMV": 0.8335076964085424
}