{
  "P_LV0101": 0.35852710535288096,
  "Q_LV0101": -0.007241732015001704,
  "U_LV0101": 1.0057209981321253,
  "I_LV0101_MV0101": 0.3565603531594669,
  "P_LV0102": 0.17880122950819674,
  "Q_LV0102": -0.007192622950819672,
  "U_LV0102": 1.0061763456448038,
  "I_LV0102_MV0102": 0.3554792235301001,
  "P_LV0103": 0.3556626506024096,
  "Q_LV0103": -0.007311531841652323,
  "U_LV0103": 1.006352949608263,
  "I_LV0103_MV0103": 0.3534920787977022,
  "P_LV0201": 0.35817444219066935,
  "Q_LV0201": -0.006937119675456389,
  "U_LV0201": 1.0064614634209395,
  "I_LV0201_MV0201": 0.3559417107131479,
  "P_LV0202": 0.3585432473444613,
  "Q_LV0202": -0.007101669195751138,
  "U_LV0202": 1.0069160527887173,
  "I_LV0202_MV0202": 0.3561504169251738,
  "P_LV0203": 0.358375939849624,
  "Q_LV0203": -0.007037593984962406,
  "U_LV0203": 1.0071562691934894,
  "I_LV0203_MV0203": 0.35589813076518767,
  "P_POIMV_MV0101": -1.060446354687729,
  "Q_POIMV_MV0101": 0.07360420135622904,
  "U_POIMV": 0.9977043387119519,
  "I_POIMV_MV0101": 1.06544356906238,
  "P_POIMV_MV0201": -1.0628982672912708,
  "Q_POIMV_MV0201": 0.07343514911027078,
  "I_POIMV_MV0201": 1.0678835463685434,
  "P_POI_POIMV": -2.1233446231596855,
  "Q_POI_POIMV": 0.20573279139502176,
  "U_POI": 1.0,
  "I_POI_POIMV": 2.133288159193768
}