{
  "P_LV0101": 0.24384589157858844,
  "Q_LV0101": -0.011455847255369926,
  "U_LV0101": 1.003112832973705,
  "I_LV0101_MV0101": 0.24335730968923255,
  "P_LV0102": 0.12456454918032786,
  "Q_LV0102": -0.011526639344262294,
  "U_LV0102": 1.0035527182872306,
  "I_LV0102_MV0102": 0.2485127158930293,
  "P_LV0103": 0.2546643717728055,
  "Q_LV0103": -0.011566265060240962,
  "U_LV0103": 1.0038392132135232,
  "I_LV0103_MV0103": 0.25395191737739453,
  "P_LV0201": 0.2475152129817444,
  "Q_LV0201": -0.011409736308316428,
  "U_LV0201": 1.0036887281841103,
  "I_LV0201_MV0201": 0.24686742454744418,
  "P_LV0202": 0.24855842185128985,
  "Q_LV0202": -0.011380880121396054,
  "U_LV0202": 1.0040413580193728,
  "I_LV0202_MV0202": 0.24781731821826508,
  "P_LV0203": 0.24857142857142858,
  "Q_LV0203": -0.011278195488721804,
  "U_LV0203": 1.0042182928153252,
  "I_LV0203_MV0203": 0.24778193769774964,
  "P_POIMV_MV0101": -0.7420725790796117,
  "Q_POIMV_MV0101": 0.05931948203687521,
  "U_POIMV": 0.9982831341290183,
  "I_POIMV_MV0101": 0.745720032595417,
  "P_POIMV_MV0201": -0.7387505650664324,
  "Q_POIMV_MV0201": 0.058571232432320555,
  "I_POIMV_MV0201": 0.7423433176172887,
  "P_POI_POIMV": -1.480823144212884,
  "Q_POI_POIMV": 0.14615746927170553,
  "U_POI": 1.0,
  "I_POI_POIMV": 1.488018544998832
}