{
  "P_LV0101": 0.009512444595976815,
  "Q_LV0101": -0.0030685305148312305,
  "U_LV0101": 0.9996532643571805,
  "I_LV0101_MV0101": 0.009998589736420605,
  "P_LV0102": 0.005609631147540983,
  "Q_LV0102": -0.0030737704918032786,
  "U_LV0102": 0.9997138476175053,
  "I_LV0102_MV0102": 0.011636038341532864,
  "P_LV0103": 0.01270223752151463,
  "Q_LV0103": -0.0028915662650602406,
  "U_LV0103": 0.9997876306477849,
  "I_LV0103_MV0103": 0.013029969198615078,
  "P_LV0201": 0.010496957403651115,
  "Q_LV0201": -0.003042596348884381,
  "U_LV0201": 0.9997022579861191,
  "I_LV0201_MV0201": 0.010932276302709596,
  "P_LV0202": 0.010773899848254932,
  "Q_LV0202": -0.0030349013657056147,
  "U_LV0202": 0.9997234485957485,
  "I_LV0202_MV0202": 0.011196288192839965,
  "P_LV0203": 0.010676691729323309,
  "Q_LV0203": -0.0030075187969924814,
  "U_LV0203": 0.9997307228693795,
  "I_LV0203_MV0203": 0.011095188320296488,
  "P_POIMV_MV0101": -0.033421744791084465,
  "Q_POIMV_MV0101": 0.007817930079639046,
  "U_POIMV": 0.9998064536334473,
  "I_POIMV_MV0101": 0.034330587451839874,
  "P_POIMV_MV0201": -0.03193577594500145,
  "Q_POIMV_MV0201": 0.007581424867344988,
  "I_POIMV_MV0201": 0.03282969619301303,
  "P_POI_POIMV": -0.06535752084540496,
  "Q_POI_POIMV": 0.014892176271677845,
  "U_POI": 1.0,
  "I_POI_POIMV": 0.06703269683642654
}