{
  "P_LV0101": 0.27837708830548924,
  "Q_LV0101": -0.014974428912376405,
  "U_LV0101": 1.0028985374072403,
  "I_LV0101_MV0101": 0.277973831231398,
  "P_LV0102": 0.14228483606557377,
  "Q_LV0102": -0.014938524590163935,
  "U_LV0102": 1.0034136633993955,
  "I_LV0102_MV0102": 0.28399204908246956,
  "P_LV0103": 0.29159380378657485,
  "Q_LV0103": -0.015118760757314973,
  "U_LV0103": 1.0037318394774102,
  "I_LV0103_MV0103": 0.29089989310748826,
  "P_LV0201": 0.28387423935091277,
  "Q_LV0201": -0.014787018255578092,
  "U_LV0201": 1.0035984647107854,
  "I_LV0201_MV0201": 0.28323987789026245,
  "P_LV0202": 0.28370257966616086,
  "Q_LV0202": -0.014749620637329286,
  "U_LV0202": 1.0039685536592755,
  "I_LV0202_MV0202": 0.28296278236004857,
  "P_LV0203": 0.2854736842105263,
  "Q_LV0203": -0.014616541353383458,
  "U_LV0203": 1.0042109855802137,
  "I_LV0203_MV0203": 0.28464897742029854,
  "P_POIMV_MV0101": -0.8472604316045778,
  "Q_POIMV_MV0101": 0.07781682890127582,
  "U_POIMV": 0.9977453263699725,
  "I_POIMV_MV0101": 0.8527491502898611,
  "P_POIMV_MV0201": -0.84530940386867,
  "Q_POIMV_MV0201": 0.07681962377870079,
  "I_POIMV_MV0201": 0.8507108904531195,
  "P_POI_POIMV": -1.6925698356711558,
  "Q_POI_POIMV": 0.1918543561787706,
  "U_POI": 1.0,
  "I_POI_POIMV": 1.703408565966678
}