{
  "P_LV0101": 0.21408114558472552,
  "Q_LV0101": -0.013501534265257414,
  "U_LV0101": 1.0021389566466434,
  "I_LV0101_MV0101": 0.21404863542743707,
  "P_LV0102": 0.11019467213114753,
  "Q_LV0102": -0.013524590163934426,
  "U_LV0102": 1.0025740329859374,
  "I_LV0102_MV0102": 0.2202370373578457,
  "P_LV0103": 0.22729776247848535,
  "Q_LV0103": -0.013734939759036145,
  "U_LV0103": 1.0028530421943673,
  "I_LV0103_MV0103": 0.22706454077802635,
  "P_LV0201": 0.2178498985801217,
  "Q_LV0201": -0.013387423935091276,
  "U_LV0201": 1.0026680914518904,
  "I_LV0201_MV0201": 0.21768006606540774,
  "P_LV0202": 0.2195751138088012,
  "Q_LV0202": -0.013353566009104704,
  "U_LV0202": 1.0029980981529487,
  "I_LV0202_MV0202": 0.21932323822547176,
  "P_LV0203": 0.2192481203007519,
  "Q_LV0203": -0.013233082706766918,
  "U_LV0203": 1.0031495395433814,
  "I_LV0203_MV0203": 0.21895749426497138,
  "P_POIMV_MV0101": -0.6573882645488935,
  "Q_POIMV_MV0101": 0.05997389609797291,
  "U_POIMV": 0.9983128832738231,
  "I_POIMV_MV0101": 0.6612339004246576,
  "P_POIMV_MV0201": -0.6520719237366752,
  "Q_POIMV_MV0201": 0.058759063858081106,
  "I_POIMV_MV0201": 0.6558204452722934,
  "P_POI_POIMV": -1.3094601883110348,
  "Q_POI_POIMV": 0.14075356600210295,
  "U_POI": 1.0,
  "I_POI_POIMV": 1.3170032464325514
}