{
  "P_LV0101": 0.3388885100579611,
  "Q_LV0101": -0.008346403000340947,
  "U_LV0101": 1.005210671416141,
  "I_LV0101_MV0101": 0.33723405942912243,
  "P_LV0102": 0.17105532786885247,
  "Q_LV0102": -0.008299180327868853,
  "U_LV0102": 1.0057350720767602,
  "I_LV0102_MV0102": 0.34025988992709844,
  "P_LV0103": 0.3455008605851979,
  "Q_LV0103": -0.008426850258175559,
  "U_LV0103": 1.0060143489621909,
  "I_LV0103_MV0103": 0.343537457707787,
  "P_LV0201": 0.3402839756592292,
  "Q_LV0201": -0.00821501014198783,
  "U_LV0201": 1.0059276120751197,
  "I_LV0201_MV0201": 0.3383773534823019,
  "P_LV0202": 0.34160849772382396,
  "Q_LV0202": -0.00819423368740516,
  "U_LV0202": 1.00640578253541,
  "I_LV0202_MV0202": 0.33953179523577115,
  "P_LV0203": 0.34177443609022556,
  "Q_LV0203": -0.0081203007518797,
  "U_LV0203": 1.0066432795626414,
  "I_LV0203_MV0203": 0.3396147330596431,
  "P_POIMV_MV0101": -1.0160751402849664,
  "Q_POIMV_MV0101": 0.07259227390385252,
  "U_POIMV": 0.9977710541754077,
  "I_POIMV_MV0101": 1.020940595120183,
  "P_POIMV_MV0201": -1.012595904535758,
  "Q_POIMV_MV0201": 0.0719143700319672,
  "I_POIMV_MV0201": 1.0174141260306357,
  "P_POI_POIMV": -2.0286710456421315,
  "Q_POI_POIMV": 0.19804126146225037,
  "U_POI": 1.0,
  "I_POI_POIMV": 2.038314635346638
}