{
  "P_LV0101": 0.2411864984657347,
  "Q_LV0101": -0.011353562904875552,
  "U_LV0101": 1.003088829478066,
  "I_LV0101_MV0101": 0.24071006587090968,
  "P_LV0102": 0.12318135245901639,
  "Q_LV0102": -0.011526639344262294,
  "U_LV0102": 1.0035083896442043,
  "I_LV0102_MV0102": 0.24576995078029204,
  "P_LV0103": 0.25135972461273665,
  "Q_LV0103": -0.011566265060240962,
  "U_LV0103": 1.0037808098083314,
  "I_LV0103_MV0103": 0.2506779279675915,
  "P_LV0201": 0.24340770791075048,
  "Q_LV0201": -0.011409736308316428,
  "U_LV0201": 1.0036082845515903,
  "I_LV0201_MV0201": 0.24279888939390876,
  "P_LV0202": 0.24430955993930198,
  "Q_LV0202": -0.011380880121396054,
  "U_LV0202": 1.0039523527792338,
  "I_LV0202_MV0202": 0.24361165968154636,
  "P_LV0203": 0.24451127819548873,
  "Q_LV0203": -0.011278195488721804,
  "U_LV0203": 1.0041309543419532,
  "I_LV0203_MV0203": 0.24376426692914063,
  "P_POIMV_MV0101": -0.733471111856839,
  "Q_POIMV_MV0101": 0.058614764027402795,
  "U_POIMV": 0.9983087448104109,
  "I_POIMV_MV0101": 0.7370560105265164,
  "P_POIMV_MV0201": -0.7265275932182206,
  "Q_POIMV_MV0201": 0.05771560259575582,
  "I_POIMV_MV0201": 0.7300511642770767,
  "P_POI_POIMV": -1.4599987051344256,
  "Q_POI_POIMV": 0.1437907488362581,
  "U_POI": 1.0,
  "I_POI_POIMV": 1.4670623703323222
}