{
  "P_LV0101": 0.23228775997272413,
  "Q_LV0101": -0.013603818615751788,
  "U_LV0101": 1.002504110699649,
  "I_LV0101_MV0101": 0.23210455397479174,
  "P_LV0102": 0.11288422131147541,
  "Q_LV0102": -0.01367827868852459,
  "U_LV0102": 1.0026297618598972,
  "I_LV0102_MV0102": 0.22558916951056646,
  "P_LV0103": 0.21666092943201376,
  "Q_LV0103": -0.013734939759036145,
  "U_LV0103": 1.0025499263876516,
  "I_LV0103_MV0103": 0.21654367686029802,
  "P_LV0201": 0.22849898580121702,
  "Q_LV0201": -0.013539553752535495,
  "U_LV0201": 1.002870684762379,
  "I_LV0201_MV0201": 0.22824455472433897,
  "P_LV0202": 0.2267071320182094,
  "Q_LV0202": -0.013505311077389984,
  "U_LV0202": 1.0031283363285224,
  "I_LV0202_MV0202": 0.2264007845931407,
  "P_LV0203": 0.2267669172932331,
  "Q_LV0203": -0.01338345864661654,
  "U_LV0203": 1.0032938574209396,
  "I_LV0203_MV0203": 0.22641572913419386,
  "P_POIMV_MV0101": -0.6701771961495048,
  "Q_POIMV_MV0101": 0.06103172108889447,
  "U_POIMV": 0.9982638639104706,
  "I_POIMV_MV0101": 0.6741208430617954,
  "P_POIMV_MV0201": -0.677014636210861,
  "Q_POIMV_MV0201": 0.06079859756315176,
  "I_POIMV_MV0201": 0.6809213037091162,
  "P_POI_POIMV": -1.347191832391867,
  "Q_POI_POIMV": 0.14517263864809885,
  "U_POI": 1.0,
  "I_POI_POIMV": 1.3549911174156857
}