{
  "P_LV0101": 0.23971360381861573,
  "Q_LV0101": -0.01718377088305489,
  "U_LV0101": 1.0017881956070065,
  "I_LV0101_MV0101": 0.23989973272787696,
  "P_LV0102": 0.12375,
  "Q_LV0102": -0.017151639344262296,
  "U_LV0102": 1.0022947141534684,
  "I_LV0102_MV0102": 0.24752558818714973,
  "P_LV0103": 0.2557796901893287,
  "Q_LV0103": -0.017349397590361446,
  "U_LV0103": 1.002619876351447,
  "I_LV0103_MV0103": 0.2556975191900526,
  "P_LV0201": 0.24462474645030424,
  "Q_LV0201": -0.016977687626774846,
  "U_LV0201": 1.0024008688430628,
  "I_LV0201_MV0201": 0.24462587516253917,
  "P_LV0202": 0.24564491654021242,
  "Q_LV0202": -0.01693474962063733,
  "U_LV0202": 1.0027463090866031,
  "I_LV0202_MV0202": 0.2455535989612315,
  "P_LV0203": 0.245593984962406,
  "Q_LV0203": -0.016781954887218044,
  "U_LV0203": 1.0029244176514993,
  "I_LV0203_MV0203": 0.24544889531592923,
  "P_POIMV_MV0101": -0.7374620942098414,
  "Q_POIMV_MV0101": 0.07627995088301218,
  "U_POIMV": 0.9978536011785931,
  "I_POIMV_MV0101": 0.7429913914631922,
  "P_POIMV_MV0201": -0.7300773421828113,
  "Q_POIMV_MV0201": 0.07472038692018433,
  "I_POIMV_MV0201": 0.7354696533759421,
  "P_POI_POIMV": -1.4675394364575958,
  "Q_POI_POIMV": 0.17889618003447139,
  "U_POI": 1.0,
  "I_POI_POIMV": 1.4784031387917178
}