{
  "P_LV0101": 0.29488578247528124,
  "Q_LV0101": -0.005421070576201841,
  "U_LV0101": 1.0052476945300188,
  "I_LV0101_MV0101": 0.2933959554143454,
  "P_LV0102": 0.14807889344262296,
  "Q_LV0102": -0.005532786885245901,
  "U_LV0102": 1.0056529195143527,
  "I_LV0102_MV0102": 0.29454442791875596,
  "P_LV0103": 0.2980378657487091,
  "Q_LV0103": -0.005576592082616179,
  "U_LV0103": 1.0058848330794627,
  "I_LV0103_MV0103": 0.29634608582860245,
  "P_LV0201": 0.29589249492900604,
  "Q_LV0201": -0.0054766734279918855,
  "U_LV0201": 1.0058513349729112,
  "I_LV0201_MV0201": 0.2942215854375216,
  "P_LV0202": 0.29742033383915023,
  "Q_LV0202": -0.005462822458270106,
  "U_LV0202": 1.0062798119368817,
  "I_LV0202_MV0202": 0.295614097488562,
  "P_LV0203": 0.2974436090225564,
  "Q_LV0203": -0.005413533834586466,
  "U_LV0203": 1.0064837176324783,
  "I_LV0203_MV0203": 0.2955764345517441,
  "P_POIMV_MV0101": -0.8812638043289447,
  "Q_POIMV_MV0101": 0.051853026599832784,
  "U_POIMV": 0.9983902723847532,
  "I_POIMV_MV0101": 0.8842113259339068,
  "P_POIMV_MV0201": -0.8823734139230263,
  "Q_POIMV_MV0201": 0.051853694183308575,
  "I_POIMV_MV0201": 0.8853208473194006,
  "P_POI_POIMV": -1.763637218516008,
  "Q_POI_POIMV": 0.14391251963169202,
  "U_POI": 1.0,
  "I_POI_POIMV": 1.7694990963099202
}