{
  "P_LV0101": 0.1694851687691783,
  "Q_LV0101": -0.015956358677122397,
  "U_LV0101": 1.000795369422075,
  "I_LV0101_MV0101": 0.1700993339724573,
  "P_LV0102": 0.08084016393442622,
  "Q_LV0102": -0.015829918032786886,
  "U_LV0102": 1.0008205258789076,
  "I_LV0102_MV0102": 0.16232023529336576,
  "P_LV0103": 0.15005163511187605,
  "Q_LV0103": -0.016006884681583476,
  "U_LV0103": 1.0006044769587925,
  "I_LV0103_MV0103": 0.1508118315861309,
  "P_LV0201": 0.1652129817444219,
  "Q_LV0201": -0.015669371196754562,
  "U_LV0201": 1.0010472549034837,
  "I_LV0201_MV0201": 0.16578077217113824,
  "P_LV0202": 0.16191198786039454,
  "Q_LV0202": -0.015629742033383916,
  "U_LV0202": 1.0011793697016085,
  "I_LV0202_MV0202": 0.16247301055289268,
  "P_LV0203": 0.16285714285714287,
  "Q_LV0203": -0.015488721804511277,
  "U_LV0203": 1.0013261596761946,
  "I_LV0203_MV0203": 0.16337535963797026,
  "P_POIMV_MV0101": -0.4788842439004448,
  "Q_POIMV_MV0101": 0.05747203586199381,
  "U_POIMV": 0.9984395537346005,
  "I_POIMV_MV0101": 0.4830744041630227,
  "P_POIMV_MV0201": -0.4873988527607972,
  "Q_POIMV_MV0201": 0.0566588326385836,
  "I_POIMV_MV0201": 0.49144789967033903,
  "P_POI_POIMV": -0.9662830966633169,
  "Q_POI_POIMV": 0.1259308110839597,
  "U_POI": 1.0,
  "I_POI_POIMV": 0.9744545100093246
}