{
  "P_LV0101": 0.09807023525400613,
  "Q_LV0101": -0.014728946471189906,
  "U_LV0101": 0.9994086123841461,
  "I_LV0101_MV0101": 0.09922880372484022,
  "P_LV0102": 0.05357581967213115,
  "Q_LV0102": -0.014938524590163935,
  "U_LV0102": 0.999753536944929,
  "I_LV0102_MV0102": 0.10821462463148045,
  "P_LV0103": 0.11698450946643717,
  "Q_LV0103": -0.01499483648881239,
  "U_LV0103": 1.000070258366077,
  "I_LV0103_MV0103": 0.11793331235771465,
  "P_LV0201": 0.10405679513184583,
  "Q_LV0201": -0.014787018255578092,
  "U_LV0201": 0.9997478687724699,
  "I_LV0201_MV0201": 0.10512870659691699,
  "P_LV0202": 0.10488619119878603,
  "Q_LV0202": -0.014749620637329286,
  "U_LV0202": 0.9999052229752454,
  "I_LV0202_MV0202": 0.10592823636198931,
  "P_LV0203": 0.10466165413533834,
  "Q_LV0203": -0.014436090225563908,
  "U_LV0203": 1.000008455982526,
  "I_LV0203_MV0203": 0.10565166241268062,
  "P_POIMV_MV0101": -0.32113908253051604,
  "Q_POIMV_MV0101": 0.04837304576109558,
  "U_POIMV": 0.9987277243260276,
  "I_POIMV_MV0101": 0.32517556707342166,
  "P_POIMV_MV0201": -0.31253220615507854,
  "Q_POIMV_MV0201": 0.047160314270486864,
  "I_POIMV_MV0201": 0.31647300510702286,
  "P_POI_POIMV": -0.6336712886854146,
  "Q_POI_POIMV": 0.10032833479459542,
  "U_POI": 1.0,
  "I_POI_POIMV": 0.6415645539358377
}