{
  "P_LV0101": 0.33925673371974086,
  "Q_LV0101": -0.010064780088646436,
  "U_LV0101": 1.0048885352555745,
  "I_LV0101_MV0101": 0.3377548710023248,
  "P_LV0102": 0.16745901639344263,
  "Q_LV0102": -0.01014344262295082,
  "U_LV0102": 1.0052198821025944,
  "I_LV0102_MV0102": 0.33333164961877587,
  "P_LV0103": 0.32877108433734936,
  "Q_LV0103": -0.010285714285714285,
  "U_LV0103": 1.0052849924625806,
  "I_LV0103_MV0103": 0.32720267738197667,
  "P_LV0201": 0.33699797160243405,
  "Q_LV0201": -0.010040567951318458,
  "U_LV0201": 1.0055046669590821,
  "I_LV0201_MV0201": 0.33530178890190615,
  "P_LV0202": 0.3359635811836115,
  "Q_LV0202": -0.010015174506828527,
  "U_LV0202": 1.0059249277226125,
  "I_LV0202_MV0202": 0.33413311124848105,
  "P_LV0203": 0.3356390977443609,
  "Q_LV0203": -0.009924812030075187,
  "U_LV0203": 1.0061497274374496,
  "I_LV0203_MV0203": 0.333733433925445,
  "P_POIMV_MV0101": -0.9929906304815482,
  "Q_POIMV_MV0101": 0.07586221110970105,
  "U_POIMV": 0.9976878862776968,
  "I_POIMV_MV0101": 0.998192197886148,
  "P_POIMV_MV0201": -0.9978419342002087,
  "Q_POIMV_MV0201": 0.07599320681710832,
  "I_POIMV_MV0201": 1.0030506461978308,
  "P_POI_POIMV": -1.9908325653920957,
  "Q_POI_POIMV": 0.20343797769269067,
  "U_POI": 1.0,
  "I_POI_POIMV": 2.001199968567201
}