{
  "P_LV0101": 0.292635526764405,
  "Q_LV0101": -0.006853051483123081,
  "U_LV0101": 1.004949585846136,
  "I_LV0101_MV0101": 0.29127407345466605,
  "P_LV0102": 0.144390368852459,
  "Q_LV0102": -0.006915983606557377,
  "U_LV0102": 1.005235456370342,
  "I_LV0102_MV0102": 0.2873590850359478,
  "P_LV0103": 0.28585197934595524,
  "Q_LV0103": -0.006919104991394148,
  "U_LV0103": 1.0053591703011426,
  "I_LV0103_MV0103": 0.2844114966307369,
  "P_LV0201": 0.287525354969574,
  "Q_LV0201": -0.006845841784989857,
  "U_LV0201": 1.005407205496481,
  "I_LV0201_MV0201": 0.28606005605708107,
  "P_LV0202": 0.28770864946889224,
  "Q_LV0202": -0.006828528072837633,
  "U_LV0202": 1.005793840918965,
  "I_LV0202_MV0202": 0.2861318702992886,
  "P_LV0203": 0.2887218045112782,
  "Q_LV0203": -0.006766917293233083,
  "U_LV0203": 1.0060150109908734,
  "I_LV0203_MV0203": 0.28707433816933847,
  "P_POIMV_MV0101": -0.8598270198179878,
  "Q_POIMV_MV0101": 0.05427267178370305,
  "U_POIMV": 0.9983475697814124,
  "I_POIMV_MV0101": 0.8629641630194966,
  "P_POIMV_MV0201": -0.8560609361628448,
  "Q_POIMV_MV0201": 0.05378573544069496,
  "I_POIMV_MV0201": 0.8591686490626862,
  "P_POI_POIMV": -1.7158879561928224,
  "Q_POI_POIMV": 0.14610920643164027,
  "U_POI": 1.0,
  "I_POI_POIMV": 1.722097377737875
}