{
  "P_LV0101": 0.29877258779406746,
  "Q_LV0101": -0.006034776679168087,
  "U_LV0101": 1.0051991100903719,
  "I_LV0101_MV0101": 0.297287896011776,
  "P_LV0102": 0.14900102459016393,
  "Q_LV0102": -0.0059938524590163935,
  "U_LV0102": 1.0055806213654035,
  "I_LV0102_MV0102": 0.2964081798530936,
  "P_LV0103": 0.2963855421686747,
  "Q_LV0103": -0.006092943201376936,
  "U_LV0103": 1.0057273739371995,
  "I_LV0103_MV0103": 0.2947599628713794,
  "P_LV0201": 0.2984787018255578,
  "Q_LV0201": -0.005780933062880324,
  "U_LV0201": 1.005820448260491,
  "I_LV0201_MV0201": 0.296807128608459,
  "P_LV0202": 0.29878603945371773,
  "Q_LV0202": -0.005918057663125948,
  "U_LV0202": 1.006202660144301,
  "I_LV0202_MV0202": 0.2970024380716061,
  "P_LV0203": 0.2986466165413534,
  "Q_LV0203": -0.005864661654135338,
  "U_LV0203": 1.0064041738505891,
  "I_LV0203_MV0203": 0.2968034139085754,
  "P_POIMV_MV0101": -0.8852719905421735,
  "Q_POIMV_MV0101": 0.05378777457990059,
  "U_POIMV": 0.9983407421505751,
  "I_POIMV_MV0101": 0.8883785659158142,
  "P_POIMV_MV0201": -0.8874305221268437,
  "Q_POIMV_MV0201": 0.053500257385633423,
  "I_POIMV_MV0201": 0.8905193376469049,
  "P_POI_POIMV": -1.7727025129441862,
  "Q_POI_POIMV": 0.14792656147192584,
  "U_POI": 1.0,
  "I_POI_POIMV": 1.778863813502186
}