{
  "P_LV0101": 0.1723286737129219,
  "Q_LV0101": -0.01877940675076713,
  "U_LV0101": 1.0001737688429018,
  "I_LV0101_MV0101": 0.17331877328163134,
  "P_LV0102": 0.09064549180327869,
  "Q_LV0102": -0.018811475409836066,
  "U_LV0102": 1.0006229209641726,
  "I_LV0102_MV0102": 0.18215088182706027,
  "P_LV0103": 0.1913390705679862,
  "Q_LV0103": -0.01896041308089501,
  "U_LV0103": 1.00096519263467,
  "I_LV0103_MV0103": 0.19209079564817003,
  "P_LV0201": 0.1785395537525355,
  "Q_LV0201": -0.018620689655172412,
  "U_LV0201": 1.0006848331788905,
  "I_LV0201_MV0201": 0.17938509618789875,
  "P_LV0202": 0.17918057663125947,
  "Q_LV0202": -0.01857359635811836,
  "U_LV0202": 1.0009342808150987,
  "I_LV0202_MV0202": 0.17997251551550733,
  "P_LV0203": 0.17936842105263157,
  "Q_LV0203": -0.018225563909774437,
  "U_LV0203": 1.0011010413227899,
  "I_LV0203_MV0203": 0.18009369937449773,
  "P_POIMV_MV0101": -0.5419499469336243,
  "Q_POIMV_MV0101": 0.06934123418365218,
  "U_POIMV": 0.9981221122560993,
  "I_POIMV_MV0101": 0.5473959117570816,
  "P_POIMV_MV0201": -0.5339770029571436,
  "Q_POIMV_MV0201": 0.06762236207515525,
  "I_POIMV_MV0201": 0.5392544484252528,
  "P_POI_POIMV": -1.075926949896778,
  "Q_POI_POIMV": 0.15177291087042621,
  "U_POI": 1.0,
  "I_POI_POIMV": 1.0865789515669197
}