{
  "P_LV0101": 0.23824070917149673,
  "Q_LV0101": -0.01927037163314013,
  "U_LV0101": 1.0013844887690049,
  "I_LV0101_MV0101": 0.23868833026933134,
  "P_LV0102": 0.11434426229508197,
  "Q_LV0102": -0.019364754098360658,
  "U_LV0102": 1.0014339242978183,
  "I_LV0102_MV0102": 0.22917831449676332,
  "P_LV0103": 0.2157521514629948,
  "Q_LV0103": -0.019580034423407916,
  "U_LV0103": 1.001239492402694,
  "I_LV0103_MV0103": 0.2163706078368758,
  "P_LV0201": 0.23239350912778903,
  "Q_LV0201": -0.019168356997971602,
  "U_LV0201": 1.0017100374979977,
  "I_LV0201_MV0201": 0.2327846240225068,
  "P_LV0202": 0.23053110773899846,
  "Q_LV0202": -0.01911987860394537,
  "U_LV0202": 1.0019678744265428,
  "I_LV0202_MV0202": 0.23086831499643898,
  "P_LV0203": 0.2300751879699248,
  "Q_LV0203": -0.01894736842105263,
  "U_LV0203": 1.0021282377407759,
  "I_LV0203_MV0203": 0.2303637864857116,
  "P_POIMV_MV0101": -0.6780053277801429,
  "Q_POIMV_MV0101": 0.07888241782537012,
  "U_POIMV": 0.9977953779015026,
  "I_POIMV_MV0101": 0.6840868373170874,
  "P_POIMV_MV0201": -0.6878512477479476,
  "Q_POIMV_MV0201": 0.07844929398446772,
  "I_POIMV_MV0201": 0.6938400122734805,
  "P_POI_POIMV": -1.3658565755657925,
  "Q_POI_POIMV": 0.18148837987001612,
  "U_POI": 1.0,
  "I_POI_POIMV": 1.3778614651132954
}