{
  "P_LV0101": 0.34269348789635184,
  "Q_LV0101": -0.009328332765086942,
  "U_LV0101": 1.0050887510589335,
  "I_LV0101_MV0101": 0.3410847307061573,
  "P_LV0102": 0.1698565573770492,
  "Q_LV0102": -0.009405737704918033,
  "U_LV0102": 1.0054556236990058,
  "I_LV0102_MV0102": 0.3379993025945531,
  "P_LV0103": 0.3332323580034423,
  "Q_LV0103": -0.009542168674698795,
  "U_LV0103": 1.005518264550443,
  "I_LV0103_MV0103": 0.33153942866064634,
  "P_LV0201": 0.34046653144016226,
  "Q_LV0201": -0.009310344827586206,
  "U_LV0201": 1.0057119606652154,
  "I_LV0201_MV0201": 0.3386593981854621,
  "P_LV0202": 0.3397875569044006,
  "Q_LV0202": -0.00928679817905918,
  "U_LV0202": 1.006144731840181,
  "I_LV0202_MV0202": 0.337838515839356,
  "P_LV0203": 0.3390676691729323,
  "Q_LV0203": -0.009203007518796992,
  "U_LV0203": 1.0063628441348083,
  "I_LV0203_MV0203": 0.33704795712006336,
  "P_POIMV_MV0101": -1.0054355718301775,
  "Q_POIMV_MV0101": 0.07480322519966065,
  "U_POIMV": 0.9977094849125266,
  "I_POIMV_MV0101": 1.0105289998014058,
  "P_POIMV_MV0201": -1.0083392474563753,
  "Q_POIMV_MV0201": 0.07480191605674841,
  "I_POIMV_MV0201": 1.0134312461836308,
  "P_POI_POIMV": -2.013774820064123,
  "Q_POI_POIMV": 0.20237836308826687,
  "U_POI": 1.0,
  "I_POI_POIMV": 2.023918483479653
}