{
  "P_LV0101": 0.2711558131605864,
  "Q_LV0101": -0.01012615069894306,
  "U_LV0101": 1.0039114857062361,
  "I_LV0101_MV0101": 0.2702875987167188,
  "P_LV0102": 0.13317110655737704,
  "Q_LV0102": -0.010143442622950818,
  "U_LV0102": 1.004145953123832,
  "I_LV0102_MV0102": 0.2654348155221383,
  "P_LV0103": 0.2593115318416523,
  "Q_LV0103": -0.010223752151462994,
  "U_LV0103": 1.0041466411839206,
  "I_LV0103_MV0103": 0.2584413336134041,
  "P_LV0201": 0.2683569979716024,
  "Q_LV0201": -0.010040567951318458,
  "U_LV0201": 1.0043882391551617,
  "I_LV0201_MV0201": 0.2673714760667995,
  "P_LV0202": 0.2667678300455235,
  "Q_LV0202": -0.010015174506828529,
  "U_LV0202": 1.0047059895943837,
  "I_LV0202_MV0202": 0.26570535538070833,
  "P_LV0203": 0.2669172932330827,
  "Q_LV0203": -0.009924812030075189,
  "U_LV0203": 1.0048967761705185,
  "I_LV0203_MV0203": 0.26580018314325743,
  "P_POIMV_MV0101": -0.7905101764085141,
  "Q_POIMV_MV0101": 0.05874169746525468,
  "U_POIMV": 0.9982629939605336,
  "I_POIMV_MV0101": 0.7940689808796895,
  "P_POIMV_MV0201": -0.7952194331871597,
  "Q_POIMV_MV0201": 0.05859165474590556,
  "I_POIMV_MV0201": 0.7987624792664938,
  "P_POI_POIMV": -1.5857296097098095,
  "Q_POI_POIMV": 0.1498029962669969,
  "U_POI": 1.0,
  "I_POI_POIMV": 1.5927897955477348
}