{
  "P_LV0101": 0.04162973065121036,
  "Q_LV0101": -0.008285032390044323,
  "U_LV0101": 0.9993994450330608,
  "I_LV0101_MV0101": 0.04247165933727564,
  "P_LV0102": 0.02382172131147541,
  "Q_LV0102": -0.008299180327868852,
  "U_LV0102": 0.9996221980750262,
  "I_LV0102_MV0102": 0.04837914694756739,
  "P_LV0103": 0.05401032702237521,
  "Q_LV0103": -0.008364888123924268,
  "U_LV0103": 0.9998170725716147,
  "I_LV0103_MV0103": 0.05466424427962339,
  "P_LV0201": 0.04533468559837728,
  "Q_LV0201": -0.00821501014198783,
  "U_LV0201": 0.9995915656412225,
  "I_LV0201_MV0201": 0.04609180878457228,
  "P_LV0202": 0.04628224582701062,
  "Q_LV0202": -0.00819423368740516,
  "U_LV0202": 0.9996765028827727,
  "I_LV0202_MV0202": 0.04701724676633779,
  "P_LV0203": 0.04586466165413534,
  "Q_LV0203": -0.0081203007518797,
  "U_LV0203": 0.999703669950111,
  "I_LV0203_MV0203": 0.04659176506275003,
  "P_POIMV_MV0101": -0.1430685469209133,
  "Q_POIMV_MV0101": 0.024679134993479745,
  "U_POIMV": 0.9993677882682975,
  "I_POIMV_MV0101": 0.14527334654412,
  "P_POIMV_MV0201": -0.13727293873572569,
  "Q_POIMV_MV0201": 0.02389720350092653,
  "I_POIMV_MV0201": 0.13942563625311563,
  "P_POI_POIMV": -0.28034151715108874,
  "Q_POI_POIMV": 0.04906584892672496,
  "U_POI": 1.0,
  "I_POI_POIMV": 0.2846029229812554
}