{
  "P_LV0101": 0.3287009887487214,
  "Q_LV0101": -0.009328332765086942,
  "U_LV0101": 1.0048444249380835,
  "I_LV0101_MV0101": 0.32724799996453,
  "P_LV0102": 0.16662909836065573,
  "Q_LV0102": -0.009405737704918033,
  "U_LV0102": 1.0053688058866213,
  "I_LV0102_MV0102": 0.33161054945935853,
  "P_LV0103": 0.33769363166953525,
  "Q_LV0103": -0.009542168674698795,
  "U_LV0103": 1.0056639710209494,
  "I_LV0103_MV0103": 0.33592574710186407,
  "P_LV0201": 0.3322515212981744,
  "Q_LV0201": -0.009310344827586206,
  "U_LV0201": 1.0055755365033143,
  "I_LV0201_MV0201": 0.3305390105843211,
  "P_LV0202": 0.33323216995447646,
  "Q_LV0202": -0.00928679817905918,
  "U_LV0202": 1.0060358372975413,
  "I_LV0202_MV0202": 0.33136150697719857,
  "P_LV0203": 0.33401503759398493,
  "Q_LV0203": -0.009203007518796992,
  "U_LV0203": 1.0062823295172547,
  "I_LV0203_MV0203": 0.33205571394806815,
  "P_POIMV_MV0101": -0.9897547080510228,
  "Q_POIMV_MV0101": 0.07332380421107562,
  "U_POIMV": 0.9977651105501135,
  "I_POIMV_MV0101": 0.9946900304588542,
  "P_POIMV_MV0201": -0.988934501345729,
  "Q_POIMV_MV0201": 0.07294447922363594,
  "I_POIMV_MV0201": 0.9938421967006554,
  "P_POI_POIMV": -1.9786892100716393,
  "Q_POI_POIMV": 0.1971905186666318,
  "U_POI": 1.0,
  "I_POI_POIMV": 1.9884906564291276
}