{
  "P_LV0101": 0.17838390726218886,
  "Q_LV0101": -0.015240368223661777,
  "U_LV0101": 1.0010732764545112,
  "I_LV0101_MV0101": 0.17884181322009887,
  "P_LV0102": 0.09236680327868851,
  "Q_LV0102": -0.01521516393442623,
  "U_LV0102": 1.0014725348941473,
  "I_LV0102_MV0102": 0.185086582283865,
  "P_LV0103": 0.19239242685025817,
  "Q_LV0103": -0.015490533562822718,
  "U_LV0103": 1.001741612513728,
  "I_LV0103_MV0103": 0.19267945894350083,
  "P_LV0201": 0.18301217038539552,
  "Q_LV0201": -0.015060851926977686,
  "U_LV0201": 1.0015632882993786,
  "I_LV0201_MV0201": 0.18334421569702505,
  "P_LV0202": 0.18406676783004552,
  "Q_LV0202": -0.015174506828528073,
  "U_LV0202": 1.001809652577366,
  "I_LV0202_MV0202": 0.1843575804017895,
  "P_LV0203": 0.18406015037593984,
  "Q_LV0203": -0.014887218045112782,
  "U_LV0203": 1.001967817570681,
  "I_LV0203_MV0203": 0.18429855959544533,
  "P_POIMV_MV0101": -0.5524053859123551,
  "Q_POIMV_MV0101": 0.05919039214679634,
  "U_POIMV": 0.9983763608889105,
  "I_POIMV_MV0101": 0.5564709773097036,
  "P_POIMV_MV0201": -0.5478809136027836,
  "Q_POIMV_MV0201": 0.05797177069906303,
  "I_POIMV_MV0201": 0.5518353807954903,
  "P_POI_POIMV": -1.1002862995214648,
  "Q_POI_POIMV": 0.13259041338645008,
  "U_POI": 1.0,
  "I_POI_POIMV": 1.1082464340734999
}