{
  "P_LV0101": 0.23271735424480053,
  "Q_LV0101": -0.017551994544834637,
  "U_LV0101": 1.0015728347849815,
  "I_LV0101_MV0101": 0.23301182924669656,
  "P_LV0102": 0.12043032786885247,
  "Q_LV0102": -0.017704918032786884,
  "U_LV0102": 1.0020542113540258,
  "I_LV0102_MV0102": 0.24101539927978807,
  "P_LV0103": 0.2498313253012048,
  "Q_LV0103": -0.01784509466437177,
  "U_LV0103": 1.0024001231979955,
  "I_LV0103_MV0103": 0.24986812498234873,
  "P_LV0201": 0.23878296146044622,
  "Q_LV0201": -0.017525354969574036,
  "U_LV0201": 1.002176631507225,
  "I_LV0201_MV0201": 0.23890522134867168,
  "P_LV0202": 0.24018209408194233,
  "Q_LV0202": -0.01748103186646434,
  "U_LV0202": 1.002523229010147,
  "I_LV0202_MV0202": 0.24021130153232265,
  "P_LV0203": 0.2396390977443609,
  "Q_LV0203": -0.01714285714285714,
  "U_LV0203": 1.0027117659931173,
  "I_LV0203_MV0203": 0.23960173839733387,
  "P_POIMV_MV0101": -0.7181592691793609,
  "Q_POIMV_MV0101": 0.07637986438601077,
  "U_POIMV": 0.9978574494699262,
  "I_POIMV_MV0101": 0.723760232818442,
  "P_POIMV_MV0201": -0.7130808219829139,
  "Q_POIMV_MV0201": 0.07501289531689682,
  "I_POIMV_MV0201": 0.71855501665507,
  "P_POI_POIMV": -1.4312400912154046,
  "Q_POI_POIMV": 0.17791393253941296,
  "U_POI": 1.0,
  "I_POI_POIMV": 1.442255721463402
}