{
  "P_LV0101": 0.3552130923968633,
  "Q_LV0101": -0.006137061029662461,
  "U_LV0101": 1.0059076092940518,
  "I_LV0101_MV0101": 0.3531796564994521,
  "P_LV0102": 0.17787909836065574,
  "Q_LV0102": -0.006086065573770492,
  "U_LV0102": 1.0063936414916108,
  "I_LV0102_MV0102": 0.35354978058624253,
  "P_LV0103": 0.3562822719449225,
  "Q_LV0103": -0.0063201376936316694,
  "U_LV0103": 1.006605961570174,
  "I_LV0103_MV0103": 0.35399981535997604,
  "P_LV0201": 0.3548884381338742,
  "Q_LV0201": -0.006024340770791075,
  "U_LV0201": 1.0066175075257326,
  "I_LV0201_MV0201": 0.35260619296335444,
  "P_LV0202": 0.3556297420333839,
  "Q_LV0202": -0.006009104704097117,
  "U_LV0202": 1.0071028743698673,
  "I_LV0202_MV0202": 0.3531719705877789,
  "P_LV0203": 0.35693233082706766,
  "Q_LV0203": -0.005954887218045112,
  "U_LV0203": 1.0073715919641755,
  "I_LV0203_MV0203": 0.35436973269724586,
  "P_POIMV_MV0101": -1.0560070805270905,
  "Q_POIMV_MV0101": 0.06992476619316522,
  "U_POIMV": 0.9978075075932528,
  "I_POIMV_MV0101": 1.0606450805248429,
  "P_POIMV_MV0201": -1.055432292083255,
  "Q_POIMV_MV0201": 0.06955901282876883,
  "I_POIMV_MV0201": 1.0600461195048314,
  "P_POI_POIMV": -2.111439373734241,
  "Q_POI_POIMV": 0.19747730054991713,
  "U_POI": 1.0,
  "I_POI_POIMV": 2.120654029583262
}