{
  "P_LV0101": 0.34846232526423454,
  "Q_LV0101": -0.008223661779747697,
  "U_LV0101": 1.0054138032006776,
  "I_LV0101_MV0101": 0.34668247973665567,
  "P_LV0102": 0.17317622950819672,
  "Q_LV0102": -0.00793032786885246,
  "U_LV0102": 1.0058613092424107,
  "I_LV0102_MV0102": 0.3444244581086769,
  "P_LV0103": 0.3415352839931153,
  "Q_LV0103": -0.008179001721170396,
  "U_LV0103": 1.005949993375831,
  "I_LV0103_MV0103": 0.3396125121909267,
  "P_LV0201": 0.34594320486815416,
  "Q_LV0201": -0.008032454361054766,
  "U_LV0201": 1.0060671292477048,
  "I_LV0201_MV0201": 0.343949658133178,
  "P_LV0202": 0.344886191198786,
  "Q_LV0202": -0.008012139605462822,
  "U_LV0202": 1.0065005347714515,
  "I_LV0202_MV0202": 0.34275117883418327,
  "P_LV0203": 0.3461052631578947,
  "Q_LV0203": -0.007759398496240601,
  "U_LV0203": 1.0067876445419461,
  "I_LV0203_MV0203": 0.34385824451681096,
  "P_POIMV_MV0101": -1.0257356705374094,
  "Q_POIMV_MV0101": 0.07277756212268785,
  "U_POIMV": 0.9977537328746512,
  "I_POIMV_MV0101": 1.0306293395213288,
  "P_POIMV_MV0201": -1.0255794164354313,
  "Q_POIMV_MV0201": 0.07244987015794889,
  "I_POIMV_MV0201": 1.0304499307869808,
  "P_POI_POIMV": -2.0513150878698863,
  "Q_POI_POIMV": 0.19997505199249022,
  "U_POI": 1.0,
  "I_POI_POIMV": 2.0610394491959725
}