{
  "P_LV0101": 0.2621752471871803,
  "Q_LV0101": -0.01742925332424139,
  "U_LV0101": 1.0021991479288865,
  "I_LV0101_MV0101": 0.2621773848011923,
  "P_LV0102": 0.12697745901639346,
  "Q_LV0102": -0.017336065573770494,
  "U_LV0102": 1.002345352457924,
  "I_LV0102_MV0102": 0.2539503447784388,
  "P_LV0103": 0.2423958691910499,
  "Q_LV0103": -0.017597246127366607,
  "U_LV0103": 1.002201140548003,
  "I_LV0103_MV0103": 0.24250000803237629,
  "P_LV0201": 0.25722109533468557,
  "Q_LV0201": -0.01716024340770791,
  "U_LV0201": 1.0026216306465692,
  "I_LV0201_MV0201": 0.2571188033788431,
  "P_LV0202": 0.25474962063732925,
  "Q_LV0202": -0.017116843702579664,
  "U_LV0202": 1.0028999939827754,
  "I_LV0202_MV0202": 0.25458572365103416,
  "P_LV0203": 0.25533834586466164,
  "Q_LV0203": -0.016962406015037592,
  "U_LV0203": 1.0030991036101065,
  "I_LV0203_MV0203": 0.2551105272868345,
  "P_POIMV_MV0101": -0.7527784687330917,
  "Q_POIMV_MV0101": 0.07804486036346425,
  "U_POIMV": 0.9977826499882039,
  "I_POIMV_MV0101": 0.7584951837652156,
  "P_POIMV_MV0201": -0.7610234164631561,
  "Q_POIMV_MV0201": 0.07747956142814544,
  "I_POIMV_MV0201": 0.7666572815348461,
  "P_POI_POIMV": -1.5138018852782695,
  "Q_POI_POIMV": 0.18524634044674912,
  "U_POI": 1.0,
  "I_POI_POIMV": 1.5250942116869226
}