{
  "P_LV0101": 0.24210705762018409,
  "Q_LV0101": -0.013194681213774291,
  "U_LV0101": 1.002775730153083,
  "I_LV0101_MV0101": 0.2417951837352026,
  "P_LV0102": 0.11810963114754097,
  "Q_LV0102": -0.013063524590163933,
  "U_LV0102": 1.002960122795746,
  "I_LV0102_MV0102": 0.23588196996305874,
  "P_LV0103": 0.22729776247848535,
  "Q_LV0103": -0.013218588640275386,
  "U_LV0103": 1.0028800730149776,
  "I_LV0103_MV0103": 0.22702794702787307,
  "P_LV0201": 0.23838742393509124,
  "Q_LV0201": -0.012931034482758619,
  "U_LV0201": 1.0031929545129132,
  "I_LV0201_MV0201": 0.23797802739782606,
  "P_LV0202": 0.2370257966616085,
  "Q_LV0202": -0.012898330804248861,
  "U_LV0202": 1.0034746323867014,
  "I_LV0202_MV0202": 0.23655454405964912,
  "P_LV0203": 0.23699248120300753,
  "Q_LV0203": -0.012781954887218045,
  "U_LV0203": 1.0036441948275858,
  "I_LV0203_MV0203": 0.23647516039136135,
  "P_POIMV_MV0101": -0.7006644635712175,
  "Q_POIMV_MV0101": 0.06145589934985907,
  "U_POIMV": 0.9982421143971434,
  "I_POIMV_MV0101": 0.7045930694205921,
  "P_POIMV_MV0201": -0.7070014408800193,
  "Q_POIMV_MV0201": 0.06095195869635178,
  "I_POIMV_MV0201": 0.7108736043877865,
  "P_POI_POIMV": -1.4076659044963522,
  "Q_POI_POIMV": 0.14792996362834981,
  "U_POI": 1.0,
  "I_POI_POIMV": 1.4154174553186132
}