{
  "P_LV0101": 0.06771224002727581,
  "Q_LV0101": -0.009307875894988066,
  "U_LV0101": 0.9998621217989547,
  "I_LV0101_MV0101": 0.06835840566062312,
  "P_LV0102": 0.02966188524590164,
  "Q_LV0102": -0.009221311475409836,
  "U_LV0102": 0.9997193169242995,
  "I_LV0102_MV0102": 0.06005302454769449,
  "P_LV0103": 0.05039586919104991,
  "Q_LV0103": -0.009500860585197933,
  "U_LV0103": 0.999472716679541,
  "I_LV0103_MV0103": 0.05131067090522399,
  "P_LV0201": 0.06282961460446247,
  "Q_LV0201": -0.009279918864097363,
  "U_LV0201": 0.9998542233956,
  "I_LV0201_MV0201": 0.06352049280005358,
  "P_LV0202": 0.06069802731411229,
  "Q_LV0202": -0.009256449165402124,
  "U_LV0202": 0.9998765417489561,
  "I_LV0202_MV0202": 0.061407352077910315,
  "P_LV0203": 0.060601503759398496,
  "Q_LV0203": -0.009172932330827067,
  "U_LV0203": 0.999923333167463,
  "I_LV0203_MV0203": 0.06129649763566776,
  "P_POIMV_MV0101": -0.1771070635833151,
  "Q_POIMV_MV0101": 0.028288424714863106,
  "U_POIMV": 0.9992655326768876,
  "I_POIMV_MV0101": 0.17948384464499584,
  "P_POIMV_MV0201": -0.18375866983597716,
  "Q_POIMV_MV0201": 0.02779379647608118,
  "I_POIMV_MV0201": 0.1859853124315286,
  "P_POI_POIMV": -0.3608658167117335,
  "Q_POI_POIMV": 0.05725553165023207,
  "U_POI": 1.0,
  "I_POI_POIMV": 0.36537971149966336
}