{
  "P_LV0101": 0.10658029321513807,
  "Q_LV0101": -0.013092396863279917,
  "U_LV0101": 1.0000109869277665,
  "I_LV0101_MV0101": 0.10738024206601783,
  "P_LV0102": 0.0485655737704918,
  "Q_LV0102": -0.013063524590163933,
  "U_LV0102": 0.9998862710965839,
  "I_LV0102_MV0102": 0.09801683849529554,
  "P_LV0103": 0.08633390705679862,
  "Q_LV0103": -0.013115318416523235,
  "U_LV0103": 0.9996524057592098,
  "I_LV0103_MV0103": 0.08735478835301126,
  "P_LV0201": 0.1013184584178499,
  "Q_LV0201": -0.012931034482758619,
  "U_LV0201": 1.0000901382559273,
  "I_LV0201_MV0201": 0.10213109792309151,
  "P_LV0202": 0.09863429438543247,
  "Q_LV0202": -0.012746585735963581,
  "U_LV0202": 1.0001712257711233,
  "I_LV0202_MV0202": 0.09943748332545693,
  "P_LV0203": 0.09924812030075188,
  "Q_LV0203": -0.012781954887218045,
  "U_LV0203": 1.000244574454134,
  "I_LV0203_MV0203": 0.10004334772779913,
  "P_POIMV_MV0101": -0.28918714942093277,
  "Q_POIMV_MV0101": 0.042035954166150594,
  "U_POIMV": 0.9988929691134433,
  "I_POIMV_MV0101": 0.29255019361888107,
  "P_POIMV_MV0201": -0.2982287761519703,
  "Q_POIMV_MV0201": 0.041205560799146175,
  "I_POIMV_MV0201": 0.30139560994257836,
  "P_POI_POIMV": -0.5874159255722508,
  "Q_POI_POIMV": 0.08726896262009932,
  "U_POI": 1.0,
  "I_POI_POIMV": 0.5938630662473399
}