{
  "P_LV0101": 0.3515308557790658,
  "Q_LV0101": -0.00785543811796795,
  "U_LV0101": 1.0054726805246155,
  "I_LV0101_MV0101": 0.34970479255286047,
  "P_LV0102": 0.17732581967213115,
  "Q_LV0102": -0.00793032786885246,
  "U_LV0102": 1.005991992671676,
  "I_LV0102_MV0102": 0.35262735246492055,
  "P_LV0103": 0.35553872633390704,
  "Q_LV0103": -0.007931153184165231,
  "U_LV0103": 1.0062429674221072,
  "I_LV0103_MV0103": 0.3534207828097459,
  "P_LV0201": 0.35233265720081136,
  "Q_LV0201": -0.007849898580121703,
  "U_LV0201": 1.0061828403503084,
  "I_LV0201_MV0201": 0.35025452570233473,
  "P_LV0202": 0.3536267071320182,
  "Q_LV0202": -0.007830045523520485,
  "U_LV0202": 1.0066753420396803,
  "I_LV0202_MV0202": 0.35136788275161074,
  "P_LV0203": 0.3535037593984962,
  "Q_LV0203": -0.007759398496240601,
  "U_LV0203": 1.0069139764811599,
  "I_LV0203_MV0203": 0.3511609897611079,
  "P_POIMV_MV0101": -1.0505775040042737,
  "Q_POIMV_MV0101": 0.07460845861833744,
  "U_POIMV": 0.9976892848642136,
  "I_POIMV_MV0101": 1.0556627281105833,
  "P_POIMV_MV0201": -1.0476118086496404,
  "Q_POIMV_MV0201": 0.07427447220432239,
  "I_POIMV_MV0201": 1.052673925058982,
  "P_POI_POIMV": -2.098189313728986,
  "Q_POI_POIMV": 0.2061961395858811,
  "U_POI": 1.0,
  "I_POI_POIMV": 2.108296763794564
}