{
  "P_LV0101": 0.24630071599045342,
  "Q_LV0101": -0.012274122059324922,
  "U_LV0101": 1.0030392017266623,
  "I_LV0101_MV0101": 0.24585914442062592,
  "P_LV0102": 0.11995389344262294,
  "Q_LV0102": -0.012295081967213115,
  "U_LV0102": 1.0031976113698644,
  "I_LV0102_MV0102": 0.23945694658503291,
  "P_LV0103": 0.23204819277108432,
  "Q_LV0103": -0.012392426850258174,
  "U_LV0103": 1.0031542887617575,
  "I_LV0103_MV0103": 0.23164817785035693,
  "P_LV0201": 0.24234279918864096,
  "Q_LV0201": -0.012170385395537523,
  "U_LV0201": 1.0034381917873247,
  "I_LV0201_MV0201": 0.2418167908708693,
  "P_LV0202": 0.24157814871016692,
  "Q_LV0202": -0.012139605462822459,
  "U_LV0202": 1.0037396843137216,
  "I_LV0202_MV0202": 0.24098177584829017,
  "P_LV0203": 0.24105263157894738,
  "Q_LV0203": -0.012030075187969926,
  "U_LV0203": 1.003900000193016,
  "I_LV0203_MV0203": 0.24041501531945458,
  "P_POIMV_MV0101": -0.7131230648447456,
  "Q_POIMV_MV0101": 0.05975495027422634,
  "U_POIMV": 0.9982772006514298,
  "I_POIMV_MV0101": 0.7168572197105078,
  "P_POIMV_MV0201": -0.7193820495016342,
  "Q_POIMV_MV0201": 0.05950799065490539,
  "I_POIMV_MV0201": 0.7230848632468762,
  "P_POI_POIMV": -1.4325051143975354,
  "Q_POI_POIMV": 0.14569505085921064,
  "U_POI": 1.0,
  "I_POI_POIMV": 1.4398951179235118
}