{
  "P_LV0101": 0.2633822025230139,
  "Q_LV0101": -0.011251278554381178,
  "U_LV0101": 1.0035456461516348,
  "I_LV0101_MV0101": 0.26269100222155933,
  "P_LV0102": 0.1286372950819672,
  "Q_LV0102": -0.011219262295081966,
  "U_LV0102": 1.003744726693511,
  "I_LV0102_MV0102": 0.25655835854048253,
  "P_LV0103": 0.2510499139414802,
  "Q_LV0103": -0.01135972461273666,
  "U_LV0103": 1.0037482188717652,
  "I_LV0103_MV0103": 0.25036835448269246,
  "P_LV0201": 0.25998985801217034,
  "Q_LV0201": -0.01110547667342799,
  "U_LV0201": 1.0040009085531332,
  "I_LV0201_MV0201": 0.2591899401092509,
  "P_LV0202": 0.25948406676783003,
  "Q_LV0202": -0.011077389984825494,
  "U_LV0202": 1.0043324817680832,
  "I_LV0202_MV0202": 0.25860002646120633,
  "P_LV0203": 0.25909774436090227,
  "Q_LV0203": -0.010977443609022556,
  "U_LV0203": 1.0045070061623464,
  "I_LV0203_MV0203": 0.2581666274881552,
  "P_POIMV_MV0101": -0.7657910261415093,
  "Q_POIMV_MV0101": 0.060283114487159895,
  "U_POIMV": 0.9982363154888321,
  "I_POIMV_MV0101": 0.7695172924856691,
  "P_POIMV_MV0201": -0.7721345482257074,
  "Q_POIMV_MV0201": 0.06006558008972679,
  "I_POIMV_MV0201": 0.7758356523752425,
  "P_POI_POIMV": -1.5379255744567704,
  "Q_POI_POIMV": 0.1508782644541451,
  "U_POI": 1.0,
  "I_POI_POIMV": 1.5453088116143268
}