{
  "P_LV0101": 0.1865666553017388,
  "Q_LV0101": -0.015956358677122397,
  "U_LV0101": 1.0011314960516002,
  "I_LV0101_MV0101": 0.18703612569784248,
  "P_LV0102": 0.08952356557377049,
  "Q_LV0102": -0.015983606557377048,
  "U_LV0102": 1.0011682696984674,
  "I_LV0102_MV0102": 0.17954938467362497,
  "P_LV0103": 0.16802065404475042,
  "Q_LV0103": -0.01621342512908778,
  "U_LV0103": 1.0009755714831339,
  "I_LV0103_MV0103": 0.16863659473273018,
  "P_LV0201": 0.1820993914807302,
  "Q_LV0201": -0.015821501014198783,
  "U_LV0201": 1.0013944722736066,
  "I_LV0201_MV0201": 0.1825308816636661,
  "P_LV0202": 0.18057663125948406,
  "Q_LV0202": -0.015781487101669194,
  "U_LV0202": 1.0015948334781086,
  "I_LV0202_MV0202": 0.18097630360621078,
  "P_LV0203": 0.18060150375939849,
  "Q_LV0203": -0.015639097744360904,
  "U_LV0203": 1.001730984337309,
  "I_LV0203_MV0203": 0.18096412301174913,
  "P_POIMV_MV0101": -0.5307731656045936,
  "Q_POIMV_MV0101": 0.06030755669372155,
  "U_POIMV": 0.9983446170672681,
  "I_POIMV_MV0101": 0.5350740663893816,
  "P_POIMV_MV0201": -0.5401086726174215,
  "Q_POIMV_MV0201": 0.059700619856348586,
  "I_POIMV_MV0201": 0.5442991669487075,
  "P_POI_POIMV": -1.0708818382269354,
  "Q_POI_POIMV": 0.1346122208073231,
  "U_POI": 1.0,
  "I_POI_POIMV": 1.0793092056658184
}