{
  "P_LV0101": 0.2824070917149676,
  "Q_LV0101": -0.0069553358336174554,
  "U_LV0101": 1.0047338512131763,
  "I_LV0101_MV0101": 0.2811617514895229,
  "P_LV0102": 0.14254610655737704,
  "Q_LV0102": -0.006915983606557377,
  "U_LV0102": 1.0051766040710983,
  "I_LV0102_MV0102": 0.2837074462704957,
  "P_LV0103": 0.28791738382099824,
  "Q_LV0103": -0.007022375215146299,
  "U_LV0103": 1.0054138937740071,
  "I_LV0103_MV0103": 0.28645218811705386,
  "P_LV0201": 0.2835699797160243,
  "Q_LV0201": -0.006845841784989857,
  "U_LV0201": 1.005336802134622,
  "I_LV0201_MV0201": 0.28214684073301305,
  "P_LV0202": 0.28467374810318663,
  "Q_LV0202": -0.006828528072837633,
  "U_LV0202": 1.0057392714503104,
  "I_LV0202_MV0202": 0.2831306712324028,
  "P_LV0203": 0.28481203007518796,
  "Q_LV0203": -0.006766917293233083,
  "U_LV0203": 1.0059387085082125,
  "I_LV0203_MV0203": 0.2832105025467906,
  "P_POIMV_MV0101": -0.8481693020015934,
  "Q_POIMV_MV0101": 0.05354129733337133,
  "U_POIMV": 0.9983749924746772,
  "I_POIMV_MV0101": 0.8512408110076728,
  "P_POIMV_MV0201": -0.8453575496296126,
  "Q_POIMV_MV0201": 0.05291578189186325,
  "I_POIMV_MV0201": 0.8483907230939994,
  "P_POI_POIMV": -1.6935268518224846,
  "Q_POI_POIMV": 0.14350534224714517,
  "U_POI": 1.0,
  "I_POI_POIMV": 1.6995961229354597
}