{
  "P_LV0101": 0.04394135697238322,
  "Q_LV0101": -0.009205591544493692,
  "U_LV0101": 0.9992579051007018,
  "I_LV0101_MV0101": 0.04492861090707928,
  "P_LV0102": 0.02535860655737705,
  "Q_LV0102": -0.009405737704918033,
  "U_LV0102": 0.9994792603125788,
  "I_LV0102_MV0102": 0.05160887775943307,
  "P_LV0103": 0.05861617900172117,
  "Q_LV0103": -0.00929432013769363,
  "U_LV0103": 0.9997419318769191,
  "I_LV0103_MV0103": 0.05936378481928874,
  "P_LV0201": 0.048012170385395535,
  "Q_LV0201": -0.009127789046653144,
  "U_LV0201": 0.9994644313736986,
  "I_LV0201_MV0201": 0.04889831265695974,
  "P_LV0202": 0.04880121396054628,
  "Q_LV0202": -0.009104704097116844,
  "U_LV0202": 0.9995482475884361,
  "I_LV0202_MV0202": 0.049665700619390483,
  "P_LV0203": 0.048721804511278194,
  "Q_LV0203": -0.009022556390977442,
  "U_LV0203": 0.9995871944469963,
  "I_LV0203_MV0203": 0.049570643018425765,
  "P_POIMV_MV0101": -0.15302733150021697,
  "Q_POIMV_MV0101": 0.02778673660886245,
  "U_POIMV": 0.9992893497421894,
  "I_POIMV_MV0101": 0.15564023934309368,
  "P_POIMV_MV0201": -0.14530057367770835,
  "Q_POIMV_MV0201": 0.026737642608959583,
  "I_POIMV_MV0201": 0.1478452376496667,
  "P_POI_POIMV": -0.29832794652315325,
  "Q_POI_POIMV": 0.055157778293800704,
  "U_POI": 1.0,
  "I_POI_POIMV": 0.30338415282118714
}