{
  "P_LV0101": 0.25775656324582336,
  "Q_LV0101": -0.01104670985339243,
  "U_LV0101": 1.0034912669831517,
  "I_LV0101_MV0101": 0.2570955805540729,
  "P_LV0102": 0.1261014344262295,
  "Q_LV0102": -0.011219262295081966,
  "U_LV0102": 1.0036660752325728,
  "I_LV0102_MV0102": 0.2515301618609061,
  "P_LV0103": 0.24413080895008604,
  "Q_LV0103": -0.011256454388984509,
  "U_LV0103": 1.0036366051955967,
  "I_LV0103_MV0103": 0.24350464884158476,
  "P_LV0201": 0.2546653144016227,
  "Q_LV0201": -0.01110547667342799,
  "U_LV0201": 1.0039131775684986,
  "I_LV0201_MV0201": 0.2539137343718277,
  "P_LV0202": 0.2532625189681335,
  "Q_LV0202": -0.010925644916540212,
  "U_LV0202": 1.0042374960811278,
  "I_LV0202_MV0202": 0.25242840904060515,
  "P_LV0203": 0.2529323308270677,
  "Q_LV0203": -0.010827067669172932,
  "U_LV0203": 1.0044091127887351,
  "I_LV0203_MV0203": 0.2520526290287361,
  "P_POIMV_MV0101": -0.7484404203230576,
  "Q_POIMV_MV0101": 0.058732094690828136,
  "U_POIMV": 0.9982861974633883,
  "I_POIMV_MV0101": 0.7520301459534248,
  "P_POIMV_MV0201": -0.7547115973395455,
  "Q_POIMV_MV0201": 0.05848960188461441,
  "I_POIMV_MV0201": 0.7582741874736757,
  "P_POI_POIMV": -1.5031520177376625,
  "Q_POI_POIMV": 0.14635676957000762,
  "U_POI": 1.0,
  "I_POI_POIMV": 1.5102603392884866
}