{
  "P_LV0101": 0.20477326968973744,
  "Q_LV0101": -0.013296965564268666,
  "U_LV0101": 1.0020080967109901,
  "I_LV0101_MV0101": 0.20479329048203768,
  "P_LV0102": 0.10604508196721311,
  "Q_LV0102": -0.01337090163934426,
  "U_LV0102": 1.0024499834599698,
  "I_LV0102_MV0102": 0.2119918435435494,
  "P_LV0103": 0.21851979345955247,
  "Q_LV0103": -0.013425129087779689,
  "U_LV0103": 1.00273500777293,
  "I_LV0103_MV0103": 0.21833465570068966,
  "P_LV0201": 0.20902636916835698,
  "Q_LV0201": -0.013235294117647057,
  "U_LV0201": 1.0025237083552834,
  "I_LV0201_MV0201": 0.20891772393193817,
  "P_LV0202": 0.20971168437025797,
  "Q_LV0202": -0.013201820940819424,
  "U_LV0202": 1.002817298644057,
  "I_LV0202_MV0202": 0.20953648874378136,
  "P_LV0203": 0.21037593984962405,
  "Q_LV0203": -0.013082706766917293,
  "U_LV0203": 1.0029860572851006,
  "I_LV0203_MV0203": 0.2101548019953317,
  "P_POIMV_MV0101": -0.6313428698838839,
  "Q_POIMV_MV0101": 0.05771538808852937,
  "U_POIMV": 0.998381669361006,
  "I_POIMV_MV0101": 0.6350031061602166,
  "P_POIMV_MV0201": -0.6248886166980526,
  "Q_POIMV_MV0201": 0.05664379399029365,
  "I_POIMV_MV0201": 0.6284677061857962,
  "P_POI_POIMV": -1.2562314866003172,
  "Q_POI_POIMV": 0.13457934054426895,
  "U_POI": 1.0,
  "I_POI_POIMV": 1.2634196242054234
}