{
  "P_LV0101": 0.2599045346062052,
  "Q_LV0101": -0.011148994203886804,
  "U_LV0101": 1.0035013981623369,
  "I_LV0101_MV0101": 0.25923586313386987,
  "P_LV0102": 0.12633196721311474,
  "Q_LV0102": -0.011526639344262294,
  "U_LV0102": 1.0036124492016416,
  "I_LV0102_MV0102": 0.2520163267618431,
  "P_LV0103": 0.2480550774526678,
  "Q_LV0103": -0.011256454388984509,
  "U_LV0103": 1.003707296741272,
  "I_LV0103_MV0103": 0.24739318863126103,
  "P_LV0201": 0.25740365111561864,
  "Q_LV0201": -0.01110547667342799,
  "U_LV0201": 1.0039581531864816,
  "I_LV0201_MV0201": 0.25662733792478554,
  "P_LV0202": 0.2566009104704097,
  "Q_LV0202": -0.010925644916540212,
  "U_LV0202": 1.0043004704199727,
  "I_LV0202_MV0202": 0.2557336282504268,
  "P_LV0203": 0.256390977443609,
  "Q_LV0203": -0.010977443609022556,
  "U_LV0203": 1.0044561550516442,
  "I_LV0203_MV0203": 0.25548737946981864,
  "P_POIMV_MV0101": -0.754875411214861,
  "Q_POIMV_MV0101": 0.059599695611522764,
  "U_POIMV": 0.9982599048033559,
  "I_POIMV_MV0101": 0.7585444837035128,
  "P_POIMV_MV0201": -0.764092336677807,
  "Q_POIMV_MV0201": 0.05932210337052139,
  "I_POIMV_MV0201": 0.7677276015549546,
  "P_POI_POIMV": -1.518967747974104,
  "Q_POI_POIMV": 0.14868821565557452,
  "U_POI": 1.0,
  "I_POI_POIMV": 1.5262277696531277
}