{
  "P_LV0101": 0.10023866348448686,
  "Q_LV0101": -0.014012956017729285,
  "U_LV0101": 0.9996287642417588,
  "I_LV0101_MV0101": 0.10125098924229028,
  "P_LV0102": 0.053867827868852455,
  "Q_LV0102": -0.014139344262295081,
  "U_LV0102": 0.9999448029892288,
  "I_LV0102_MV0102": 0.10866552393320313,
  "P_LV0103": 0.11607573149741823,
  "Q_LV0103": -0.01414802065404475,
  "U_LV0103": 1.000229804265219,
  "I_LV0103_MV0103": 0.11690791046084112,
  "P_LV0201": 0.10496957403651115,
  "Q_LV0201": -0.013843813387423933,
  "U_LV0201": 0.9999706847947387,
  "I_LV0201_MV0201": 0.1058816317106755,
  "P_LV0202": 0.10591805766312595,
  "Q_LV0202": -0.013808801213960546,
  "U_LV0202": 1.0001328302641141,
  "I_LV0202_MV0202": 0.10680022251135197,
  "P_LV0203": 0.1055639097744361,
  "Q_LV0203": -0.01368421052631579,
  "U_LV0203": 1.0002073894989179,
  "I_LV0203_MV0203": 0.10642508288369075,
  "P_POIMV_MV0101": -0.32297547484200123,
  "Q_POIMV_MV0101": 0.04604732783360821,
  "U_POIMV": 0.9987910490774986,
  "I_POIMV_MV0101": 0.3266363834148526,
  "P_POIMV_MV0201": -0.31536277796076373,
  "Q_POIMV_MV0201": 0.04459629918443689,
  "I_POIMV_MV0201": 0.31888592814958233,
  "P_POI_POIMV": -0.6383382528027742,
  "Q_POI_POIMV": 0.09550352461627347,
  "U_POI": 1.0,
  "I_POI_POIMV": 0.6454429860223362
}