{
  "P_LV0101": 0.2855779065802932,
  "Q_LV0101": -0.007773610637572451,
  "U_LV0101": 1.0046327466792198,
  "I_LV0101_MV0101": 0.284366291304242,
  "P_LV0102": 0.14154713114754097,
  "Q_LV0102": -0.00783811475409836,
  "U_LV0102": 1.004938350252662,
  "I_LV0102_MV0102": 0.2818110678718498,
  "P_LV0103": 0.27769363166953526,
  "Q_LV0103": -0.007951807228915662,
  "U_LV0103": 1.0049859010524191,
  "I_LV0103_MV0103": 0.2764292103856714,
  "P_LV0201": 0.28372210953346855,
  "Q_LV0201": -0.0077586206896551714,
  "U_LV0201": 1.0051542066067383,
  "I_LV0201_MV0201": 0.2823727651754996,
  "P_LV0202": 0.2831562974203338,
  "Q_LV0202": -0.007738998482549317,
  "U_LV0202": 1.0055169410725007,
  "I_LV0202_MV0202": 0.2817078700015698,
  "P_LV0203": 0.2825563909774436,
  "Q_LV0203": -0.007669172932330827,
  "U_LV0203": 1.005699379077078,
  "I_LV0203_MV0203": 0.2810585911060463,
  "P_POIMV_MV0101": -0.8392730368715043,
  "Q_POIMV_MV0101": 0.05551798164550035,
  "U_POIMV": 0.998320643043005,
  "I_POIMV_MV0101": 0.8425221875267294,
  "P_POIMV_MV0201": -0.8417987014161638,
  "Q_POIMV_MV0201": 0.055372427528972014,
  "I_POIMV_MV0201": 0.845037017749167,
  "P_POI_POIMV": -1.681071738468404,
  "Q_POI_POIMV": 0.1474062310660964,
  "U_POI": 1.0,
  "I_POI_POIMV": 1.687522084843423
}