{
  "P_LV0101": 0.1433617456529151,
  "Q_LV0101": -0.016447323559495394,
  "U_LV0101": 1.0001296581762655,
  "I_LV0101_MV0101": 0.14428342194234794,
  "P_LV0102": 0.06602459016393443,
  "Q_LV0102": -0.016413934426229508,
  "U_LV0102": 1.000007798355694,
  "I_LV0102_MV0102": 0.13306437205417854,
  "P_LV0103": 0.1180998278829604,
  "Q_LV0103": -0.016481927710843374,
  "U_LV0103": 0.9997192041620233,
  "I_LV0103_MV0103": 0.11927787745068304,
  "P_LV0201": 0.13673427991886408,
  "Q_LV0201": -0.016247464503042597,
  "U_LV0201": 1.0002505612901242,
  "I_LV0201_MV0201": 0.13766170699013844,
  "P_LV0202": 0.13365705614567525,
  "Q_LV0202": -0.01620637329286798,
  "U_LV0202": 1.0003476047670805,
  "I_LV0202_MV0202": 0.1345892261586637,
  "P_LV0203": 0.1337142857142857,
  "Q_LV0203": -0.016060150375939847,
  "U_LV0203": 1.0004536201243894,
  "I_LV0203_MV0203": 0.134614244452656,
  "P_POIMV_MV0101": -0.39193640795582085,
  "Q_POIMV_MV0101": 0.05547340866698195,
  "U_POIMV": 0.998515922732101,
  "I_POIMV_MV0101": 0.3964310391023462,
  "P_POIMV_MV0201": -0.40233664417342585,
  "Q_POIMV_MV0201": 0.05478536227810196,
  "I_POIMV_MV0201": 0.40665302262580716,
  "P_POI_POIMV": -0.7942730521299461,
  "Q_POI_POIMV": 0.11809057348304626,
  "U_POI": 1.0,
  "I_POI_POIMV": 0.8030037763830098
}