{
  "P_LV0101": 0.2691101261506989,
  "Q_LV0101": -0.008489601091033071,
  "U_LV0101": 1.0041851349223665,
  "I_LV0101_MV0101": 0.2681218770986679,
  "P_LV0102": 0.13655225409836064,
  "Q_LV0102": -0.008452868852459015,
  "U_LV0102": 1.0046412659192812,
  "I_LV0102_MV0102": 0.2719729904709211,
  "P_LV0103": 0.2769707401032702,
  "Q_LV0103": -0.00857142857142857,
  "U_LV0103": 1.0048929147672665,
  "I_LV0103_MV0103": 0.2757540973172258,
  "P_LV0201": 0.271551724137931,
  "Q_LV0201": -0.008367139959432049,
  "U_LV0201": 1.0047938826340217,
  "I_LV0201_MV0201": 0.27038440797127106,
  "P_LV0202": 0.2726858877086495,
  "Q_LV0202": -0.00834597875569044,
  "U_LV0202": 1.0051811924281304,
  "I_LV0202_MV0202": 0.2714073649223214,
  "P_LV0203": 0.2730827067669173,
  "Q_LV0203": -0.008270676691729323,
  "U_LV0203": 1.005380091543356,
  "I_LV0203_MV0203": 0.27174590451432334,
  "P_POIMV_MV0101": -0.8125274402977364,
  "Q_POIMV_MV0101": 0.05539720748390619,
  "U_POIMV": 0.9983472564113912,
  "I_POIMV_MV0101": 0.8157619558321587,
  "P_POIMV_MV0201": -0.8102430803292794,
  "Q_POIMV_MV0201": 0.05471301843132058,
  "I_POIMV_MV0201": 0.8134326689135163,
  "P_POI_POIMV": -1.6227705207640157,
  "Q_POI_POIMV": 0.14410544156881042,
  "U_POI": 1.0,
  "I_POI_POIMV": 1.6291563894698557
}