{
  "P_LV0101": 0.3483395840436413,
  "Q_LV0101": -0.007241732015001704,
  "U_LV0101": 1.005573274199149,
  "I_LV0101_MV0101": 0.3464838019816955,
  "P_LV0102": 0.17548155737704918,
  "Q_LV0102": -0.007192622950819672,
  "U_LV0102": 1.006096640695714,
  "I_LV0102_MV0102": 0.34890963309942147,
  "P_LV0103": 0.35367986230636833,
  "Q_LV0103": -0.007435456110154905,
  "U_LV0103": 1.006351071600309,
  "I_LV0103_MV0103": 0.35152544875206937,
  "P_LV0201": 0.34941176470588237,
  "Q_LV0201": -0.006937119675456389,
  "U_LV0201": 1.006325799973126,
  "I_LV0201_MV0201": 0.34728377411857014,
  "P_LV0202": 0.3507132018209408,
  "Q_LV0202": -0.007101669195751138,
  "U_LV0202": 1.0067896934435463,
  "I_LV0202_MV0202": 0.348419435061357,
  "P_LV0203": 0.3502556390977443,
  "Q_LV0203": -0.007037593984962406,
  "U_LV0203": 1.0070187094834888,
  "I_LV0203_MV0203": 0.34788463318503227,
  "P_POIMV_MV0101": -1.0420236003196925,
  "Q_POIMV_MV0101": 0.07189315396101319,
  "U_POIMV": 0.9977738846576529,
  "I_POIMV_MV0101": 1.0468311131921193,
  "P_POIMV_MV0201": -1.03873559821753,
  "Q_POIMV_MV0201": 0.07099997311703996,
  "I_POIMV_MV0201": 1.043482188278401,
  "P_POI_POIMV": -2.08075919954049,
  "Q_POI_POIMV": 0.19922098766780427,
  "U_POI": 1.0,
  "I_POI_POIMV": 2.0902745868425314
}