{
  "P_LV0101": 0.2827139447664507,
  "Q_LV0101": -0.008387316740538697,
  "U_LV0101": 1.0044578451842976,
  "I_LV0101_MV0101": 0.2815830775390482,
  "P_LV0102": 0.13954918032786884,
  "Q_LV0102": -0.008452868852459015,
  "U_LV0102": 1.004732555263112,
  "I_LV0102_MV0102": 0.2779111049154785,
  "P_LV0103": 0.27397590361445784,
  "Q_LV0103": -0.00857142857142857,
  "U_LV0103": 1.0047825099462915,
  "I_LV0103_MV0103": 0.27280525700084907,
  "P_LV0201": 0.2808316430020284,
  "Q_LV0201": -0.008367139959432049,
  "U_LV0201": 1.0049733161002732,
  "I_LV0201_MV0201": 0.2795658917301777,
  "P_LV0202": 0.27996965098634297,
  "Q_LV0202": -0.00834597875569044,
  "U_LV0202": 1.0053252468433354,
  "I_LV0202_MV0202": 0.27861035254061467,
  "P_LV0203": 0.2796992481203007,
  "Q_LV0203": -0.008270676691729323,
  "U_LV0203": 1.0055135974815392,
  "I_LV0203_MV0203": 0.27828713966318885,
  "P_POIMV_MV0101": -0.8288683485326926,
  "Q_POIMV_MV0101": 0.05655879306958536,
  "U_POIMV": 0.9982977731274646,
  "I_POIMV_MV0101": 0.8322123992488948,
  "P_POIMV_MV0201": -0.8330204543805731,
  "Q_POIMV_MV0201": 0.05649994798718394,
  "I_POIMV_MV0201": 0.8363579927421203,
  "P_POI_POIMV": -1.6618888030787276,
  "Q_POI_POIMV": 0.14874475294314393,
  "U_POI": 1.0,
  "I_POI_POIMV": 1.6685321079699251
}