{
  "P_LV0101": 0.349689737470167,
  "Q_LV0101": -0.00785543811796795,
  "U_LV0101": 1.0054566104745573,
  "I_LV0101_MV0101": 0.34787971469112133,
  "P_LV0102": 0.17603483606557377,
  "Q_LV0102": -0.007745901639344263,
  "U_LV0102": 1.0059839743812966,
  "I_LV0102_MV0102": 0.3500601201047992,
  "P_LV0103": 0.3544234079173838,
  "Q_LV0103": -0.007931153184165231,
  "U_LV0103": 1.0062390795451777,
  "I_LV0103_MV0103": 0.35231402188871014,
  "P_LV0201": 0.35123732251521295,
  "Q_LV0201": -0.00766734279918864,
  "U_LV0201": 1.0062065441486108,
  "I_LV0201_MV0201": 0.34915396039805907,
  "P_LV0202": 0.35235204855842184,
  "Q_LV0202": -0.007647951441578148,
  "U_LV0202": 1.006694067054658,
  "I_LV0202_MV0202": 0.35009150393434485,
  "P_LV0203": 0.35260150375939847,
  "Q_LV0203": -0.007578947368421052,
  "U_LV0203": 1.006939687817864,
  "I_LV0203_MV0203": 0.3502523051896725,
  "P_POIMV_MV0101": -1.0451544595420745,
  "Q_POIMV_MV0101": 0.0738825775740774,
  "U_POIMV": 0.9977132736245089,
  "I_POIMV_MV0101": 1.050164044313954,
  "P_POIMV_MV0201": -1.0444133172322512,
  "Q_POIMV_MV0201": 0.0734028894287492,
  "I_POIMV_MV0201": 1.0493892368578253,
  "P_POI_POIMV": -2.089567777814027,
  "Q_POI_POIMV": 0.2041174269917603,
  "U_POI": 1.0,
  "I_POI_POIMV": 2.099513615597762
}