{
  "P_LV0101": 0.357545175588135,
  "Q_LV0101": -0.0060143198090692115,
  "U_LV0101": 1.0059621544160031,
  "I_LV0101_MV0101": 0.35547635109126335,
  "P_LV0102": 0.17926229508196723,
  "Q_LV0102": -0.005901639344262295,
  "U_LV0102": 1.0064688571511602,
  "I_LV0102_MV0102": 0.3562685100622463,
  "P_LV0103": 0.35826506024096383,
  "Q_LV0103": -0.006072289156626506,
  "U_LV0103": 1.0066751620405225,
  "I_LV0103_MV0103": 0.3559405558706935,
  "P_LV0201": 0.35872210953346856,
  "Q_LV0201": -0.005841784989858012,
  "U_LV0201": 1.0067184404374923,
  "I_LV0201_MV0201": 0.3563753864067454,
  "P_LV0202": 0.3590895295902883,
  "Q_LV0202": -0.00582701062215478,
  "U_LV0202": 1.0071998249036198,
  "I_LV0202_MV0202": 0.35656956617390545,
  "P_LV0203": 0.3592781954887218,
  "Q_LV0203": -0.005774436090225564,
  "U_LV0203": 1.007446881511484,
  "I_LV0203_MV0203": 0.35666852870265775,
  "P_POIMV_MV0101": -1.0629405238535827,
  "Q_POIMV_MV0101": 0.07006247923463034,
  "U_POIMV": 0.9977944605197769,
  "I_POIMV_MV0101": 1.0676017021190485,
  "P_POIMV_MV0201": -1.0648571365157156,
  "Q_POIMV_MV0201": 0.06996586595050715,
  "I_POIMV_MV0201": 1.0695120469756034,
  "P_POI_POIMV": -2.127797661564959,
  "Q_POI_POIMV": 0.19893234315608593,
  "U_POI": 1.0,
  "I_POI_POIMV": 2.1370767336983665
}