{
  "P_LV0101": 0.2903852710535288,
  "Q_LV0101": -0.006853051483123081,
  "U_LV0101": 1.0049171084871489,
  "I_LV0101_MV0101": 0.289044860405584,
  "P_LV0102": 0.14431352459016392,
  "Q_LV0102": -0.0066086065573770485,
  "U_LV0102": 1.0052907855259956,
  "I_LV0102_MV0102": 0.28718327182904874,
  "P_LV0103": 0.2846127366609294,
  "Q_LV0103": -0.006815834767641996,
  "U_LV0103": 1.0053615405962895,
  "I_LV0103_MV0103": 0.2831760769100791,
  "P_LV0201": 0.2882860040567951,
  "Q_LV0201": -0.006693711967545638,
  "U_LV0201": 1.005463485186115,
  "I_LV0201_MV0201": 0.28679679421510634,
  "P_LV0202": 0.2874051593323217,
  "Q_LV0202": -0.006676783004552352,
  "U_LV0202": 1.005826485299205,
  "I_LV0202_MV0202": 0.2858173930914481,
  "P_LV0203": 0.28842105263157897,
  "Q_LV0203": -0.006466165413533834,
  "U_LV0203": 1.0060682855867558,
  "I_LV0203_MV0203": 0.28675342496753287,
  "P_POIMV_MV0101": -0.8562458486462242,
  "Q_POIMV_MV0101": 0.05356831867344534,
  "U_POIMV": 0.9983655750623313,
  "I_POIMV_MV0101": 0.8593243797914215,
  "P_POIMV_MV0201": -0.8562161824025074,
  "Q_POIMV_MV0201": 0.05318880573844379,
  "I_POIMV_MV0201": 0.8592710704079267,
  "P_POI_POIMV": -1.7124620312575352,
  "Q_POI_POIMV": 0.14464944352548487,
  "U_POI": 1.0,
  "I_POI_POIMV": 1.718560348085256
}