{
  "P_LV0101": 0.39652233208319126,
  "Q_LV0101": -0.04943743607228094,
  "U_LV0101": 0.9983581876259461,
  "I_LV0101_MV0101": 0.40024945150798824,
  "P_LV0102": 0.8428230480736447,
  "Q_LV0102": -0.032730992158199794,
  "U_LV0102": 0.9987141576100294,
  "I_LV0102_MV0102": 0.2832054068097247,
  "P_LV0103": 0.44459597681554724,
  "Q_LV0103": -0.04943743607228094,
  "U_LV0103": 1.0000075879168144,
  "I_LV0103_MV0103": 0.44733276850206183,
  "P_LV0201": 0.2748039549948858,
  "Q_LV0201": -0.033071939993181046,
  "U_LV0201": 0.9985183503127901,
  "I_LV0201_MV0201": 0.2771975714961777,
  "P_LV0202": 0.27923627684964203,
  "Q_LV0202": -0.032730992158199794,
  "U_LV0202": 0.9990118473886723,
  "I_LV0202_MV0202": 0.28142612437249565,
  "P_LV0203": 0.280600068189567,
  "Q_LV0203": -0.032730992158199794,
  "U_LV0203": 0.9992160540518433,
  "I_LV0203_MV0203": 0.28272423535709834,
  "P_POIMV_MV0101": -1.108866026591809,
  "Q_POIMV_MV0101": 0.19217229275379963,
  "U_POIMV": 0.9954667166827547,
  "I_POIMV_MV0101": 1.1305200338110672,
  "P_POIMV_MV0201": -0.8270682257653222,
  "Q_POIMV_MV0201": 0.13045130493443025,
  "I_POIMV_MV0201": 0.8411058667984502,
  "P_POI_POIMV": -1.9359342532066202,
  "Q_POI_POIMV": 0.37267121446721013,
  "U_POI": 1.0,
  "I_POI_POIMV": 1.971477939727234
}