{
  "P_LV0101": 0.9713603818615751,
  "Q_LV0101": -0.0235254006137061,
  "U_LV0101": 1.0055662664957485,
  "I_LV0101_MV0101": 0.9662667231354334,
  "P_LV0102": 1.9321513808387318,
  "Q_LV0102": -0.015683600409137403,
  "U_LV0102": 1.003785820104533,
  "I_LV0102_MV0102": 0.6418116083543353,
  "P_LV0103": 0.9488578247528128,
  "Q_LV0103": -0.0235254006137061,
  "U_LV0103": 1.0069408234727495,
  "I_LV0103_MV0103": 0.9426069487108497,
  "P_LV0201": 0.6525741561541084,
  "Q_LV0201": -0.015683600409137403,
  "U_LV0201": 1.0040086806664215,
  "I_LV0201_MV0201": 0.650156325273657,
  "P_LV0202": 0.6542788953290146,
  "Q_LV0202": -0.015683600409137403,
  "U_LV0202": 1.0048668313099356,
  "I_LV0202_MV0202": 0.6512970896329001,
  "P_LV0203": 0.6617797476986021,
  "Q_LV0203": -0.015342652574156155,
  "U_LV0203": 1.0054438923838667,
  "I_LV0203_MV0203": 0.6583734609959389,
  "P_POIMV_MV0101": -2.497575212267309,
  "Q_POIMV_MV0101": 0.3749113478195949,
  "U_POIMV": 0.9904037358409453,
  "I_POIMV_MV0101": 2.550028199442546,
  "P_POIMV_MV0201": -1.9275540366177015,
  "Q_POIMV_MV0201": 0.22673464210103134,
  "I_POIMV_MV0201": 1.9596487219131997,
  "P_POI_POIMV": -4.425129248885259,
  "Q_POI_POIMV": 0.8658229009192948,
  "U_POI": 1.0,
  "I_POI_POIMV": 4.5090373878574255
}