{
  "P_LV0101": 0.9976133651551312,
  "Q_LV0101": -0.011933174224343675,
  "U_LV0101": 1.0076512368413246,
  "I_LV0101_MV0101": 0.9901091734765254,
  "P_LV0102": 1.9965905216501876,
  "Q_LV0102": -0.007841800204568702,
  "U_LV0102": 1.0054720242579431,
  "I_LV0102_MV0102": 0.6619541422860701,
  "P_LV0103": 0.9904534606205251,
  "Q_LV0103": -0.012274122059324924,
  "U_LV0103": 1.009189510225181,
  "I_LV0103_MV0103": 0.9815099153772419,
  "P_LV0201": 0.6720081827480395,
  "Q_LV0201": -0.007841800204568702,
  "U_LV0201": 1.0056524873488344,
  "I_LV0201_MV0201": 0.6682765104507222,
  "P_LV0202": 0.6737129219229457,
  "Q_LV0202": -0.007841800204568702,
  "U_LV0202": 1.0065387199955378,
  "I_LV0202_MV0202": 0.6693816591452304,
  "P_LV0203": 0.6801909307875895,
  "Q_LV0203": -0.007841800204568702,
  "U_LV0203": 1.0070647543974978,
  "I_LV0203_MV0203": 0.675464144361,
  "P_POIMV_MV0101": -2.582464543108151,
  "Q_POIMV_MV0101": 0.3649740720032064,
  "U_POIMV": 0.9906009918535773,
  "I_POIMV_MV0101": 2.6328739290797465,
  "P_POIMV_MV0201": -1.9825705216856524,
  "Q_POIMV_MV0201": 0.21355552518326235,
  "I_POIMV_MV0201": 2.012958892826043,
  "P_POI_POIMV": -4.565035064794255,
  "Q_POI_POIMV": 0.8589287556021561,
  "U_POI": 1.0,
  "I_POI_POIMV": 4.645137645969316
}