{
  "P_LV0101": 0.08557790658029321,
  "Q_LV0101": -0.015342652574156155,
  "U_LV0101": 0.9993073886265623,
  "I_LV0101_MV0101": 0.08700262545072036,
  "P_LV0102": 0.1401295601772929,
  "Q_LV0102": -0.009887487214456188,
  "U_LV0102": 0.9990991938814279,
  "I_LV0102_MV0102": 0.047787919703474284,
  "P_LV0103": 0.057961131946812135,
  "Q_LV0103": -0.015342652574156155,
  "U_LV0103": 0.9986733369958551,
  "I_LV0103_MV0103": 0.060037048846580995,
  "P_LV0201": 0.05114217524718718,
  "Q_LV0201": -0.009887487214456188,
  "U_LV0201": 0.9992348475862773,
  "I_LV0201_MV0201": 0.05212908415843896,
  "P_LV0202": 0.04875554040231844,
  "Q_LV0202": -0.009887487214456188,
  "U_LV0202": 0.999229328329507,
  "I_LV0202_MV0202": 0.0497863852320818,
  "P_LV0203": 0.0484145925673372,
  "Q_LV0203": -0.009887487214456188,
  "U_LV0203": 0.999249216855844,
  "I_LV0203_MV0203": 0.049451043844177416,
  "P_POIMV_MV0101": -0.18985131442829867,
  "Q_POIMV_MV0101": 0.04118677252985919,
  "U_POIMV": 0.999080432701466,
  "I_POIMV_MV0101": 0.19444633290966507,
  "P_POIMV_MV0201": -0.14806763924516622,
  "Q_POIMV_MV0201": 0.02919181145549136,
  "I_POIMV_MV0201": 0.15105672435284945,
  "P_POI_POIMV": -0.33791895367328906,
  "Q_POI_POIMV": 0.07136687578507227,
  "U_POI": 1.0,
  "I_POI_POIMV": 0.3453729147037625
}