{
  "P_LV0101": 0.4394817592908285,
  "Q_LV0101": -0.05114217524718718,
  "U_LV0101": 0.9985414970966486,
  "I_LV0101_MV0101": 0.4430936950297551,
  "P_LV0102": 0.9277190589839754,
  "Q_LV0102": -0.03409478349812479,
  "U_LV0102": 0.9987745856504795,
  "I_LV0102_MV0102": 0.31149525560672664,
  "P_LV0103": 0.4878963518581657,
  "Q_LV0103": -0.05114217524718718,
  "U_LV0103": 1.0002262903089414,
  "I_LV0103_MV0103": 0.49045845046500497,
  "P_LV0201": 0.3048073644732356,
  "Q_LV0201": -0.03409478349812479,
  "U_LV0201": 0.9986728082611548,
  "I_LV0201_MV0201": 0.30711590550771356,
  "P_LV0202": 0.3085577906580293,
  "Q_LV0202": -0.033753835663143536,
  "U_LV0202": 0.9991863018515309,
  "I_LV0202_MV0202": 0.31065128077561827,
  "P_LV0203": 0.3106034776679168,
  "Q_LV0203": -0.03409478349812479,
  "U_LV0203": 0.9993755634973002,
  "I_LV0203_MV0203": 0.3126643968087699,
  "P_POIMV_MV0101": -1.2206310129821067,
  "Q_POIMV_MV0101": 0.2100534085397866,
  "U_POIMV": 0.9950187391351332,
  "I_POIMV_MV0101": 1.2447733096474907,
  "P_POIMV_MV0201": -0.914708717843731,
  "Q_POIMV_MV0201": 0.14132224373381488,
  "I_POIMV_MV0201": 0.9301950033379878,
  "P_POI_POIMV": -2.1353397326752694,
  "Q_POI_POIMV": 0.412400660507029,
  "U_POI": 1.0,
  "I_POI_POIMV": 2.174798859372591
}