{
  "P_LV0101": 0.9038527105352882,
  "Q_LV0101": -0.033753835663143536,
  "U_LV0101": 1.004083913463743,
  "I_LV0101_MV0101": 0.9008039439355894,
  "P_LV0102": 1.7725877940675074,
  "Q_LV0102": -0.02250255710876236,
  "U_LV0102": 1.0024976728847845,
  "I_LV0102_MV0102": 0.5898177673878318,
  "P_LV0103": 0.8561200136379133,
  "Q_LV0103": -0.033753835663143536,
  "U_LV0103": 1.005012271565745,
  "I_LV0103_MV0103": 0.8525121311362442,
  "P_LV0201": 0.6014319809069213,
  "Q_LV0201": -0.02250255710876236,
  "U_LV0201": 1.0027592819315023,
  "I_LV0201_MV0201": 0.6001966880122767,
  "P_LV0202": 0.5993862938970338,
  "Q_LV0202": -0.02250255710876236,
  "U_LV0202": 1.0034868051754413,
  "I_LV0202_MV0202": 0.5977243995819073,
  "P_LV0203": 0.605182407091715,
  "Q_LV0203": -0.02250255710876236,
  "U_LV0203": 1.0039603292038886,
  "I_LV0203_MV0203": 0.6032117030641493,
  "P_POIMV_MV0101": -2.294574393696686,
  "Q_POIMV_MV0101": 0.3533350435865645,
  "U_POIMV": 0.9910558551402324,
  "I_POIMV_MV0101": 2.3425718446636323,
  "P_POIMV_MV0201": -1.7713118497014562,
  "Q_POIMV_MV0201": 0.21931188144295402,
  "I_POIMV_MV0201": 1.8009449838816547,
  "P_POI_POIMV": -4.065886243397846,
  "Q_POI_POIMV": 0.7955857275690561,
  "U_POI": 1.0,
  "I_POI_POIMV": 4.142992589199674
}