{
  "P_LV0101": 0.8397545175588135,
  "Q_LV0101": -0.03579952267303103,
  "U_LV0101": 1.0035066897251779,
  "I_LV0101_MV0101": 0.8375801211757398,
  "P_LV0102": 1.7020115922263892,
  "Q_LV0102": -0.02386634844868735,
  "U_LV0102": 1.0022955275731933,
  "I_LV0102_MV0102": 0.5665384673532656,
  "P_LV0103": 0.8619161268325947,
  "Q_LV0103": -0.03579952267303103,
  "U_LV0103": 1.0051627810299621,
  "I_LV0103_MV0103": 0.8582284242247306,
  "P_LV0201": 0.5687009887487214,
  "Q_LV0201": -0.02386634844868735,
  "U_LV0201": 1.0023671060348092,
  "I_LV0201_MV0201": 0.5678573824923047,
  "P_LV0202": 0.5727923627684964,
  "Q_LV0202": -0.02386634844868735,
  "U_LV0202": 1.0031603557769488,
  "I_LV0202_MV0202": 0.5714832722819405,
  "P_LV0203": 0.5775656324582339,
  "Q_LV0203": -0.02386634844868735,
  "U_LV0203": 1.003602881861314,
  "I_LV0203_MV0203": 0.5759833286246151,
  "P_POIMV_MV0101": -2.2164339456649973,
  "Q_POIMV_MV0101": 0.34103686043057085,
  "U_POIMV": 0.9914665617336057,
  "I_POIMV_MV0101": 2.261818777722313,
  "P_POIMV_MV0201": -1.6875889906140116,
  "Q_POIMV_MV0201": 0.20914721015765197,
  "I_POIMV_MV0201": 1.7151356830224123,
  "P_POI_POIMV": -3.9040229362786634,
  "Q_POI_POIMV": 0.7555157926307684,
  "U_POI": 1.0,
  "I_POI_POIMV": 3.976455607686873
}