{
  "P_LV0101": 0.9792021820661438,
  "Q_LV0101": -0.017729287419024888,
  "U_LV0101": 1.0065184596853964,
  "I_LV0101_MV0101": 0.9730200786640367,
  "P_LV0102": 1.9699965905216503,
  "Q_LV0102": -0.011933174224343675,
  "U_LV0102": 1.0045951693405584,
  "I_LV0102_MV0102": 0.6537697655177407,
  "P_LV0103": 0.9829526082509376,
  "Q_LV0103": -0.017729287419024888,
  "U_LV0103": 1.0081757761707686,
  "I_LV0103_MV0103": 0.9751399587267097,
  "P_LV0201": 0.6607569041936584,
  "Q_LV0201": -0.011933174224343675,
  "U_LV0201": 1.0047354949938307,
  "I_LV0201_MV0201": 0.6577498798467263,
  "P_LV0202": 0.665871121718377,
  "Q_LV0202": -0.011933174224343675,
  "U_LV0202": 1.005658790803669,
  "I_LV0202_MV0202": 0.6622306166950827,
  "P_LV0203": 0.6713262870780771,
  "Q_LV0203": -0.011933174224343675,
  "U_LV0203": 1.0061640172809512,
  "I_LV0203_MV0203": 0.6673189722168281,
  "P_POIMV_MV0101": -2.5493646521505555,
  "Q_POIMV_MV0101": 0.37236361171575144,
  "U_POIMV": 0.9904519949779115,
  "I_POIMV_MV0101": 2.6012518700833365,
  "P_POIMV_MV0201": -1.9557130623398546,
  "Q_POIMV_MV0201": 0.22095230430714408,
  "I_POIMV_MV0201": 1.9871279550027605,
  "P_POI_POIMV": -4.505077714491285,
  "Q_POI_POIMV": 0.8668113799143529,
  "U_POI": 1.0,
  "I_POI_POIMV": 4.58771045097171
}