{
  "P_LV0101": 0.39822707125809753,
  "Q_LV0101": -0.045687009887487216,
  "U_LV0101": 0.9994580749075918,
  "I_LV0101_MV0101": 0.40105659108997405,
  "P_LV0102": 0.7323559495397204,
  "Q_LV0102": -0.03034435731333106,
  "U_LV0102": 0.9986591081083008,
  "I_LV0102_MV0102": 0.2463276467255981,
  "P_LV0103": 0.3249232867371292,
  "Q_LV0103": -0.045346062052505964,
  "U_LV0103": 0.9985418471843233,
  "I_LV0103_MV0103": 0.32855133775390577,
  "P_LV0201": 0.2553699284009546,
  "Q_LV0201": -0.03034435731333106,
  "U_LV0201": 0.9989784335718234,
  "I_LV0201_MV0201": 0.2574294260808473,
  "P_LV0202": 0.25025571087623594,
  "Q_LV0202": -0.03034435731333106,
  "U_LV0202": 0.9991740969008623,
  "I_LV0202_MV0202": 0.25229704945234116,
  "P_LV0203": 0.25264234572110467,
  "Q_LV0203": -0.03034435731333106,
  "U_LV0203": 0.9993851722089244,
  "I_LV0203_MV0203": 0.2546146642309781,
  "P_POIMV_MV0101": -0.9574797832913311,
  "Q_POIMV_MV0101": 0.16630385760622263,
  "U_POIMV": 0.9960528231496422,
  "I_POIMV_MV0101": 0.9756661857594054,
  "P_POIMV_MV0201": -0.7520234221934284,
  "Q_POIMV_MV0201": 0.11710037935596963,
  "I_POIMV_MV0201": 0.7641019317878502,
  "P_POI_POIMV": -1.7095032057897568,
  "Q_POI_POIMV": 0.3222470138763561,
  "U_POI": 1.0,
  "I_POI_POIMV": 1.73961040137086
}