{
  "P_LV0101": 0.4180020456870099,
  "Q_LV0101": -0.050119331742243436,
  "U_LV0101": 0.998484913397448,
  "I_LV0101_MV0101": 0.4216348434910094,
  "P_LV0102": 0.885782475281282,
  "Q_LV0102": -0.03341288782816229,
  "U_LV0102": 0.9987562911021446,
  "I_LV0102_MV0102": 0.29751540087610334,
  "P_LV0103": 0.46539379474940334,
  "Q_LV0103": -0.050119331742243436,
  "U_LV0103": 1.0001355659527305,
  "I_LV0103_MV0103": 0.4680213003790105,
  "P_LV0201": 0.2921922945789294,
  "Q_LV0201": -0.03341288782816229,
  "U_LV0201": 0.9986866801522556,
  "I_LV0201_MV0201": 0.2944832621468235,
  "P_LV0202": 0.29526082509376067,
  "Q_LV0202": -0.033071939993181046,
  "U_LV0202": 0.9991697837290069,
  "I_LV0202_MV0202": 0.2973541013946562,
  "P_LV0203": 0.2976474599386294,
  "Q_LV0203": -0.03341288782816229,
  "U_LV0203": 0.9993589677776793,
  "I_LV0203_MV0203": 0.29970912011963835,
  "P_POIMV_MV0101": -1.164123024187056,
  "Q_POIMV_MV0101": 0.20050844280388908,
  "U_POIMV": 0.9952492822152137,
  "I_POIMV_MV0101": 1.1869032405835744,
  "P_POIMV_MV0201": -0.8765986518186453,
  "Q_POIMV_MV0201": 0.13592669886704123,
  "I_POIMV_MV0201": 0.89130891080167,
  "P_POI_POIMV": -2.040721677286579,
  "Q_POI_POIMV": 0.39210232597123057,
  "U_POI": 1.0,
  "I_POI_POIMV": 2.078049373373837
}