{
  "P_LV0101": 0.5649505625639277,
  "Q_LV0101": -0.05318786225707467,
  "U_LV0101": 0.9997588507799087,
  "I_LV0101_MV0101": 0.5675856243329471,
  "P_LV0102": 1.0760313672008184,
  "Q_LV0102": -0.03511762700306853,
  "U_LV0102": 0.9989860059816841,
  "I_LV0102_MV0102": 0.36075798948607635,
  "P_LV0103": 0.49539720422775313,
  "Q_LV0103": -0.05284691442209342,
  "U_LV0103": 0.9994339918683592,
  "I_LV0103_MV0103": 0.49849012371731555,
  "P_LV0201": 0.3702693487896352,
  "Q_LV0201": -0.03511762700306853,
  "U_LV0201": 0.9992975276730444,
  "I_LV0201_MV0201": 0.3721924136708249,
  "P_LV0202": 0.36379133992499146,
  "Q_LV0202": -0.03511762700306853,
  "U_LV0202": 0.9996213535005267,
  "I_LV0202_MV0202": 0.36562084351230273,
  "P_LV0203": 0.36924650528469144,
  "Q_LV0203": -0.03511762700306853,
  "U_LV0203": 0.9999630036768973,
  "I_LV0203_MV0203": 0.37092642043598634,
  "P_POIMV_MV0101": -1.398161452225737,
  "Q_POIMV_MV0101": 0.2381696158241374,
  "U_POIMV": 0.9942365412992186,
  "I_POIMV_MV0101": 1.4265235861008692,
  "P_POIMV_MV0201": -1.0901651119646663,
  "Q_POIMV_MV0201": 0.16191686062300545,
  "I_POIMV_MV0201": 1.1085127448075347,
  "P_POI_POIMV": -2.488326570273275,
  "Q_POI_POIMV": 0.4831890726957214,
  "U_POI": 1.0,
  "I_POI_POIMV": 2.5348058703381033
}