{
  "P_LV0101": 0.478690760313672,
  "Q_LV0101": -0.05216501875213092,
  "U_LV0101": 0.9987563755883401,
  "I_LV0101_MV0101": 0.4821242773042619,
  "P_LV0102": 1.0054551653597,
  "Q_LV0102": -0.034776679168087285,
  "U_LV0102": 0.9989007765798905,
  "I_LV0102_MV0102": 0.3373219665403674,
  "P_LV0103": 0.5264234572110467,
  "Q_LV0103": -0.05216501875213092,
  "U_LV0103": 1.0004548599003302,
  "I_LV0103_MV0103": 0.5287612315543578,
  "P_LV0201": 0.3334469826116604,
  "Q_LV0201": -0.034776679168087285,
  "U_LV0201": 0.9988673858045141,
  "I_LV0201_MV0201": 0.3356357311092694,
  "P_LV0202": 0.3354926696215479,
  "Q_LV0202": -0.034776679168087285,
  "U_LV0202": 0.9993300337375193,
  "I_LV0202_MV0202": 0.33751642785903574,
  "P_LV0203": 0.33890214797136037,
  "Q_LV0203": -0.03443573133310603,
  "U_LV0203": 0.9996604175478324,
  "I_LV0203_MV0203": 0.34076287380585046,
  "P_POIMV_MV0101": -1.3215311908762957,
  "Q_POIMV_MV0101": 0.2256787914500998,
  "U_POIMV": 0.9946148816219224,
  "I_POIMV_MV0101": 1.347921090242672,
  "P_POIMV_MV0201": -0.996846601985991,
  "Q_POIMV_MV0201": 0.15104071520593745,
  "I_POIMV_MV0201": 1.013683206437807,
  "P_POI_POIMV": -2.3183777964028947,
  "Q_POI_POIMV": 0.4487673370031224,
  "U_POI": 1.0,
  "I_POI_POIMV": 2.3614122320371798
}