{
  "P_LV0101": 0.0726218888510058,
  "Q_LV0101": -0.013637913399249914,
  "U_LV0101": 0.9992898445096546,
  "I_LV0101_MV0101": 0.07394384685137659,
  "P_LV0102": 0.119672690078418,
  "Q_LV0102": -0.008864643709512444,
  "U_LV0102": 0.999133461887579,
  "I_LV0102_MV0102": 0.04089942333716576,
  "P_LV0103": 0.04977838390726219,
  "Q_LV0103": -0.013637913399249914,
  "U_LV0103": 0.998762935185186,
  "I_LV0103_MV0103": 0.051676707456925826,
  "P_LV0201": 0.043641322877599725,
  "Q_LV0201": -0.00954653937947494,
  "U_LV0201": 0.9991526841056855,
  "I_LV0201_MV0201": 0.044711152615651804,
  "P_LV0202": 0.04159563586771224,
  "Q_LV0202": -0.00954653937947494,
  "U_LV0202": 0.9991467654522578,
  "I_LV0202_MV0202": 0.042713520639066346,
  "P_LV0203": 0.04125468803273099,
  "Q_LV0203": -0.008864643709512444,
  "U_LV0203": 0.9992570624110682,
  "I_LV0203_MV0203": 0.042227708127834836,
  "P_POIMV_MV0101": -0.16200120805304657,
  "Q_POIMV_MV0101": 0.03624336638892769,
  "U_POIMV": 0.9991735567857468,
  "I_POIMV_MV0101": 0.16614325068059071,
  "P_POIMV_MV0201": -0.1263121600500869,
  "Q_POIMV_MV0201": 0.027198321762163087,
  "I_POIMV_MV0201": 0.12931410927741094,
  "P_POI_POIMV": -0.2883134101019515,
  "Q_POI_POIMV": 0.06401246431458975,
  "U_POI": 1.0,
  "I_POI_POIMV": 0.2953340786841957
}