{
  "P_LV0101": 0.951926355267644,
  "Q_LV0101": -0.025912035458574838,
  "U_LV0101": 1.0053123556484747,
  "I_LV0101_MV0101": 0.9472468487848873,
  "P_LV0102": 1.8840777361063756,
  "Q_LV0102": -0.017388339584043642,
  "U_LV0102": 1.0035272777209652,
  "I_LV0102_MV0102": 0.6260583024741241,
  "P_LV0103": 0.9168087282645755,
  "Q_LV0103": -0.026252983293556086,
  "U_LV0103": 1.0064605847531451,
  "I_LV0103_MV0103": 0.9112970190721968,
  "P_LV0201": 0.6358677122400272,
  "Q_LV0201": -0.017388339584043642,
  "U_LV0201": 1.0037384602417547,
  "I_LV0201_MV0201": 0.6337362195642917,
  "P_LV0202": 0.6362086600750085,
  "Q_LV0202": -0.017388339584043642,
  "U_LV0202": 1.0045514282691583,
  "I_LV0202_MV0202": 0.6335626228878936,
  "P_LV0203": 0.6406409819297647,
  "Q_LV0203": -0.017388339584043642,
  "U_LV0203": 1.0050237416728145,
  "I_LV0203_MV0203": 0.6376734100000551,
  "P_POIMV_MV0101": -2.433504369737705,
  "Q_POIMV_MV0101": 0.3656638287386067,
  "U_POIMV": 0.9906774536885401,
  "I_POIMV_MV0101": 2.4839807808680403,
  "P_POIMV_MV0201": -1.8739119099394,
  "Q_POIMV_MV0201": 0.2221607020636558,
  "I_POIMV_MV0201": 1.904792551894469,
  "P_POI_POIMV": -4.3074162796767945,
  "Q_POI_POIMV": 0.8379993078684331,
  "U_POI": 1.0,
  "I_POI_POIMV": 4.388174773913712
}