{
  "P_LV0101": 0.947834981247869,
  "Q_LV0101": -0.0235254006137061,
  "U_LV0101": 1.0055286311834468,
  "I_LV0101_MV0101": 0.9429138652137927,
  "P_LV0102": 1.9137401977497444,
  "Q_LV0102": -0.015683600409137403,
  "U_LV0102": 1.003863044237765,
  "I_LV0102_MV0102": 0.6356506204557971,
  "P_LV0103": 0.9566996249573815,
  "Q_LV0103": -0.0235254006137061,
  "U_LV0103": 1.0071868007374503,
  "I_LV0103_MV0103": 0.9501602158344432,
  "P_LV0201": 0.6420047732696897,
  "Q_LV0201": -0.015683600409137403,
  "U_LV0201": 1.0039993658797075,
  "I_LV0201_MV0201": 0.6396381657825164,
  "P_LV0202": 0.645073303784521,
  "Q_LV0202": -0.015683600409137403,
  "U_LV0202": 1.0048667501529607,
  "I_LV0202_MV0202": 0.6421388033741837,
  "P_LV0203": 0.651892260484146,
  "Q_LV0203": -0.015683600409137403,
  "U_LV0203": 1.0053813210811768,
  "I_LV0203_MV0203": 0.648590621365273,
  "P_POIMV_MV0101": -2.4768403786787854,
  "Q_POIMV_MV0101": 0.3695935884740113,
  "U_POIMV": 0.9905798074998388,
  "I_POIMV_MV0101": 2.528078890049748,
  "P_POIMV_MV0201": -1.8991156983000295,
  "Q_POIMV_MV0201": 0.22165950492164962,
  "I_POIMV_MV0201": 1.9301904464231159,
  "P_POI_POIMV": -4.375956076978286,
  "Q_POI_POIMV": 0.8494285343199386,
  "U_POI": 1.0,
  "I_POI_POIMV": 4.457636192261558
}