{
  "P_LV0101": 0.29253324241391065,
  "Q_LV0101": -0.043641322877599725,
  "U_LV0101": 0.9979400771192837,
  "I_LV0101_MV0101": 0.2963811479106732,
  "P_LV0102": 0.634162973065121,
  "Q_LV0102": -0.028980565973406067,
  "U_LV0102": 0.9984838157434053,
  "I_LV0102_MV0102": 0.21368897263847197,
  "P_LV0103": 0.3416297306512104,
  "Q_LV0103": -0.043641322877599725,
  "U_LV0103": 0.9995411884268096,
  "I_LV0103_MV0103": 0.34456401022376226,
  "P_LV0201": 0.20559154449369246,
  "Q_LV0201": -0.028980565973406067,
  "U_LV0201": 0.9983301668616458,
  "I_LV0201_MV0201": 0.2079713520922255,
  "P_LV0202": 0.2100238663484487,
  "Q_LV0202": -0.028980565973406067,
  "U_LV0202": 0.998694649822249,
  "I_LV0202_MV0202": 0.2122910231911441,
  "P_LV0203": 0.21138765768837367,
  "Q_LV0203": -0.028980565973406067,
  "U_LV0203": 0.9988570331692329,
  "I_LV0203_MV0203": 0.21360912893255307,
  "P_POIMV_MV0101": -0.8379899296221562,
  "Q_POIMV_MV0101": 0.15040460646415224,
  "U_POIMV": 0.9964958868808756,
  "I_POIMV_MV0101": 0.8543742724238185,
  "P_POIMV_MV0201": -0.6227042852520006,
  "Q_POIMV_MV0201": 0.1043892943361789,
  "I_POIMV_MV0201": 0.6336137541106172,
  "P_POI_POIMV": -1.4606942149656803,
  "Q_POI_POIMV": 0.28305680802578653,
  "U_POI": 1.0,
  "I_POI_POIMV": 1.4878671802966659
}