{
  "P_LV0101": 0.13160586430276167,
  "Q_LV0101": -0.020456870098874872,
  "U_LV0101": 0.9994045180920996,
  "I_LV0101_MV0101": 0.13326564431118015,
  "P_LV0102": 0.21991135356290487,
  "Q_LV0102": -0.013637913399249914,
  "U_LV0102": 0.9989510000554503,
  "I_LV0102_MV0102": 0.07463993290985571,
  "P_LV0103": 0.09035117627003068,
  "Q_LV0103": -0.02079781793385612,
  "U_LV0103": 0.9984514201262141,
  "I_LV0103_MV0103": 0.09285778955092315,
  "P_LV0201": 0.079781793385612,
  "Q_LV0201": -0.013637913399249914,
  "U_LV0201": 0.9991484779230726,
  "I_LV0201_MV0201": 0.08100801419191236,
  "P_LV0202": 0.07637231503579953,
  "Q_LV0202": -0.013637913399249914,
  "U_LV0202": 0.9991523320982367,
  "I_LV0202_MV0202": 0.07764624866338309,
  "P_LV0203": 0.07671326287078077,
  "Q_LV0203": -0.013637913399249914,
  "U_LV0203": 0.9992079894534589,
  "I_LV0203_MV0203": 0.07797785121391028,
  "P_POIMV_MV0101": -0.29431626694019264,
  "Q_POIMV_MV0101": 0.05809879648837077,
  "U_POIMV": 0.9986785927906224,
  "I_POIMV_MV0101": 0.30039283312555604,
  "P_POIMV_MV0201": -0.23226921135300577,
  "Q_POIMV_MV0201": 0.04200788804216607,
  "I_POIMV_MV0201": 0.23634970361403201,
  "P_POI_POIMV": -0.5265854782931753,
  "Q_POI_POIMV": 0.10329177184992341,
  "U_POI": 1.0,
  "I_POI_POIMV": 0.5366204022222308
}