{
  "P_LV0101": 0.7136038186157518,
  "Q_LV0101": -0.04500511421752472,
  "U_LV0101": 1.0016199098463192,
  "I_LV0101_MV0101": 0.7138651826040058,
  "P_LV0102": 1.4667575860893285,
  "Q_LV0102": -0.030003409478349813,
  "U_LV0102": 1.0009324142144356,
  "I_LV0102_MV0102": 0.4893826267101891,
  "P_LV0103": 0.7504261847937266,
  "Q_LV0103": -0.045346062052505964,
  "U_LV0103": 1.0032846314281196,
  "I_LV0103_MV0103": 0.7493337114374525,
  "P_LV0201": 0.48823729969314694,
  "Q_LV0201": -0.030003409478349813,
  "U_LV0201": 1.0009521446622012,
  "I_LV0201_MV0201": 0.4886930141259014,
  "P_LV0202": 0.4933515172178657,
  "Q_LV0202": -0.030003409478349813,
  "U_LV0202": 1.0016668953650196,
  "I_LV0202_MV0202": 0.493440495085297,
  "P_LV0203": 0.4971019434026594,
  "Q_LV0203": -0.030003409478349813,
  "U_LV0203": 1.0020465741990396,
  "I_LV0203_MV0203": 0.4969894451611005,
  "P_POIMV_MV0101": -1.913754655011574,
  "Q_POIMV_MV0101": 0.3030129601340457,
  "U_POIMV": 0.992537603309216,
  "I_POIMV_MV0101": 1.9521626442094473,
  "P_POIMV_MV0201": -1.4552892147712015,
  "Q_POIMV_MV0201": 0.19189153313707738,
  "I_POIMV_MV0201": 1.4789222191596283,
  "P_POI_POIMV": -3.369043937388778,
  "Q_POI_POIMV": 0.6476002540099187,
  "U_POI": 1.0,
  "I_POI_POIMV": 3.430720498823795
}