{
  "P_LV0101": 0.45993862938970337,
  "Q_LV0101": -0.051824070917149676,
  "U_LV0101": 0.9986474988813959,
  "I_LV0101_MV0101": 0.4634759380796972,
  "P_LV0102": 0.9655642686668939,
  "Q_LV0102": -0.03409478349812479,
  "U_LV0102": 0.9988832638751274,
  "I_LV0102_MV0102": 0.3240174278317374,
  "P_LV0103": 0.5083532219570406,
  "Q_LV0103": -0.051824070917149676,
  "U_LV0103": 1.0003455368861145,
  "I_LV0103_MV0103": 0.5108114919597878,
  "P_LV0201": 0.31946812137742925,
  "Q_LV0201": -0.03409478349812479,
  "U_LV0201": 0.9988339608312896,
  "I_LV0201_MV0201": 0.32165739382493386,
  "P_LV0202": 0.3242413910671667,
  "Q_LV0202": -0.03409478349812479,
  "U_LV0202": 0.9993405204590504,
  "I_LV0202_MV0202": 0.3262441897280262,
  "P_LV0203": 0.3262870780770542,
  "Q_LV0203": -0.03409478349812479,
  "U_LV0203": 0.9995869701907174,
  "I_LV0203_MV0203": 0.3281991344656632,
  "P_POIMV_MV0101": -1.2727605204759,
  "Q_POIMV_MV0101": 0.21798662914899467,
  "U_POIMV": 0.9948190773910268,
  "I_POIMV_MV0101": 1.2980178919564027,
  "P_POIMV_MV0201": -0.959804584822843,
  "Q_POIMV_MV0201": 0.14578067905852937,
  "I_POIMV_MV0201": 0.9758683661775663,
  "P_POI_POIMV": -2.232565107922346,
  "Q_POI_POIMV": 0.43052099550951783,
  "U_POI": 1.0,
  "I_POI_POIMV": 2.273696393251927
}