{
  "P_LV0101": 0.6617797476986021,
  "Q_LV0101": -0.053528810092055915,
  "U_LV0101": 1.00023128637259,
  "I_LV0101_MV0101": 0.6637875588601412,
  "P_LV0102": 1.268325946130242,
  "Q_LV0102": -0.03579952267303103,
  "U_LV0102": 0.9992863864760936,
  "I_LV0102_MV0102": 0.4245913064731941,
  "P_LV0103": 0.5935901807023526,
  "Q_LV0103": -0.05386975792703717,
  "U_LV0103": 1.0001257397702146,
  "I_LV0103_MV0103": 0.5959546365916195,
  "P_LV0201": 0.4340265939311285,
  "Q_LV0201": -0.03579952267303103,
  "U_LV0201": 0.9995838116968252,
  "I_LV0201_MV0201": 0.4356818296481893,
  "P_LV0202": 0.4316399590862598,
  "Q_LV0202": -0.03579952267303103,
  "U_LV0202": 1.0000783084557947,
  "I_LV0202_MV0202": 0.43308807663084276,
  "P_LV0203": 0.43470848960109104,
  "Q_LV0203": -0.03579952267303103,
  "U_LV0203": 1.0004081436478738,
  "I_LV0203_MV0203": 0.4360021442017502,
  "P_POIMV_MV0101": -1.6490708572008386,
  "Q_POIMV_MV0101": 0.2788306987600479,
  "U_POIMV": 0.9931702383727569,
  "I_POIMV_MV0101": 1.6839787519777636,
  "P_POIMV_MV0201": -1.2821730554080815,
  "Q_POIMV_MV0201": 0.18632655224086508,
  "I_POIMV_MV0201": 1.304550664796478,
  "P_POI_POIMV": -2.9312439352080304,
  "Q_POI_POIMV": 0.5808699226083217,
  "U_POI": 1.0,
  "I_POI_POIMV": 2.988243777653499
}