{
  "P_LV0101": 0.9130583020797818,
  "Q_LV0101": -0.025912035458574838,
  "U_LV0101": 1.0051991464894594,
  "I_LV0101_MV0101": 0.9087014400244421,
  "P_LV0102": 1.8482782134333449,
  "Q_LV0102": -0.017388339584043642,
  "U_LV0102": 1.0035918400490487,
  "I_LV0102_MV0102": 0.6141322048690674,
  "P_LV0103": 0.9290828503239005,
  "Q_LV0103": -0.026252983293556086,
  "U_LV0103": 1.0068356638805191,
  "I_LV0103_MV0103": 0.9231433920814344,
  "P_LV0201": 0.6205250596658711,
  "Q_LV0201": -0.017388339584043642,
  "U_LV0201": 1.0037303646634568,
  "I_LV0201_MV0201": 0.6184615525720009,
  "P_LV0202": 0.6239345380156835,
  "Q_LV0202": -0.017388339584043642,
  "U_LV0202": 1.0045776527813648,
  "I_LV0202_MV0202": 0.6213325428797749,
  "P_LV0203": 0.6310944425502898,
  "Q_LV0203": -0.017388339584043642,
  "U_LV0203": 1.0050870230714446,
  "I_LV0203_MV0203": 0.6281385892368694,
  "P_POIMV_MV0101": -2.3968230794319783,
  "Q_POIMV_MV0101": 0.3566564980834019,
  "U_POIMV": 0.9909388065636153,
  "I_POIMV_MV0101": 2.4453717058289093,
  "P_POIMV_MV0201": -1.8382342488980363,
  "Q_POIMV_MV0201": 0.21556511420418886,
  "I_POIMV_MV0201": 1.867754567204484,
  "P_POI_POIMV": -4.235057328330076,
  "Q_POI_POIMV": 0.8138277144557281,
  "U_POI": 1.0,
  "I_POI_POIMV": 4.312542883619655
}