{
  "P_LV0101": 0.5264234572110467,
  "Q_LV0101": -0.05250596658711217,
  "U_LV0101": 0.9995516516291152,
  "I_LV0101_MV0101": 0.5292727720258439,
  "P_LV0102": 0.9901125127855437,
  "Q_LV0102": -0.03511762700306853,
  "U_LV0102": 0.9986912528436347,
  "I_LV0102_MV0102": 0.33233553343347305,
  "P_LV0103": 0.4544834640300034,
  "Q_LV0103": -0.05250596658711217,
  "U_LV0103": 0.9990118572187694,
  "I_LV0103_MV0103": 0.45795891697772023,
  "P_LV0201": 0.34231162632117285,
  "Q_LV0201": -0.03511762700306853,
  "U_LV0201": 0.9990230834047884,
  "I_LV0201_MV0201": 0.3444447574311931,
  "P_LV0202": 0.3382202523013979,
  "Q_LV0202": -0.03511762700306853,
  "U_LV0202": 0.9993597925607722,
  "I_LV0202_MV0202": 0.3402563422732547,
  "P_LV0203": 0.3419706784861916,
  "Q_LV0203": -0.03511762700306853,
  "U_LV0203": 0.999651063363483,
  "I_LV0203_MV0203": 0.3438890932387895,
  "P_POIMV_MV0101": -1.293081289525456,
  "Q_POIMV_MV0101": 0.22304769434863275,
  "U_POIMV": 0.994618583364687,
  "I_POIMV_MV0101": 1.3192769661344221,
  "P_POIMV_MV0201": -1.0111915095093802,
  "Q_POIMV_MV0201": 0.1538177022435712,
  "I_POIMV_MV0201": 1.0283576393418603,
  "P_POI_POIMV": -2.3042728023498995,
  "Q_POI_POIMV": 0.4480559246933458,
  "U_POI": 1.0,
  "I_POI_POIMV": 2.3474299263880636
}