{
  "P_LV0101": 0.8663484486873508,
  "Q_LV0101": -0.03716331401295602,
  "U_LV0101": 1.0035332106844137,
  "I_LV0101_MV0101": 0.8640921507250161,
  "P_LV0102": 1.6815547221275144,
  "Q_LV0102": -0.02557108762359359,
  "U_LV0102": 1.001843779080214,
  "I_LV0102_MV0102": 0.5600685769219271,
  "P_LV0103": 0.8189566996249574,
  "Q_LV0103": -0.03716331401295602,
  "U_LV0103": 1.004364945753401,
  "I_LV0103_MV0103": 0.8162366515142302,
  "P_LV0201": 0.5768837367882714,
  "Q_LV0201": -0.024889191953631096,
  "U_LV0201": 1.0023075984169527,
  "I_LV0201_MV0201": 0.5760910126942458,
  "P_LV0202": 0.5765427889532901,
  "Q_LV0202": -0.024548244118649847,
  "U_LV0202": 1.003079510402173,
  "I_LV0202_MV0202": 0.5752935417972055,
  "P_LV0203": 0.5813160586430276,
  "Q_LV0203": -0.024889191953631096,
  "U_LV0203": 1.0034758274458992,
  "I_LV0203_MV0203": 0.57983323289695,
  "P_POIMV_MV0101": -2.1943298249102297,
  "Q_POIMV_MV0101": 0.3408367699870901,
  "U_POIMV": 0.991403538165806,
  "I_POIMV_MV0101": 2.2398976885660864,
  "P_POIMV_MV0201": -1.7026933147330683,
  "Q_POIMV_MV0201": 0.2144572129423024,
  "I_POIMV_MV0201": 1.7310265071961226,
  "P_POI_POIMV": -3.8970231396432777,
  "Q_POI_POIMV": 0.7600033172703906,
  "U_POI": 1.0,
  "I_POI_POIMV": 3.9704400755051257
}