{
  "P_LV0101": 0.61200136379134,
  "Q_LV0101": -0.05114217524718718,
  "U_LV0101": 0.9999937836262994,
  "I_LV0101_MV0101": 0.6141383206588038,
  "P_LV0102": 1.268325946130242,
  "Q_LV0102": -0.03409478349812479,
  "U_LV0102": 0.9997405755315324,
  "I_LV0102_MV0102": 0.4242579387269424,
  "P_LV0103": 0.6529151039890897,
  "Q_LV0103": -0.05148312308216843,
  "U_LV0103": 1.0016283199204616,
  "I_LV0103_MV0103": 0.6538769878972849,
  "P_LV0201": 0.4237981588816911,
  "Q_LV0201": -0.03409478349812479,
  "U_LV0201": 0.9997846562724259,
  "I_LV0201_MV0201": 0.42525899420529545,
  "P_LV0202": 0.42550289805659736,
  "Q_LV0202": -0.03409478349812479,
  "U_LV0202": 1.0003533239329359,
  "I_LV0202_MV0202": 0.42671591949574433,
  "P_LV0203": 0.43129901125127856,
  "Q_LV0203": -0.03409478349812479,
  "U_LV0203": 1.0007345520229718,
  "I_LV0203_MV0203": 0.43232696483531924,
  "P_POIMV_MV0101": -1.658232737722128,
  "Q_POIMV_MV0101": 0.2736527533961335,
  "U_POIMV": 0.9933442821874553,
  "I_POIMV_MV0101": 1.6919220284624397,
  "P_POIMV_MV0201": -1.2629578996406523,
  "Q_POIMV_MV0201": 0.17871416130850673,
  "I_POIMV_MV0201": 1.2840861687118212,
  "P_POI_POIMV": -2.921190659335711,
  "Q_POI_POIMV": 0.5671075799650399,
  "U_POI": 1.0,
  "I_POI_POIMV": 2.975729469465262
}