{
  "P_LV0101": 0.37572451414933516,
  "Q_LV0101": -0.04432321854756222,
  "U_LV0101": 0.9994026676994336,
  "I_LV0101_MV0101": 0.37855595097190337,
  "P_LV0102": 0.6883736788271394,
  "Q_LV0102": -0.029321513808387316,
  "U_LV0102": 0.998646206406445,
  "I_LV0102_MV0102": 0.23163733586838905,
  "P_LV0103": 0.3034435731333106,
  "Q_LV0103": -0.04432321854756222,
  "U_LV0103": 0.9983919766484203,
  "I_LV0103_MV0103": 0.3071574939193253,
  "P_LV0201": 0.23968632799181724,
  "Q_LV0201": -0.029321513808387316,
  "U_LV0201": 0.998941841331378,
  "I_LV0201_MV0201": 0.2417289475645935,
  "P_LV0202": 0.23491305830207979,
  "Q_LV0202": -0.029662461643368564,
  "U_LV0202": 0.9990765384145092,
  "I_LV0202_MV0202": 0.23699724915512702,
  "P_LV0203": 0.23695874531196726,
  "Q_LV0203": -0.029321513808387316,
  "U_LV0203": 0.9993183110125231,
  "I_LV0203_MV0203": 0.23892886552492562,
  "P_POIMV_MV0101": -0.8999730008582947,
  "Q_POIMV_MV0101": 0.15754186629007252,
  "U_POIMV": 0.9962759873295408,
  "I_POIMV_MV0101": 0.9170731377763716,
  "P_POIMV_MV0201": -0.7060532129061535,
  "Q_POIMV_MV0201": 0.11110184658672059,
  "I_POIMV_MV0201": 0.717412697831074,
  "P_POI_POIMV": -1.606026213950339,
  "Q_POI_POIMV": 0.30286124827731975,
  "U_POI": 1.0,
  "I_POI_POIMV": 1.6343332388481107
}