{
  "P_LV0101": 0.2485509717013297,
  "Q_LV0101": -0.033071939993181046,
  "U_LV0101": 0.9994358760224628,
  "I_LV0101_MV0101": 0.2508831067972439,
  "P_LV0102": 0.4367541766109785,
  "Q_LV0102": -0.02216160927378111,
  "U_LV0102": 0.9987034181356675,
  "I_LV0102_MV0102": 0.14745302394896243,
  "P_LV0103": 0.1851346743948176,
  "Q_LV0103": -0.03341288782816229,
  "U_LV0103": 0.9982108071082205,
  "I_LV0103_MV0103": 0.1884628691448596,
  "P_LV0201": 0.1544493692465053,
  "Q_LV0201": -0.02216160927378111,
  "U_LV0201": 0.9989695188077086,
  "I_LV0201_MV0201": 0.15619218262849743,
  "P_LV0202": 0.15035799522673032,
  "Q_LV0202": -0.02216160927378111,
  "U_LV0202": 0.9990545879392616,
  "I_LV0202_MV0202": 0.15212626722465183,
  "P_LV0203": 0.1517217865666553,
  "Q_LV0203": -0.02216160927378111,
  "U_LV0203": 0.9991819412520196,
  "I_LV0203_MV0203": 0.1534573258683149,
  "P_POIMV_MV0101": -0.5757081852853823,
  "Q_POIMV_MV0101": 0.10422444030287085,
  "U_POIMV": 0.9975774862321575,
  "I_POIMV_MV0101": 0.5864871356882603,
  "P_POIMV_MV0201": -0.4542503076106546,
  "Q_POIMV_MV0201": 0.07501364900027147,
  "I_POIMV_MV0201": 0.461520460929265,
  "P_POI_POIMV": -1.0299584929020942,
  "Q_POI_POIMV": 0.1929724859228809,
  "U_POI": 1.0,
  "I_POI_POIMV": 1.0478801827615645
}