{
  "P_LV0101": 0.9522673031026253,
  "Q_LV0101": -0.02523013978861234,
  "U_LV0101": 1.005390652679608,
  "I_LV0101_MV0101": 0.9474938679694033,
  "P_LV0102": 1.8932833276508694,
  "Q_LV0102": -0.016706443914081145,
  "U_LV0102": 1.0036549133860067,
  "I_LV0102_MV0102": 0.6290165308567566,
  "P_LV0103": 0.9232867371292193,
  "Q_LV0103": -0.02523013978861234,
  "U_LV0103": 1.0066564958366262,
  "I_LV0103_MV0103": 0.9175239037065142,
  "P_LV0201": 0.640981929764746,
  "Q_LV0201": -0.016706443914081145,
  "U_LV0201": 1.0039020446847151,
  "I_LV0201_MV0201": 0.6387073451562604,
  "P_LV0202": 0.6389362427548585,
  "Q_LV0202": -0.016706443914081145,
  "U_LV0202": 1.0046855969187618,
  "I_LV0202_MV0202": 0.636173765621575,
  "P_LV0203": 0.6481418342993522,
  "Q_LV0203": -0.016706443914081145,
  "U_LV0203": 1.0052340272044462,
  "I_LV0203_MV0203": 0.6449812609576533,
  "P_POIMV_MV0101": -2.442915372618412,
  "Q_POIMV_MV0101": 0.3654693552129865,
  "U_POIMV": 0.9906531284776431,
  "I_POIMV_MV0101": 2.4934074532464665,
  "P_POIMV_MV0201": -1.8886426476083988,
  "Q_POIMV_MV0201": 0.22281260852511348,
  "I_POIMV_MV0201": 1.9196834237802978,
  "P_POI_POIMV": -4.331558020227332,
  "Q_POI_POIMV": 0.8412433222903144,
  "U_POI": 1.0,
  "I_POI_POIMV": 4.412491950122264
}