{
  "P_LV0101": 0.7320150017047392,
  "Q_LV0101": -0.045687009887487216,
  "U_LV0101": 1.0015374081113222,
  "I_LV0101_MV0101": 0.732313466132261,
  "P_LV0102": 1.4974428912376407,
  "Q_LV0102": -0.03034435731333106,
  "U_LV0102": 1.000849605737767,
  "I_LV0102_MV0102": 0.49964462762761835,
  "P_LV0103": 0.764745993862939,
  "Q_LV0103": -0.04602795772246846,
  "U_LV0103": 1.0031597665164569,
  "I_LV0103_MV0103": 0.7637167168763762,
  "P_LV0201": 0.4974428912376406,
  "Q_LV0201": -0.03034435731333106,
  "U_LV0201": 1.0008511070535078,
  "I_LV0201_MV0201": 0.4979437382017808,
  "P_LV0202": 0.5032390044323218,
  "Q_LV0202": -0.03034435731333106,
  "U_LV0202": 1.001589076709858,
  "I_LV0202_MV0202": 0.50335315829803,
  "P_LV0203": 0.5073303784520968,
  "Q_LV0203": -0.03068530514831231,
  "U_LV0203": 1.0019323785901029,
  "I_LV0203_MV0203": 0.5072772600208063,
  "P_POIMV_MV0101": -1.954969157550862,
  "Q_POIMV_MV0101": 0.3129353641781575,
  "U_POIMV": 0.9922919720953631,
  "I_POIMV_MV0101": 1.9952361359695263,
  "P_POIMV_MV0201": -1.4836683593864697,
  "Q_POIMV_MV0201": 0.19741716047256788,
  "I_POIMV_MV0201": 1.5083714829158892,
  "P_POI_POIMV": -3.4386375971587304,
  "Q_POI_POIMV": 0.6695947029935522,
  "U_POI": 1.0,
  "I_POI_POIMV": 3.5032250271529213
}