{
  "P_LV0101": 0.9856801909307876,
  "Q_LV0101": -0.017729287419024888,
  "U_LV0101": 1.0065446046668554,
  "I_LV0101_MV0101": 0.9794296452769317,
  "P_LV0102": 1.9740879645414253,
  "Q_LV0102": -0.011592226389362428,
  "U_LV0102": 1.0046356846762143,
  "I_LV0102_MV0102": 0.6550946092449482,
  "P_LV0103": 0.9829526082509376,
  "Q_LV0103": -0.017729287419024888,
  "U_LV0103": 1.0081483357720902,
  "I_LV0103_MV0103": 0.9751665006831703,
  "P_LV0201": 0.6641663825434708,
  "Q_LV0201": -0.011592226389362428,
  "U_LV0201": 1.004807944110144,
  "I_LV0201_MV0201": 0.6610890597821774,
  "P_LV0202": 0.6651892260484146,
  "Q_LV0202": -0.011592226389362428,
  "U_LV0202": 1.0056725550742178,
  "I_LV0202_MV0202": 0.6615376184421322,
  "P_LV0203": 0.6737129219229457,
  "Q_LV0203": -0.011592226389362428,
  "U_LV0203": 1.0062238911256596,
  "I_LV0203_MV0203": 0.6696448486044457,
  "P_POIMV_MV0101": -2.5567920744755885,
  "Q_POIMV_MV0101": 0.37402047910865033,
  "U_POIMV": 0.9904214016915851,
  "I_POIMV_MV0101": 2.608994580517811,
  "P_POIMV_MV0201": -1.960618166418662,
  "Q_POIMV_MV0201": 0.22086318582032435,
  "I_POIMV_MV0201": 1.9921005734995232,
  "P_POI_POIMV": -4.51741024089477,
  "Q_POI_POIMV": 0.8698977863075907,
  "U_POI": 1.0,
  "I_POI_POIMV": 4.600404052163657
}