{
  "P_LV0101": 0.11558131605864302,
  "Q_LV0101": -0.01909307875894988,
  "U_LV0101": 0.9992889399508783,
  "I_LV0101_MV0101": 0.11723106969639426,
  "P_LV0102": 0.19229457892942378,
  "Q_LV0102": -0.01261506989430617,
  "U_LV0102": 0.99893675438447,
  "I_LV0102_MV0102": 0.06539730951114463,
  "P_LV0103": 0.07841800204568701,
  "Q_LV0103": -0.019774974428912375,
  "U_LV0103": 0.9983613060101644,
  "I_LV0103_MV0103": 0.08100568497742143,
  "P_LV0201": 0.06955335833617457,
  "Q_LV0201": -0.01261506989430617,
  "U_LV0201": 0.9991051235260214,
  "I_LV0201_MV0201": 0.07075142908664779,
  "P_LV0202": 0.06648482782134334,
  "Q_LV0202": -0.01261506989430617,
  "U_LV0202": 0.9991047173907833,
  "I_LV0202_MV0202": 0.06773169869679518,
  "P_LV0203": 0.06682577565632458,
  "Q_LV0203": -0.01261506989430617,
  "U_LV0203": 0.9991541508379126,
  "I_LV0203_MV0203": 0.06806363218225342,
  "P_POIMV_MV0101": -0.25737107194308584,
  "Q_POIMV_MV0101": 0.053656221655258574,
  "U_POIMV": 0.998790484195822,
  "I_POIMV_MV0101": 0.26322302964861993,
  "P_POIMV_MV0201": -0.20240826100880818,
  "Q_POIMV_MV0201": 0.038308814676191225,
  "I_POIMV_MV0201": 0.20625108871809542,
  "P_POI_POIMV": -0.4597793329518111,
  "Q_POI_POIMV": 0.0942687755693114,
  "U_POI": 1.0,
  "I_POI_POIMV": 0.46934383670923985
}