{
  "P_LV0101": 0.9952267303102625,
  "Q_LV0101": -0.016706443914081145,
  "U_LV0101": 1.006722132326108,
  "I_LV0101_MV0101": 0.9887206314664417,
  "P_LV0102": 1.990453460620525,
  "Q_LV0102": -0.010910330719399931,
  "U_LV0102": 1.0047713366322528,
  "I_LV0102_MV0102": 0.6604230846256205,
  "P_LV0103": 0.9856801909307876,
  "Q_LV0103": -0.016706443914081145,
  "U_LV0103": 1.0082772309285408,
  "I_LV0103_MV0103": 0.9777288731289632,
  "P_LV0201": 0.6696215479031709,
  "Q_LV0201": -0.010910330719399931,
  "U_LV0201": 1.0049456529911085,
  "I_LV0201_MV0201": 0.6664145693282221,
  "P_LV0202": 0.669962495738152,
  "Q_LV0202": -0.010910330719399931,
  "U_LV0202": 1.0058059043973222,
  "I_LV0202_MV0202": 0.6661835292654928,
  "P_LV0203": 0.6774633481077396,
  "Q_LV0203": -0.010910330719399931,
  "U_LV0203": 1.006344267954718,
  "I_LV0203_MV0203": 0.6732797290969271,
  "P_POIMV_MV0101": -2.5736268858601914,
  "Q_POIMV_MV0101": 0.37553706386866825,
  "U_POIMV": 0.9903702794151553,
  "I_POIMV_MV0101": 2.6261705690392687,
  "P_POIMV_MV0201": -1.974018002004334,
  "Q_POIMV_MV0201": 0.22138545185537234,
  "I_POIMV_MV0201": 2.0057077678658928,
  "P_POI_POIMV": -4.547644887864881,
  "Q_POI_POIMV": 0.8756358443411526,
  "U_POI": 1.0,
  "I_POI_POIMV": 4.6311782688662095
}