{
  "P_LV0101": 0.9843163995908626,
  "Q_LV0101": -0.021479713603818614,
  "U_LV0101": 1.0059173185304955,
  "I_LV0101_MV0101": 0.9787591070266359,
  "P_LV0102": 1.9546539379474939,
  "Q_LV0102": -0.014319809069212411,
  "U_LV0102": 1.0040542741344831,
  "I_LV0102_MV0102": 0.649077117621116,
  "P_LV0103": 0.9618138424821002,
  "Q_LV0103": -0.021479713603818614,
  "U_LV0103": 1.0073188179553525,
  "I_LV0103_MV0103": 0.9550637229784741,
  "P_LV0201": 0.6580293215138084,
  "Q_LV0201": -0.014319809069212411,
  "U_LV0201": 1.0042387027155408,
  "I_LV0201_MV0201": 0.6554070388698577,
  "P_LV0202": 0.6607569041936584,
  "Q_LV0202": -0.014319809069212411,
  "U_LV0202": 1.0051188224328471,
  "I_LV0202_MV0202": 0.6575461919900825,
  "P_LV0203": 0.6655301738833959,
  "Q_LV0203": -0.014319809069212411,
  "U_LV0203": 1.0056101993221234,
  "I_LV0203_MV0203": 0.6619704253487637,
  "P_POIMV_MV0101": -2.5292781216972,
  "Q_POIMV_MV0101": 0.3774966093773336,
  "U_POIMV": 0.9903455051180766,
  "I_POIMV_MV0101": 2.5822238527895465,
  "P_POIMV_MV0201": -1.9426046166872437,
  "Q_POIMV_MV0201": 0.22578855126651065,
  "I_POIMV_MV0201": 1.9747474658123614,
  "P_POI_POIMV": -4.471882738384178,
  "Q_POI_POIMV": 0.8730418122619599,
  "U_POI": 1.0,
  "I_POI_POIMV": 4.556307411908904
}