{
  "P_LV0101": 0.14933515172178657,
  "Q_LV0101": -0.022843504943743608,
  "U_LV0101": 0.9993451254876362,
  "I_LV0101_MV0101": 0.1511712102364747,
  "P_LV0102": 0.25264234572110467,
  "Q_LV0102": -0.015342652574156155,
  "U_LV0102": 0.998844610668883,
  "I_LV0102_MV0102": 0.08569933264618804,
  "P_LV0103": 0.1033071939993181,
  "Q_LV0103": -0.022843504943743608,
  "U_LV0103": 0.9983539283389185,
  "I_LV0103_MV0103": 0.10597710206260232,
  "P_LV0201": 0.09137401977497443,
  "Q_LV0201": -0.015342652574156155,
  "U_LV0201": 0.9990621925062398,
  "I_LV0201_MV0201": 0.0927401346590266,
  "P_LV0202": 0.08728264575519945,
  "Q_LV0202": -0.015342652574156155,
  "U_LV0202": 0.999062616672436,
  "I_LV0202_MV0202": 0.08870401198021072,
  "P_LV0203": 0.08796454142516195,
  "Q_LV0203": -0.015342652574156155,
  "U_LV0203": 0.9991339682797977,
  "I_LV0203_MV0203": 0.08936993628411122,
  "P_POIMV_MV0101": -0.3356314129652795,
  "Q_POIMV_MV0101": 0.06556392136957477,
  "U_POIMV": 0.9984964219528543,
  "I_POIMV_MV0101": 0.34249021302000837,
  "P_POIMV_MV0201": -0.265837705479207,
  "Q_POIMV_MV0201": 0.04794262776101411,
  "I_POIMV_MV0201": 0.2705329994726736,
  "P_POI_POIMV": -0.60146911844493,
  "Q_POI_POIMV": 0.11783361846108051,
  "U_POI": 1.0,
  "I_POI_POIMV": 0.6129028161809609
}