{
  "P_LV0101": 0.0,
  "Q_LV0101": 0.0,
  "U_LV0101": 0.9991144777437754,
  "I_LV0101_MV0101": 1.4830910399395521e-18,
  "P_LV0102": 0.018411183088987385,
  "Q_LV0102": -0.06955335833617457,
  "U_LV0102": 0.9894914176096471,
  "I_LV0102_MV0102": 0.07056512552152144,
  "P_LV0103": 0.0,
  "Q_LV0103": 0.0,
  "U_LV0103": 0.9990860111748859,
  "I_LV0103_MV0103": 5.740997573959557e-19,
  "P_LV0201": 0.0,
  "Q_LV0201": 0.0,
  "U_LV0201": 0.9991297794706222,
  "I_LV0201_MV0201": 5.531690370742282e-19,
  "P_LV0202": 0.0,
  "Q_LV0202": 0.0,
  "U_LV0202": 0.9991301797692465,
  "I_LV0202_MV0202": 5.534680473645386e-18,
  "P_LV0203": 0.0,
  "Q_LV0203": 0.0,
  "U_LV0203": 0.9991303132021849,
  "I_LV0203_MV0203": 1.121288588663976e-18,
  "P_POIMV_MV0101": -0.005993680585994256,
  "Q_POIMV_MV0101": 0.06897738970832651,
  "U_POIMV": 0.9991286786509467,
  "I_POIMV_MV0101": 0.0692976862342901,
  "P_POIMV_MV0201": 3.0850288270412035e-09,
  "Q_POIMV_MV0201": -0.0015535311549745921,
  "I_POIMV_MV0201": 0.001554885960310217,
  "P_POI_POIMV": -0.0059936775007741645,
  "Q_POI_POIMV": 0.06691771369257223,
  "U_POI": 1.0,
  "I_POI_POIMV": 0.06718559797921245
}