{
  "P_LV0101": 0.2901466075690419,
  "Q_LV0101": -0.03682236617797477,
  "U_LV0101": 0.999475685889355,
  "I_LV0101_MV0101": 0.29262725739889983,
  "P_LV0102": 0.5165359699965906,
  "Q_LV0102": -0.024548244118649847,
  "U_LV0102": 0.9986971399475804,
  "I_LV0102_MV0102": 0.1741467154430491,
  "P_LV0103": 0.2229798840777361,
  "Q_LV0103": -0.037504261847937266,
  "U_LV0103": 0.998231173245623,
  "I_LV0103_MV0103": 0.22651257706771377,
  "P_LV0201": 0.1824070917149676,
  "Q_LV0201": -0.024548244118649847,
  "U_LV0201": 0.9989961030283825,
  "I_LV0201_MV0201": 0.18423647819797156,
  "P_LV0202": 0.17695192635526763,
  "Q_LV0202": -0.024548244118649847,
  "U_LV0202": 0.9990842318929927,
  "I_LV0202_MV0202": 0.17881032875152478,
  "P_LV0203": 0.17899761336515513,
  "Q_LV0203": -0.024548244118649847,
  "U_LV0203": 0.9992445253869529,
  "I_LV0203_MV0203": 0.18080967723891253,
  "P_POIMV_MV0101": -0.6803439334974379,
  "Q_POIMV_MV0101": 0.1210523264960912,
  "U_POIMV": 0.9971767513347503,
  "I_POIMV_MV0101": 0.6929858002781395,
  "P_POIMV_MV0201": -0.5351956166727501,
  "Q_POIMV_MV0201": 0.08607651319186693,
  "I_POIMV_MV0201": 0.5436080884569424,
  "P_POI_POIMV": -1.2155395501904633,
  "Q_POI_POIMV": 0.2264727175008648,
  "U_POI": 1.0,
  "I_POI_POIMV": 1.2364571524518995
}