{
  "P_LV0101": 0.12205932492328674,
  "Q_LV0101": -0.02557108762359359,
  "U_LV0101": 0.9981010395096057,
  "I_LV0101_MV0101": 0.12494636701222946,
  "P_LV0102": 0.28128196385952947,
  "Q_LV0102": -0.017388339584043642,
  "U_LV0102": 0.9986723531059568,
  "I_LV0102_MV0102": 0.09548616950374915,
  "P_LV0103": 0.16126832594613025,
  "Q_LV0103": -0.02557108762359359,
  "U_LV0103": 0.9993336128104157,
  "I_LV0103_MV0103": 0.16339192940531164,
  "P_LV0201": 0.0896692806000682,
  "Q_LV0201": -0.017047391749062394,
  "U_LV0201": 0.9985925109769296,
  "I_LV0201_MV0201": 0.0914040216917845,
  "P_LV0202": 0.09137401977497443,
  "Q_LV0202": -0.017047391749062394,
  "U_LV0202": 0.9987476791480632,
  "I_LV0202_MV0202": 0.09306720925824516,
  "P_LV0203": 0.09205591544493692,
  "Q_LV0203": -0.017047391749062394,
  "U_LV0203": 0.998820979695394,
  "I_LV0203_MV0203": 0.09373158350111994,
  "P_POIMV_MV0101": -0.37554327147964545,
  "Q_POIMV_MV0101": 0.07448234249315747,
  "U_POIMV": 0.9983056672031169,
  "I_POIMV_MV0101": 0.3835079467204018,
  "P_POIMV_MV0201": -0.27227133767967676,
  "Q_POIMV_MV0201": 0.053249059096292184,
  "I_POIMV_MV0201": 0.2779003848360657,
  "P_POI_POIMV": -0.647814609159828,
  "Q_POI_POIMV": 0.13286163072710142,
  "U_POI": 1.0,
  "I_POI_POIMV": 0.6612987076657307
}