{
  "P_LV0101": 0.9829526082509376,
  "Q_LV0101": -0.018070235254006136,
  "U_LV0101": 1.00642219446852,
  "I_LV0101_MV0101": 0.9768452026058579,
  "P_LV0102": 1.971019434026594,
  "Q_LV0102": -0.012274122059324924,
  "U_LV0102": 1.0044735873101003,
  "I_LV0102_MV0102": 0.6541945235804465,
  "P_LV0103": 0.9839754517558813,
  "Q_LV0103": -0.018411183088987385,
  "U_LV0103": 1.0080090863167488,
  "I_LV0103_MV0103": 0.9763281859633656,
  "P_LV0201": 0.6631435390385271,
  "Q_LV0201": -0.012274122059324924,
  "U_LV0201": 1.004648776978834,
  "I_LV0201_MV0201": 0.6601880531353234,
  "P_LV0202": 0.6682577565632458,
  "Q_LV0202": -0.012274122059324924,
  "U_LV0202": 1.0055748139214535,
  "I_LV0202_MV0202": 0.6646650844213097,
  "P_LV0203": 0.6743948175929083,
  "Q_LV0203": -0.012274122059324924,
  "U_LV0203": 1.0060913339392417,
  "I_LV0203_MV0203": 0.6704227353351254,
  "P_POIMV_MV0101": -2.5541767218601614,
  "Q_POIMV_MV0101": 0.3751729587950271,
  "U_POIMV": 0.990371306659433,
  "I_POIMV_MV0101": 2.606682467034725,
  "P_POIMV_MV0201": -1.9632141470236444,
  "Q_POIMV_MV0201": 0.22347840161558225,
  "I_POIMV_MV0201": 1.995103041945589,
  "P_POI_POIMV": -4.517390868883982,
  "Q_POI_POIMV": 0.873750735427,
  "U_POI": 1.0,
  "I_POI_POIMV": 4.601115148519498
}