{
  "P_LV0101": 0.6331401295601773,
  "Q_LV0101": -0.051824070917149676,
  "U_LV0101": 0.9999926111337331,
  "I_LV0101_MV0101": 0.6352622424589534,
  "P_LV0102": 1.3071939993181043,
  "Q_LV0102": -0.03443573133310603,
  "U_LV0102": 0.9997315809007408,
  "I_LV0102_MV0102": 0.4372072916963829,
  "P_LV0103": 0.672690078418002,
  "Q_LV0103": -0.051824070917149676,
  "U_LV0103": 1.0016699035250891,
  "I_LV0103_MV0103": 0.6735586084950159,
  "P_LV0201": 0.4350494374360723,
  "Q_LV0201": -0.03443573133310603,
  "U_LV0201": 0.999740070790303,
  "I_LV0201_MV0201": 0.43652362935451017,
  "P_LV0202": 0.4381179679509035,
  "Q_LV0202": -0.03409478349812479,
  "U_LV0202": 1.000397005631771,
  "I_LV0202_MV0202": 0.4392682175284813,
  "P_LV0203": 0.44255028980565975,
  "Q_LV0203": -0.03443573133310603,
  "U_LV0203": 1.0007101016890094,
  "I_LV0203_MV0203": 0.44357304175766205,
  "P_POIMV_MV0101": -1.7102014051119914,
  "Q_POIMV_MV0101": 0.2839502695095266,
  "U_POIMV": 0.993097995337145,
  "I_POIMV_MV0101": 1.7456623100047028,
  "P_POIMV_MV0201": -1.2970990842668928,
  "Q_POIMV_MV0201": 0.1837116560924536,
  "I_POIMV_MV0201": 1.319149049620418,
  "P_POI_POIMV": -3.0073005172912124,
  "Q_POI_POIMV": 0.5893855028416127,
  "U_POI": 1.0,
  "I_POI_POIMV": 3.064511653144731
}