{
  "P_LV0101": 0.993181043300375,
  "Q_LV0101": -0.016706443914081145,
  "U_LV0101": 1.0067023862103555,
  "I_LV0101_MV0101": 0.9867082444024199,
  "P_LV0102": 1.9884077736106378,
  "Q_LV0102": -0.010910330719399931,
  "U_LV0102": 1.004757998516042,
  "I_LV0102_MV0102": 0.6597532769693696,
  "P_LV0103": 0.9856801909307876,
  "Q_LV0103": -0.016706443914081145,
  "U_LV0103": 1.0082738641506082,
  "I_LV0103_MV0103": 0.9777321379125805,
  "P_LV0201": 0.669962495738152,
  "Q_LV0201": -0.010910330719399931,
  "U_LV0201": 1.0049519922893,
  "I_LV0201_MV0201": 0.6667495883271883,
  "P_LV0202": 0.6723491305830208,
  "Q_LV0202": -0.010910330719399931,
  "U_LV0202": 1.0058441234399809,
  "I_LV0202_MV0202": 0.668530670945038,
  "P_LV0203": 0.6788271394476645,
  "Q_LV0203": -0.010910330719399931,
  "U_LV0203": 1.0063682628253883,
  "I_LV0203_MV0203": 0.6746186620325975,
  "P_POIMV_MV0101": -2.5710405332538406,
  "Q_POIMV_MV0101": 0.37485866978532906,
  "U_POIMV": 0.9903680708448159,
  "I_POIMV_MV0101": 2.6234933971767687,
  "P_POIMV_MV0201": -1.9779347819878237,
  "Q_POIMV_MV0201": 0.22215019000243513,
  "I_POIMV_MV0201": 2.0097285608773094,
  "P_POI_POIMV": -4.548975315241638,
  "Q_POI_POIMV": 0.8758854670796345,
  "U_POI": 1.0,
  "I_POI_POIMV": 4.632531896287285
}