{
  "P_LV0101": 0.7742925332424139,
  "Q_LV0101": -0.045346062052505964,
  "U_LV0101": 1.0020958581032382,
  "I_LV0101_MV0101": 0.7739970332101398,
  "P_LV0102": 1.5025571087623595,
  "Q_LV0102": -0.03034435731333106,
  "U_LV0102": 1.0008204368940778,
  "I_LV0102_MV0102": 0.5013594031057084,
  "P_LV0103": 0.715308557790658,
  "Q_LV0103": -0.045346062052505964,
  "U_LV0103": 1.0025191241480236,
  "I_LV0103_MV0103": 0.7149434067058676,
  "P_LV0201": 0.5121036481418343,
  "Q_LV0201": -0.03034435731333106,
  "U_LV0201": 1.0011055563285598,
  "I_LV0201_MV0201": 0.5124353478413857,
  "P_LV0202": 0.5093760654619843,
  "Q_LV0202": -0.03034435731333106,
  "U_LV0202": 1.0017002119900498,
  "I_LV0202_MV0202": 0.5094129832531731,
  "P_LV0203": 0.5141493351517218,
  "Q_LV0203": -0.03034435731333106,
  "U_LV0203": 1.0021070651922057,
  "I_LV0203_MV0203": 0.5139610449989838,
  "P_POIMV_MV0101": -1.9498644698627154,
  "Q_POIMV_MV0101": 0.3107610407446642,
  "U_POIMV": 0.992260552592665,
  "I_POIMV_MV0101": 1.989873584642876,
  "P_POIMV_MV0201": -1.5104088063070096,
  "Q_POIMV_MV0201": 0.20098437761335827,
  "I_POIMV_MV0201": 1.5356069953356173,
  "P_POI_POIMV": -3.4602733591939008,
  "Q_POI_POIMV": 0.6729905310995407,
  "U_POI": 1.0,
  "I_POI_POIMV": 3.525111058576266
}