{
  "P_LV0101": 0.24957381520627345,
  "Q_LV0101": -0.0405727923627685,
  "U_LV0101": 0.9977810422178758,
  "I_LV0101_MV0101": 0.2534125455023099,
  "P_LV0102": 0.5543811796795091,
  "Q_LV0102": -0.026934878963518583,
  "U_LV0102": 0.9984659217629805,
  "I_LV0102_MV0102": 0.18703330006499172,
  "P_LV0103": 0.30003409478349813,
  "Q_LV0103": -0.0405727923627685,
  "U_LV0103": 0.9993864723981563,
  "I_LV0103_MV0103": 0.3029508097005817,
  "P_LV0201": 0.17967950903511762,
  "Q_LV0201": -0.026934878963518583,
  "U_LV0201": 0.9983227516144173,
  "I_LV0201_MV0201": 0.18199237769697515,
  "P_LV0202": 0.1824070917149676,
  "Q_LV0202": -0.026934878963518583,
  "U_LV0202": 0.9986117522677032,
  "I_LV0202_MV0202": 0.18464134579143274,
  "P_LV0203": 0.18104330037504263,
  "Q_LV0203": -0.026934878963518583,
  "U_LV0203": 0.9986897831634753,
  "I_LV0203_MV0203": 0.18327609596570926,
  "P_POIMV_MV0101": -0.7286729446774686,
  "Q_POIMV_MV0101": 0.13362555480725005,
  "U_POIMV": 0.9969028615478558,
  "I_POIMV_MV0101": 0.7431254613553592,
  "P_POIMV_MV0201": -0.5398961749998011,
  "Q_POIMV_MV0201": 0.09355012402978971,
  "I_POIMV_MV0201": 0.54964347341665,
  "P_POI_POIMV": -1.268569119707498,
  "Q_POI_POIMV": 0.24837050675487676,
  "U_POI": 1.0,
  "I_POI_POIMV": 1.2926544472909731
}