{
  "P_LV0101": 0.20627344016365495,
  "Q_LV0101": -0.029662461643368564,
  "U_LV0101": 0.9992602907198004,
  "I_LV0101_MV0101": 0.20854954848674007,
  "P_LV0102": 0.35594953972042276,
  "Q_LV0102": -0.01943402659393113,
  "U_LV0102": 0.9986976469079403,
  "I_LV0102_MV0102": 0.12038767964287518,
  "P_LV0103": 0.14899420388680532,
  "Q_LV0103": -0.030003409478349813,
  "U_LV0103": 0.9980722073065683,
  "I_LV0103_MV0103": 0.1522786839407835,
  "P_LV0201": 0.12717354244800547,
  "Q_LV0201": -0.019774974428912375,
  "U_LV0201": 0.9989046264973076,
  "I_LV0201_MV0201": 0.12884295520376618,
  "P_LV0202": 0.12274122059324924,
  "Q_LV0202": -0.019774974428912375,
  "U_LV0202": 0.9989426716729374,
  "I_LV0202_MV0202": 0.1244555898992971,
  "P_LV0203": 0.12240027275826798,
  "Q_LV0203": -0.019774974428912375,
  "U_LV0203": 0.9990089470399799,
  "I_LV0203_MV0203": 0.12411040412162742,
  "P_POIMV_MV0101": -0.4715141312242774,
  "Q_POIMV_MV0101": 0.0892059908731245,
  "U_POIMV": 0.9979413586369891,
  "I_POIMV_MV0101": 0.480868341673741,
  "P_POIMV_MV0201": -0.37079329364638536,
  "Q_POIMV_MV0201": 0.06450707446448084,
  "I_POIMV_MV0201": 0.3771390240058275,
  "P_POI_POIMV": -0.8423074248715774,
  "Q_POI_POIMV": 0.16273234709936138,
  "U_POI": 1.0,
  "I_POI_POIMV": 0.8578832174522679
}