{
  "P_LV0101": 0.9423798158881691,
  "Q_LV0101": -0.027957722468462325,
  "U_LV0101": 1.004974448249726,
  "I_LV0101_MV0101": 0.9381277695953936,
  "P_LV0102": 1.8574838049778384,
  "Q_LV0102": -0.018752130923968633,
  "U_LV0102": 1.003223574375243,
  "I_LV0102_MV0102": 0.6174547586402638,
  "P_LV0103": 0.9045346062052506,
  "Q_LV0103": -0.028298670303443574,
  "U_LV0103": 1.0060678166978019,
  "I_LV0103_MV0103": 0.8995190479650614,
  "P_LV0201": 0.6293897033753836,
  "Q_LV0201": -0.018752130923968633,
  "U_LV0201": 1.0034754350025543,
  "I_LV0201_MV0201": 0.6274881988545424,
  "P_LV0202": 0.6290487555404023,
  "Q_LV0202": -0.018752130923968633,
  "U_LV0202": 1.0042686904515505,
  "I_LV0202_MV0202": 0.6266532082126771,
  "P_LV0203": 0.634162973065121,
  "Q_LV0203": -0.018752130923968633,
  "U_LV0203": 1.0047475434235247,
  "I_LV0203_MV0203": 0.631442361702301,
  "P_POIMV_MV0101": -2.40429526686002,
  "Q_POIMV_MV0101": 0.36420912555777724,
  "U_POIMV": 0.9907249464934478,
  "I_POIMV_MV0101": 2.454490020822495,
  "P_POIMV_MV0201": -1.8545819566938055,
  "Q_POIMV_MV0201": 0.2227784164529256,
  "I_POIMV_MV0201": 1.8854016685994779,
  "P_POI_POIMV": -4.258877223553643,
  "Q_POI_POIMV": 0.8316092888468695,
  "U_POI": 1.0,
  "I_POI_POIMV": 4.339309762462272
}