{
  "P_LV0101": 0.014728946471189906,
  "Q_LV0101": -0.004091374019774974,
  "U_LV0101": 0.9995748168579824,
  "I_LV0101_MV0101": 0.015293137117732685,
  "P_LV0102": 0.021946721311475407,
  "Q_LV0102": -0.004149590163934426,
  "U_LV0102": 0.9996883858310482,
  "I_LV0102_MV0102": 0.01875962447022848,
  "P_LV0103": 0.021067125645438896,
  "Q_LV0103": -0.004027538726333907,
  "U_LV0103": 0.9997943306310649,
  "I_LV0103_MV0103": 0.0214530682726375,
  "P_LV0201": 0.016886409736308314,
  "Q_LV0201": -0.004107505070993915,
  "U_LV0201": 0.9996614543156362,
  "I_LV0201_MV0201": 0.01738467796052107,
  "P_LV0202": 0.01714719271623672,
  "Q_LV0202": -0.00409711684370258,
  "U_LV0202": 0.9996904647155966,
  "I_LV0202_MV0202": 0.017635336243330312,
  "P_LV0203": 0.017142857142857144,
  "Q_LV0203": -0.00406015037593985,
  "U_LV0203": 0.9997056295467219,
  "I_LV0203_MV0203": 0.01762229189628639,
  "P_POIMV_MV0101": -0.054053450411648954,
  "Q_POIMV_MV0101": 0.011142812809163728,
  "U_POIMV": 0.9997201107200251,
  "I_POIMV_MV0101": 0.05520546662671599,
  "P_POIMV_MV0201": -0.05114686652405542,
  "Q_POIMV_MV0201": 0.010840183869988761,
  "I_POIMV_MV0201": 0.052297632311343004,
  "P_POI_POIMV": -0.10520031762288318,
  "Q_POI_POIMV": 0.021567568384726406,
  "U_POI": 1.0,
  "I_POI_POIMV": 0.10738839245461007
}