{
  "P_LV0101": 0.1558813501534265,
  "Q_LV0101": -0.015444936924650526,
  "U_LV0101": 1.0005693895708407,
  "I_LV0101_MV0101": 0.15655549306666394,
  "P_LV0102": 0.1965983606557377,
  "Q_LV0102": -0.015368852459016393,
  "U_LV0102": 1.0009901851273983,
  "I_LV0102_MV0102": 0.16438847871150977,
  "P_LV0103": 0.17184165232358004,
  "Q_LV0103": -0.01559380378657487,
  "U_LV0103": 1.0012643418470812,
  "I_LV0103_MV0103": 0.1723298492366431,
  "P_LV0201": 0.16080121703853953,
  "Q_LV0201": -0.015212981744421905,
  "U_LV0201": 1.0010305359824143,
  "I_LV0201_MV0201": 0.161352964064668,
  "P_LV0202": 0.1622154779969651,
  "Q_LV0202": -0.015174506828528073,
  "U_LV0202": 1.001277637865305,
  "I_LV0202_MV0202": 0.16271579260598568,
  "P_LV0203": 0.1613533834586466,
  "Q_LV0203": -0.015037593984962405,
  "U_LV0203": 1.0013787477992324,
  "I_LV0203_MV0203": 0.1618294730941596,
  "P_POIMV_MV0101": -0.48911410272059175,
  "Q_POIMV_MV0101": 0.05654429856261458,
  "U_POIMV": 0.9984721592370326,
  "I_POIMV_MV0101": 0.4931250884001096,
  "P_POIMV_MV0201": -0.48184561907862794,
  "Q_POIMV_MV0201": 0.05503135865419559,
  "I_POIMV_MV0201": 0.48572009324255483,
  "P_POI_POIMV": -0.9709597218015128,
  "Q_POI_POIMV": 0.12348558742782535,
  "U_POI": 1.0,
  "I_POI_POIMV": 0.9787806044580502
}