{
  "P_LV0101": 0.17275826798499827,
  "Q_LV0101": -0.01575178997613365,
  "U_LV0101": 1.0008526954477932,
  "I_LV0101_MV0101": 0.1733270964573873,
  "P_LV0102": 0.21504098360655735,
  "Q_LV0102": -0.01567622950819672,
  "U_LV0102": 1.0012543149400188,
  "I_LV0102_MV0102": 0.17965982987770218,
  "P_LV0103": 0.18702237521514628,
  "Q_LV0103": -0.015903614457831325,
  "U_LV0103": 1.001531090532079,
  "I_LV0103_MV0103": 0.18741040394079908,
  "P_LV0201": 0.1781440162271805,
  "Q_LV0201": -0.015517241379310343,
  "U_LV0201": 1.001359007284361,
  "I_LV0201_MV0201": 0.1785758682143946,
  "P_LV0202": 0.1787556904400607,
  "Q_LV0202": -0.015477996965098634,
  "U_LV0202": 1.001608772117206,
  "I_LV0202_MV0202": 0.17913634960127278,
  "P_LV0203": 0.17894736842105263,
  "Q_LV0203": -0.015338345864661655,
  "U_LV0203": 1.001747612408749,
  "I_LV0203_MV0203": 0.17929019335791768,
  "P_POIMV_MV0101": -0.5360546195651924,
  "Q_POIMV_MV0101": 0.05974429823005423,
  "U_POIMV": 0.9983692050839292,
  "I_POIMV_MV0101": 0.5402546964792545,
  "P_POIMV_MV0201": -0.5327636759867559,
  "Q_POIMV_MV0201": 0.05841073172524644,
  "I_POIMV_MV0201": 0.5368315686341043,
  "P_POI_POIMV": -1.068818295556606,
  "Q_POI_POIMV": 0.13269488131207666,
  "U_POI": 1.0,
  "I_POI_POIMV": 1.0770238996619133
}