{
  "P_LV0101": 0.06701670644391408,
  "Q_LV0101": -0.009696556426866688,
  "U_LV0101": 0.9997668560022358,
  "I_LV0101_MV0101": 0.06773034732295938,
  "P_LV0102": 0.06772131147540984,
  "Q_LV0102": -0.00959016393442623,
  "U_LV0102": 0.9995642982431556,
  "I_LV0102_MV0102": 0.05726842185869017,
  "P_LV0103": 0.04808261617900172,
  "Q_LV0103": -0.00991394148020654,
  "U_LV0103": 0.9993246582058477,
  "I_LV0103_MV0103": 0.04912720416626678,
  "P_LV0201": 0.06115618661257606,
  "Q_LV0201": -0.00949290060851927,
  "U_LV0201": 0.999753547461845,
  "I_LV0201_MV0201": 0.061903814072896274,
  "P_LV0202": 0.05863429438543247,
  "Q_LV0202": -0.009468892261001517,
  "U_LV0202": 0.9997626500914508,
  "I_LV0202_MV0202": 0.0594080377164819,
  "P_LV0203": 0.05882706766917293,
  "Q_LV0203": -0.00938345864661654,
  "U_LV0203": 0.9998160879035569,
  "I_LV0203_MV0203": 0.059581694353170636,
  "P_POIMV_MV0101": -0.17122807623439923,
  "Q_POIMV_MV0101": 0.029370334074956372,
  "U_POIMV": 0.9992450207299812,
  "I_POIMV_MV0101": 0.17385998777174938,
  "P_POIMV_MV0201": -0.17826799348416147,
  "Q_POIMV_MV0201": 0.028337446263047645,
  "I_POIMV_MV0201": 0.18064258174559733,
  "P_POI_POIMV": -0.34949614480597785,
  "Q_POI_POIMV": 0.058778244380258256,
  "U_POI": 1.0,
  "I_POI_POIMV": 0.35440434146136873
}