{
  "P_LV0101": 0.013256051824070915,
  "Q_LV0101": -0.003927719058983975,
  "U_LV0101": 0.9995634954999988,
  "I_LV0101_MV0101": 0.01383173413633882,
  "P_LV0102": 0.019032786885245904,
  "Q_LV0102": -0.004057377049180328,
  "U_LV0102": 0.9996374136511139,
  "I_LV0102_MV0102": 0.016377337207215032,
  "P_LV0103": 0.01821686746987952,
  "Q_LV0103": -0.003965576592082616,
  "U_LV0103": 0.9997257762355134,
  "I_LV0103_MV0103": 0.01864861287269806,
  "P_LV0201": 0.014787018255578092,
  "Q_LV0201": -0.004016227180527383,
  "U_LV0201": 0.9996190065486674,
  "I_LV0201_MV0201": 0.01532856786428707,
  "P_LV0202": 0.015295902883156296,
  "Q_LV0202": -0.004006069802731411,
  "U_LV0202": 0.9996521112090868,
  "I_LV0202_MV0202": 0.0158173095588359,
  "P_LV0203": 0.014977443609022556,
  "Q_LV0203": -0.003969924812030075,
  "U_LV0203": 0.9996570674572978,
  "I_LV0203_MV0203": 0.015499963461644372,
  "P_POIMV_MV0101": -0.047309241733742534,
  "Q_POIMV_MV0101": 0.010791416328618195,
  "U_POIMV": 0.9997288215836817,
  "I_POIMV_MV0101": 0.04853757908220002,
  "P_POIMV_MV0201": -0.045037135442382296,
  "Q_POIMV_MV0201": 0.010539501495998327,
  "I_POIMV_MV0201": 0.046266461550223216,
  "P_POI_POIMV": -0.09234637760634559,
  "Q_POI_POIMV": 0.02088203733248455,
  "U_POI": 1.0,
  "I_POI_POIMV": 0.09467794326118965
}