{
  "P_LV0101": 0.20080463689055572,
  "Q_LV0101": -0.01927037163314013,
  "U_LV0101": 1.0006295826236193,
  "I_LV0101_MV0101": 0.20160024178521915,
  "P_LV0102": 0.2516311475409836,
  "Q_LV0102": -0.01918032786885246,
  "U_LV0102": 1.0011251169011062,
  "I_LV0102_MV0102": 0.21033134901871298,
  "P_LV0103": 0.21835456110154905,
  "Q_LV0103": -0.019456110154905334,
  "U_LV0103": 1.0014292020547166,
  "I_LV0103_MV0103": 0.21890678712649025,
  "P_LV0201": 0.20665314401622717,
  "Q_LV0201": -0.01898580121703854,
  "U_LV0201": 1.0012025198997667,
  "I_LV0201_MV0201": 0.20727419932457905,
  "P_LV0202": 0.20813353566009105,
  "Q_LV0202": -0.018937784522003034,
  "U_LV0202": 1.0015090668821427,
  "I_LV0202_MV0202": 0.20867841162260045,
  "P_LV0203": 0.20769924812030074,
  "Q_LV0203": -0.01876691729323308,
  "U_LV0203": 1.0016548781389267,
  "I_LV0203_MV0203": 0.20820083140186946,
  "P_POIMV_MV0101": -0.6248624392823745,
  "Q_POIMV_MV0101": 0.07528586536538229,
  "U_POIMV": 0.9979337811319091,
  "I_POIMV_MV0101": 0.6306845982621668,
  "P_POIMV_MV0201": -0.6183203446644453,
  "Q_POIMV_MV0201": 0.07355206602730624,
  "I_POIMV_MV0201": 0.6239689131818907,
  "P_POI_POIMV": -1.2431827839647935,
  "Q_POI_POIMV": 0.16876897677343033,
  "U_POI": 1.0,
  "I_POI_POIMV": 1.2545861476469464
}