{
  "P_LV0101": 0.29713603818615747,
  "Q_LV0101": -0.0069553358336174554,
  "U_LV0101": 1.00496469372694,
  "I_LV0101_MV0101": 0.29574912818390664,
  "P_LV0102": 0.35612704918032784,
  "Q_LV0102": -0.007069672131147541,
  "U_LV0102": 1.005331159130369,
  "I_LV0102_MV0102": 0.2952825372235691,
  "P_LV0103": 0.295249569707401,
  "Q_LV0103": -0.007022375215146299,
  "U_LV0103": 1.0054990541181592,
  "I_LV0103_MV0103": 0.29371789928936926,
  "P_LV0201": 0.2963488843813387,
  "Q_LV0201": -0.006997971602434076,
  "U_LV0201": 1.0055288358364585,
  "I_LV0201_MV0201": 0.2948015882332996,
  "P_LV0202": 0.2971168437025797,
  "Q_LV0202": -0.006980273141122913,
  "U_LV0202": 1.0059395882141013,
  "I_LV0202_MV0202": 0.295444011695916,
  "P_LV0203": 0.29714285714285715,
  "Q_LV0203": -0.0069172932330827065,
  "U_LV0203": 1.0061446120137028,
  "I_LV0203_MV0203": 0.29540819260113055,
  "P_POIMV_MV0101": -0.8813353506770175,
  "Q_POIMV_MV0101": 0.05640630303939097,
  "U_POIMV": 0.998271168917471,
  "I_POIMV_MV0101": 0.8846679761402287,
  "P_POIMV_MV0201": -0.8822215454069031,
  "Q_POIMV_MV0201": 0.05641631843755902,
  "I_POIMV_MV0201": 0.8855545350715005,
  "P_POI_POIMV": -1.7635568963486543,
  "Q_POI_POIMV": 0.15306023864813584,
  "U_POI": 1.0,
  "I_POI_POIMV": 1.7701865334799955
}