{
  "P_LV0101": 0.08947834981247868,
  "Q_LV0101": -0.011905898397545174,
  "U_LV0101": 0.9998446730528532,
  "I_LV0101_MV0101": 0.09028099101479546,
  "P_LV0102": 0.0945,
  "Q_LV0102": -0.011987704918032787,
  "U_LV0102": 0.9996431884837026,
  "I_LV0102_MV0102": 0.07968562055335626,
  "P_LV0103": 0.06729087779690189,
  "Q_LV0103": -0.012144578313253012,
  "U_LV0103": 0.9993605988514094,
  "I_LV0103_MV0103": 0.0684217645525798,
  "P_LV0201": 0.08269776876267748,
  "Q_LV0201": -0.011866125760649087,
  "U_LV0201": 0.9998282955509233,
  "I_LV0201_MV0201": 0.08355910133762798,
  "P_LV0202": 0.08030349013657055,
  "Q_LV0202": -0.011836115326251897,
  "U_LV0202": 0.99987000094874,
  "I_LV0202_MV0202": 0.08118163307799972,
  "P_LV0203": 0.08030075187969925,
  "Q_LV0203": -0.011729323308270676,
  "U_LV0203": 0.9999348190478272,
  "I_LV0203_MV0203": 0.08115815669111001,
  "P_POIMV_MV0101": -0.23494810627973406,
  "Q_POIMV_MV0101": 0.03745711213701033,
  "U_POIMV": 0.9990209887661771,
  "I_POIMV_MV0101": 0.2381483614863358,
  "P_POIMV_MV0201": -0.2426559929398961,
  "Q_POIMV_MV0201": 0.0367356058401252,
  "I_POIMV_MV0201": 0.24566144094158734,
  "P_POI_POIMV": -0.47760409921990615,
  "Q_POI_POIMV": 0.07667459546854084,
  "U_POI": 1.0,
  "I_POI_POIMV": 0.48371961835542954
}