{
  "P_LV0101": 0.28435049437436066,
  "Q_LV0101": -0.00705762018411183,
  "U_LV0101": 1.0047350519923446,
  "I_LV0101_MV0101": 0.2830975846989751,
  "P_LV0102": 0.34506147540983606,
  "Q_LV0102": -0.007069672131147541,
  "U_LV0102": 1.0051845987685277,
  "I_LV0102_MV0102": 0.28615452670753466,
  "P_LV0103": 0.289776247848537,
  "Q_LV0103": -0.0071256454388984505,
  "U_LV0103": 1.0054167249175237,
  "I_LV0103_MV0103": 0.2883021913649522,
  "P_LV0201": 0.2864604462474645,
  "Q_LV0201": -0.006997971602434076,
  "U_LV0201": 1.0053574304193111,
  "I_LV0201_MV0201": 0.28501894145854456,
  "P_LV0202": 0.28710166919575114,
  "Q_LV0202": -0.006980273141122913,
  "U_LV0202": 1.0057528987784055,
  "I_LV0202_MV0202": 0.28554380739650437,
  "P_LV0203": 0.28751879699248123,
  "Q_LV0203": -0.0069172932330827065,
  "U_LV0203": 1.0059603305520362,
  "I_LV0203_MV0203": 0.28589794882450853,
  "P_POIMV_MV0101": -0.8543240895344422,
  "Q_POIMV_MV0101": 0.054399011907117815,
  "U_POIMV": 0.9983453860389191,
  "I_POIMV_MV0101": 0.8574730506137234,
  "P_POIMV_MV0201": -0.8532375294123957,
  "Q_POIMV_MV0201": 0.054012439642261406,
  "I_POIMV_MV0201": 0.8563623422169816,
  "P_POI_POIMV": -1.7075616191518426,
  "Q_POI_POIMV": 0.1460910278661769,
  "U_POI": 1.0,
  "I_POI_POIMV": 1.7137996591268942
}