{
  "P_LV0101": 0.356563245823389,
  "Q_LV0101": -0.008346403000340947,
  "U_LV0101": 1.0054446154692716,
  "I_LV0101_MV0101": 0.3547295524738149,
  "P_LV0102": 0.42735245901639346,
  "Q_LV0102": -0.00848360655737705,
  "U_LV0102": 1.0058813643910418,
  "I_LV0102_MV0102": 0.35414522544969396,
  "P_LV0103": 0.3542994836488812,
  "Q_LV0103": -0.008426850258175559,
  "U_LV0103": 1.00608322957525,
  "I_LV0103_MV0103": 0.35225682483329523,
  "P_LV0201": 0.3556186612576065,
  "Q_LV0201": -0.008397565922920892,
  "U_LV0201": 1.006117202886524,
  "I_LV0201_MV0201": 0.3535550296090512,
  "P_LV0202": 0.3565402124430956,
  "Q_LV0202": -0.008376327769347497,
  "U_LV0202": 1.0066054600853025,
  "I_LV0202_MV0202": 0.3542982898377707,
  "P_LV0203": 0.35657142857142854,
  "Q_LV0203": -0.008300751879699248,
  "U_LV0203": 1.0068496826380693,
  "I_LV0203_MV0203": 0.35424159121849863,
  "P_POIMV_MV0101": -1.0557370133821673,
  "Q_POIMV_MV0101": 0.07667762853075186,
  "U_POIMV": 0.9976235076118876,
  "I_POIMV_MV0101": 1.0610394311218838,
  "P_POIMV_MV0201": -1.0566686464638464,
  "Q_POIMV_MV0201": 0.07684056262085845,
  "I_POIMV_MV0201": 1.0619826652597388,
  "P_POI_POIMV": -2.112405660983495,
  "Q_POI_POIMV": 0.21164051253113975,
  "U_POI": 1.0,
  "I_POI_POIMV": 2.122981248880819
}