{
  "P_LV0101": 0.31090351176270026,
  "Q_LV0101": -0.011905898397545174,
  "U_LV0101": 1.0040397077597873,
  "I_LV0101_MV0101": 0.309879570650631,
  "P_LV0102": 0.3808770491803279,
  "Q_LV0102": -0.011987704918032787,
  "U_LV0102": 1.0045846916248848,
  "I_LV0102_MV0102": 0.3161742790228524,
  "P_LV0103": 0.32269879518072286,
  "Q_LV0103": -0.01202065404475043,
  "U_LV0103": 1.0049034056589088,
  "I_LV0103_MV0103": 0.32134691033944734,
  "P_LV0201": 0.3147261663286004,
  "Q_LV0201": -0.011866125760649087,
  "U_LV0201": 1.0047429011250792,
  "I_LV0201_MV0201": 0.31346305700452787,
  "P_LV0202": 0.3162974203338391,
  "Q_LV0202": -0.011836115326251897,
  "U_LV0202": 1.0051925609654346,
  "I_LV0202_MV0202": 0.3148837485354834,
  "P_LV0203": 0.31596992481203007,
  "Q_LV0203": -0.011729323308270676,
  "U_LV0203": 1.0054061088008848,
  "I_LV0203_MV0203": 0.31448740268355774,
  "P_POIMV_MV0101": -0.9420191332672998,
  "Q_POIMV_MV0101": 0.07666069891154347,
  "U_POIMV": 0.9977155107591404,
  "I_POIMV_MV0101": 0.9472973670644754,
  "P_POIMV_MV0201": -0.9374882260280137,
  "Q_POIMV_MV0201": 0.07589609924310346,
  "I_POIMV_MV0201": 0.9427089720106533,
  "P_POI_POIMV": -1.879507359746736,
  "Q_POI_POIMV": 0.19850326059656417,
  "U_POI": 1.0,
  "I_POI_POIMV": 1.8899607032448091
}