{
  "P_LV0101": 0.18705762018411182,
  "Q_LV0101": -0.018533924309580632,
  "U_LV0101": 1.0005245648669,
  "I_LV0101_MV0101": 0.18787500832902373,
  "P_LV0102": 0.23591803278688525,
  "Q_LV0102": -0.018442622950819672,
  "U_LV0102": 1.0010222828941298,
  "I_LV0102_MV0102": 0.19725984911635627,
  "P_LV0103": 0.20620998278829603,
  "Q_LV0103": -0.018712564543889844,
  "U_LV0103": 1.0013442329275217,
  "I_LV0103_MV0103": 0.20677932012104058,
  "P_LV0201": 0.19296146044624746,
  "Q_LV0201": -0.018255578093306288,
  "U_LV0201": 1.001072539424035,
  "I_LV0201_MV0201": 0.19361543273524628,
  "P_LV0202": 0.1946585735963581,
  "Q_LV0202": -0.018209408194233688,
  "U_LV0202": 1.0013668526050437,
  "I_LV0202_MV0202": 0.19524155492879625,
  "P_LV0203": 0.19362406015037592,
  "Q_LV0203": -0.018045112781954885,
  "U_LV0203": 1.0014883173956213,
  "I_LV0203_MV0203": 0.19417412142628904,
  "P_POIMV_MV0101": -0.5863512899657352,
  "Q_POIMV_MV0101": 0.07084487821950304,
  "U_POIMV": 0.9980673058089584,
  "I_POIMV_MV0101": 0.5917593279547001,
  "P_POIMV_MV0201": -0.5776094175410159,
  "Q_POIMV_MV0201": 0.06902495262149783,
  "I_POIMV_MV0201": 0.5828455381292414,
  "P_POI_POIMV": -1.163960707516783,
  "Q_POI_POIMV": 0.1572688453966223,
  "U_POI": 1.0,
  "I_POI_POIMV": 1.1745373635501584
}