{
  "P_LV0101": 0.3229321513808387,
  "Q_LV0101": -0.010187521309239686,
  "U_LV0101": 1.0045911355323502,
  "I_LV0101_MV0101": 0.32161622036131615,
  "P_LV0102": 0.39327049180327867,
  "Q_LV0102": -0.01014344262295082,
  "U_LV0102": 1.005130323306124,
  "I_LV0102_MV0102": 0.32620879080098464,
  "P_LV0103": 0.33236488812392423,
  "Q_LV0103": -0.010285714285714285,
  "U_LV0103": 1.0054257477418322,
  "I_LV0103_MV0103": 0.33072955125677334,
  "P_LV0201": 0.3258620689655172,
  "Q_LV0201": -0.010040567951318458,
  "U_LV0201": 1.0053138695442656,
  "I_LV0201_MV0201": 0.3242934657709544,
  "P_LV0202": 0.32722306525037936,
  "Q_LV0202": -0.010015174506828527,
  "U_LV0202": 1.0057741333935901,
  "I_LV0202_MV0202": 0.3254968323623318,
  "P_LV0203": 0.3276992481203007,
  "Q_LV0203": -0.009924812030075187,
  "U_LV0203": 1.0060107916881356,
  "I_LV0203_MV0203": 0.32589064609029156,
  "P_POIMV_MV0101": -0.973444142573631,
  "Q_POIMV_MV0101": 0.07416628654201786,
  "U_POIMV": 0.9977594224061458,
  "I_POIMV_MV0101": 0.9784577132627228,
  "P_POIMV_MV0201": -0.970604940063091,
  "Q_POIMV_MV0201": 0.07342367888164324,
  "I_POIMV_MV0201": 0.9755639579439932,
  "P_POI_POIMV": -1.9440490832237638,
  "Q_POI_POIMV": 0.19674057416964943,
  "U_POI": 1.0,
  "I_POI_POIMV": 1.9539789383480473
}