{
  "P_LV0101": 0.16733719740879643,
  "Q_LV0101": -0.01605864302761677,
  "U_LV0101": 1.0006749827502166,
  "I_LV0101_MV0101": 0.1679925794023805,
  "P_LV0102": 0.20969262295081967,
  "Q_LV0102": -0.015983606557377048,
  "U_LV0102": 1.0010940524993563,
  "I_LV0102_MV0102": 0.1752815630798817,
  "P_LV0103": 0.18196213425129087,
  "Q_LV0103": -0.01621342512908778,
  "U_LV0103": 1.0013531493596233,
  "I_LV0103_MV0103": 0.18243617756682107,
  "P_LV0201": 0.17221095334685596,
  "Q_LV0201": -0.015821501014198783,
  "U_LV0201": 1.0011573102450007,
  "I_LV0201_MV0201": 0.17273629940605315,
  "P_LV0202": 0.17344461305007589,
  "Q_LV0202": -0.015781487101669194,
  "U_LV0202": 1.0014146684425673,
  "I_LV0202_MV0202": 0.17391506892567848,
  "P_LV0203": 0.17308270676691728,
  "Q_LV0203": -0.015639097744360904,
  "U_LV0203": 1.0015364338350765,
  "I_LV0203_MV0203": 0.17352121147791902,
  "P_POIMV_MV0101": -0.5212726548120393,
  "Q_POIMV_MV0101": 0.059936359806265826,
  "U_POIMV": 0.9983714995406883,
  "I_POIMV_MV0101": 0.5255629863219234,
  "P_POIMV_MV0201": -0.5158450365287462,
  "Q_POIMV_MV0201": 0.05847843173102402,
  "I_POIMV_MV0201": 0.5199959528065359,
  "P_POI_POIMV": -1.0371176913438958,
  "Q_POI_POIMV": 0.132083268099704,
  "U_POI": 1.0,
  "I_POI_POIMV": 1.045494665414602
}