{
  "P_LV0101": 0.15821343334469826,
  "Q_LV0101": -0.018411183088987385,
  "U_LV0101": 0.9999649182360153,
  "I_LV0101_MV0101": 0.15928666713888776,
  "P_LV0102": 0.2007295081967213,
  "Q_LV0102": -0.018442622950819672,
  "U_LV0102": 1.0004008231509858,
  "I_LV0102_MV0102": 0.16822077499130433,
  "P_LV0103": 0.17733562822719448,
  "Q_LV0103": -0.01858864027538726,
  "U_LV0103": 1.0007375164459855,
  "I_LV0103_MV0103": 0.17817580647291908,
  "P_LV0201": 0.16320486815415822,
  "Q_LV0201": -0.018255578093306288,
  "U_LV0201": 1.00041731304973,
  "I_LV0201_MV0201": 0.16415419608474002,
  "P_LV0202": 0.16479514415781485,
  "Q_LV0202": -0.01802731411229135,
  "U_LV0202": 1.000696203035752,
  "I_LV0202_MV0202": 0.16566290116872534,
  "P_LV0203": 0.164390977443609,
  "Q_LV0203": -0.018045112781954885,
  "U_LV0203": 1.0007877056095218,
  "I_LV0203_MV0203": 0.16524824625252194,
  "P_POIMV_MV0101": -0.5002561578260442,
  "Q_POIMV_MV0101": 0.06616821242516185,
  "U_POIMV": 0.9982213493590947,
  "I_POIMV_MV0101": 0.5055123041841919,
  "P_POIMV_MV0201": -0.48977020506447905,
  "Q_POIMV_MV0201": 0.06436025064873234,
  "I_POIMV_MV0201": 0.4948610505789681,
  "P_POI_POIMV": -0.9900263628931891,
  "Q_POI_POIMV": 0.1429932051269005,
  "U_POI": 1.0,
  "I_POI_POIMV": 1.0002995830929753
}