{
  "P_LV0101": 0.1997613365155131,
  "Q_LV0101": -0.01431980906921241,
  "U_LV0101": 1.0016972382529206,
  "I_LV0101_MV0101": 0.19993459700062433,
  "P_LV0102": 0.24749999999999997,
  "Q_LV0102": -0.014293032786885245,
  "U_LV0102": 1.0021260632024866,
  "I_LV0102_MV0102": 0.20630603753904683,
  "P_LV0103": 0.2131497418244406,
  "Q_LV0103": -0.014457831325301203,
  "U_LV0103": 1.002403540304144,
  "I_LV0103_MV0103": 0.2131272526183367,
  "P_LV0201": 0.20385395537525353,
  "Q_LV0201": -0.014148073022312371,
  "U_LV0201": 1.0022132814451101,
  "I_LV0201_MV0201": 0.20389305212689082,
  "P_LV0202": 0.2047040971168437,
  "Q_LV0202": -0.014112291350531108,
  "U_LV0202": 1.0025032938611176,
  "I_LV0202_MV0202": 0.20467760267968615,
  "P_LV0203": 0.20466165413533835,
  "Q_LV0203": -0.013984962406015038,
  "U_LV0203": 1.0026523923075599,
  "I_LV0203_MV0203": 0.20459623917187345,
  "P_POIMV_MV0101": -0.6153187326316871,
  "Q_POIMV_MV0101": 0.05976761243822267,
  "U_POIMV": 0.9983377914744499,
  "I_POIMV_MV0101": 0.6192439275555388,
  "P_POIMV_MV0201": -0.6091995809201165,
  "Q_POIMV_MV0201": 0.05846294489506887,
  "I_POIMV_MV0201": 0.6130173657279788,
  "P_POI_POIMV": -1.224518313567148,
  "Q_POI_POIMV": 0.13743650425676252,
  "U_POI": 1.0,
  "I_POI_POIMV": 1.2322069197028767
}