{
  "P_LV0101": 0.3322604841459256,
  "Q_LV0101": -0.008714626662120695,
  "U_LV0101": 1.005036391594658,
  "I_LV0101_MV0101": 0.33070916857822796,
  "P_LV0102": 0.40389344262295085,
  "Q_LV0102": -0.008668032786885247,
  "U_LV0102": 1.0055770347755766,
  "I_LV0102_MV0102": 0.33482215140006943,
  "P_LV0103": 0.34041996557659204,
  "Q_LV0103": -0.008922547332185886,
  "U_LV0103": 1.0058451172739247,
  "I_LV0103_MV0103": 0.3385579663770375,
  "P_LV0201": 0.33462474645030427,
  "Q_LV0201": -0.008580121703853956,
  "U_LV0201": 1.0057636431308252,
  "I_LV0201_MV0201": 0.332816494504789,
  "P_LV0202": 0.33614567526555383,
  "Q_LV0202": -0.008558421851289832,
  "U_LV0202": 1.0062389837894432,
  "I_LV0202_MV0202": 0.334169728837819,
  "P_LV0203": 0.3363609022556391,
  "Q_LV0203": -0.008481203007518796,
  "U_LV0203": 1.0064743890113836,
  "I_LV0203_MV0203": 0.3343034001380176,
  "P_POIMV_MV0101": -0.999174995527747,
  "Q_POIMV_MV0101": 0.07222174928005447,
  "U_POIMV": 0.997793274205168,
  "I_POIMV_MV0101": 1.003997285789889,
  "P_POIMV_MV0201": -0.99641056420747,
  "Q_POIMV_MV0201": 0.07145563216368414,
  "I_POIMV_MV0201": 1.001178755863463,
  "P_POI_POIMV": -1.9955855604560564,
  "Q_POI_POIMV": 0.195465122065765,
  "U_POI": 1.0,
  "I_POI_POIMV": 2.0051354924405724
}