{
  "P_LV0101": 0.27852028639618137,
  "Q_LV0101": -0.0075690419365837015,
  "U_LV0101": 1.0045344622132677,
  "I_LV0101_MV0101": 0.2773654122447485,
  "P_LV0102": 0.33768442622950817,
  "Q_LV0102": -0.007530737704918033,
  "U_LV0102": 1.0049764341359113,
  "I_LV0102_MV0102": 0.28011048541503913,
  "P_LV0103": 0.2844061962134251,
  "Q_LV0103": -0.007745266781411359,
  "U_LV0103": 1.0052002755865275,
  "I_LV0103_MV0103": 0.28303975582769697,
  "P_LV0201": 0.2802231237322515,
  "Q_LV0201": -0.007454361054766733,
  "U_LV0201": 1.0051435158439945,
  "I_LV0201_MV0201": 0.27888779111346285,
  "P_LV0202": 0.28072837632776937,
  "Q_LV0202": -0.007435508345978756,
  "U_LV0202": 1.0055283443985141,
  "I_LV0202_MV0202": 0.27928285751224985,
  "P_LV0203": 0.282406015037594,
  "Q_LV0203": -0.007518796992481203,
  "U_LV0203": 1.0057398699696065,
  "I_LV0203_MV0203": 0.28089379396209585,
  "P_POIMV_MV0101": -0.8372652670482083,
  "Q_POIMV_MV0101": 0.05463767423140987,
  "U_POIMV": 0.9983506355752196,
  "I_POIMV_MV0101": 0.8404323059185979,
  "P_POIMV_MV0201": -0.8358288991701309,
  "Q_POIMV_MV0201": 0.05413209963281719,
  "I_POIMV_MV0201": 0.8389637429219156,
  "P_POI_POIMV": -1.6730941663919534,
  "Q_POI_POIMV": 0.1449277147912652,
  "U_POI": 1.0,
  "I_POI_POIMV": 1.6793594410159498
}