{
  "P_LV0101": 0.2979543129901125,
  "Q_LV0101": -0.005011933174224343,
  "U_LV0101": 1.0053998119755871,
  "I_LV0101_MV0101": 0.2963959807025233,
  "P_LV0102": 0.3585245901639344,
  "Q_LV0102": -0.0049180327868852455,
  "U_LV0102": 1.0058260122684506,
  "I_LV0102_MV0102": 0.29708017399394937,
  "P_LV0103": 0.29855421686746986,
  "Q_LV0103": -0.005060240963855421,
  "U_LV0103": 1.0059991704672184,
  "I_LV0103_MV0103": 0.2968164447735773,
  "P_LV0201": 0.2989350912778904,
  "Q_LV0201": -0.00486815415821501,
  "U_LV0201": 1.0060358627887873,
  "I_LV0201_MV0201": 0.2971809839594284,
  "P_LV0202": 0.2992412746585736,
  "Q_LV0202": -0.004855842185128983,
  "U_LV0202": 1.0064404221694137,
  "I_LV0202_MV0202": 0.2973655109934593,
  "P_LV0203": 0.2993984962406015,
  "Q_LV0203": -0.00481203007518797,
  "U_LV0203": 1.006647997304846,
  "I_LV0203_MV0203": 0.2974596530753012,
  "P_POIMV_MV0101": -0.8873564237547517,
  "Q_POIMV_MV0101": 0.050809896960411764,
  "U_POIMV": 0.9984165577014978,
  "I_POIMV_MV0101": 0.8902195281717041,
  "P_POIMV_MV0201": -0.8890673048957423,
  "Q_POIMV_MV0201": 0.05058988124326235,
  "I_POIMV_MV0201": 0.8919177796702575,
  "P_POI_POIMV": -1.7764237289295592,
  "Q_POI_POIMV": 0.1421885133344274,
  "U_POI": 1.0,
  "I_POI_POIMV": 1.7821051703051238
}