{
  "P_LV0101": 0.2729969314694851,
  "Q_LV0101": -0.01012615069894306,
  "U_LV0101": 1.0039422278925632,
  "I_LV0101_MV0101": 0.2721119419833771,
  "P_LV0102": 0.32237704918032783,
  "Q_LV0102": -0.010143442622950818,
  "U_LV0102": 1.0041906842197483,
  "I_LV0102_MV0102": 0.2677170503726517,
  "P_LV0103": 0.26220309810671255,
  "Q_LV0103": -0.010120481927710843,
  "U_LV0103": 1.0042211386824718,
  "I_LV0103_MV0103": 0.26129537594671143,
  "P_LV0201": 0.27018255578093303,
  "Q_LV0201": -0.010040567951318458,
  "U_LV0201": 1.0044222743436413,
  "I_LV0201_MV0201": 0.26917867408779095,
  "P_LV0202": 0.2690440060698027,
  "Q_LV0202": -0.010015174506828529,
  "U_LV0202": 1.0047528757678332,
  "I_LV0202_MV0202": 0.2679567838947515,
  "P_LV0203": 0.2687218045112782,
  "Q_LV0203": -0.009774436090225564,
  "U_LV0203": 1.0049551921996343,
  "I_LV0203_MV0203": 0.26757363372914045,
  "P_POIMV_MV0101": -0.7974370243255187,
  "Q_POIMV_MV0101": 0.05915677082963157,
  "U_POIMV": 0.9982503007758755,
  "I_POIMV_MV0101": 0.801029806918452,
  "P_POIMV_MV0201": -0.8010256609355794,
  "Q_POIMV_MV0201": 0.058883314366334975,
  "I_POIMV_MV0201": 0.8045947971611281,
  "P_POI_POIMV": -1.598462685382891,
  "Q_POI_POIMV": 0.15104252312753563,
  "U_POI": 1.0,
  "I_POI_POIMV": 1.6055830094872752
}