{
  "P_LV0101": 0.0,
  "Q_LV0101": 0.0,
  "U_LV0101": 0.9996278122698146,
  "I_LV0101_MV0101": 1.0046745754429225e-18,
  "P_LV0102": 0.003319672131147541,
  "Q_LV0102": -0.03135245901639344,
  "U_LV0102": 0.9953166665178766,
  "I_LV0102_MV0102": 0.03162236351586703,
  "P_LV0103": 0.0,
  "Q_LV0103": 0.0,
  "U_LV0103": 0.9996153868418616,
  "I_LV0103_MV0103": 3.2053903121274193e-18,
  "P_LV0201": 0.0,
  "Q_LV0201": 0.0,
  "U_LV0201": 0.9996350931755424,
  "I_LV0201_MV0201": 2.3741417050645253e-18,
  "P_LV0202": 0.0,
  "Q_LV0202": 0.0,
  "U_LV0202": 0.9996354936766185,
  "I_LV0202_MV0202": 7.47525725775984e-19,
  "P_LV0203": 0.0,
  "Q_LV0203": 0.0,
  "U_LV0203": 0.9996356271770411,
  "I_LV0203_MV0203": 1.1781005438229509e-18,
  "P_POIMV_MV0101": -0.0027376353924013375,
  "Q_POIMV_MV0101": 0.030219686713643983,
  "U_POIMV": 0.9996339917991247,
  "I_POIMV_MV0101": 0.030354546084091546,
  "P_POIMV_MV0201": 3.0873176647068127e-09,
  "Q_POIMV_MV0201": -0.0015551029575721156,
  "I_POIMV_MV0201": 0.0015556723464118418,
  "P_POI_POIMV": -0.0027376324496835754,
  "Q_POI_POIMV": 0.028109478638262356,
  "U_POI": 1.0,
  "I_POI_POIMV": 0.02824247547125585
}