{
  "P_LV0101": 0.28803273099215815,
  "Q_LV0101": -0.006034776679168087,
  "U_LV0101": 1.005017206187266,
  "I_LV0101_MV0101": 0.28665772260634825,
  "P_LV0102": 0.3481967213114754,
  "Q_LV0102": -0.0059938524590163935,
  "U_LV0102": 1.0054549281010812,
  "I_LV0102_MV0102": 0.2886512628097287,
  "P_LV0103": 0.2927710843373494,
  "Q_LV0103": -0.006092943201376936,
  "U_LV0103": 1.0056917087511241,
  "I_LV0103_MV0103": 0.29117718278021926,
  "P_LV0201": 0.2899594320486815,
  "Q_LV0201": -0.005933062880324543,
  "U_LV0201": 1.0056503017889469,
  "I_LV0201_MV0201": 0.2883906318976463,
  "P_LV0202": 0.29089529590288316,
  "Q_LV0202": -0.005918057663125948,
  "U_LV0202": 1.0060575905304117,
  "I_LV0202_MV0202": 0.2892036119819831,
  "P_LV0203": 0.2912781954887218,
  "Q_LV0203": -0.005864661654135338,
  "U_LV0203": 1.0062657873193885,
  "I_LV0203_MV0203": 0.28952313934534474,
  "P_POIMV_MV0101": -0.863460523975242,
  "Q_POIMV_MV0101": 0.0519872721668438,
  "U_POIMV": 0.9984012524110762,
  "I_POIMV_MV0101": 0.8664093040914193,
  "P_POIMV_MV0201": -0.8640929488339174,
  "Q_POIMV_MV0201": 0.05170080136704068,
  "I_POIMV_MV0201": 0.8670244131384406,
  "P_POI_POIMV": -1.7275534730329334,
  "Q_POI_POIMV": 0.1422473528919032,
  "U_POI": 1.0,
  "I_POI_POIMV": 1.7333999283468613
}