{
  "P_LV0101": 0.35594953972042276,
  "Q_LV0101": -0.007364473235594953,
  "U_LV0101": 1.0056628489975303,
  "I_LV0101_MV0101": 0.35402094868688566,
  "P_LV0102": 0.4244754098360656,
  "Q_LV0102": -0.007377049180327869,
  "U_LV0102": 1.0060780183521398,
  "I_LV0102_MV0102": 0.35166897385315204,
  "P_LV0103": 0.35219277108433733,
  "Q_LV0103": -0.007435456110154905,
  "U_LV0103": 1.006268953687045,
  "I_LV0103_MV0103": 0.3500766365085351,
  "P_LV0201": 0.3554361054766734,
  "Q_LV0201": -0.007302231237322515,
  "U_LV0201": 1.0063608732135174,
  "I_LV0201_MV0201": 0.35326403999095174,
  "P_LV0202": 0.3556297420333839,
  "Q_LV0202": -0.0072837632776934745,
  "U_LV0202": 1.006833262604769,
  "I_LV0202_MV0202": 0.35329020014889534,
  "P_LV0203": 0.3553082706766917,
  "Q_LV0203": -0.007218045112781954,
  "U_LV0203": 1.0070684909448016,
  "I_LV0203_MV0203": 0.3528872001485276,
  "P_POIMV_MV0101": -1.0507336783350107,
  "Q_POIMV_MV0101": 0.07306584678635722,
  "U_POIMV": 0.9977197003428978,
  "I_POIMV_MV0101": 1.0556783014690907,
  "P_POIMV_MV0201": -1.05437346320175,
  "Q_POIMV_MV0201": 0.07330299811362136,
  "I_POIMV_MV0201": 1.0593341057237298,
  "P_POI_POIMV": -2.1051071426385803,
  "Q_POI_POIMV": 0.2040491664871675,
  "U_POI": 1.0,
  "I_POI_POIMV": 2.1149733200047884
}