{
  "P_LV0101": 0.08984657347425844,
  "Q_LV0101": -0.014606205250596657,
  "U_LV0101": 0.9992491702874942,
  "I_LV0101_MV0101": 0.09109448059929384,
  "P_LV0102": 0.11995081967213114,
  "Q_LV0102": -0.014569672131147541,
  "U_LV0102": 0.9996465308752058,
  "I_LV0102_MV0102": 0.10105096627707984,
  "P_LV0103": 0.10905335628227193,
  "Q_LV0103": -0.014746987951807228,
  "U_LV0103": 0.9999236852726303,
  "I_LV0103_MV0103": 0.11005433540252788,
  "P_LV0201": 0.09620689655172414,
  "Q_LV0201": -0.014421906693711966,
  "U_LV0201": 0.9996166434984978,
  "I_LV0201_MV0201": 0.09731915791840702,
  "P_LV0202": 0.09742033383915022,
  "Q_LV0202": -0.014385432473444612,
  "U_LV0202": 0.999773103967315,
  "I_LV0202_MV0202": 0.0984990575239742,
  "P_LV0203": 0.09581954887218044,
  "Q_LV0203": -0.01425563909774436,
  "U_LV0203": 0.9998092255365786,
  "I_LV0203_MV0203": 0.09689267724980676,
  "P_POIMV_MV0101": -0.29793709400874635,
  "Q_POIMV_MV0101": 0.04695342923744261,
  "U_POIMV": 0.9987720569261946,
  "I_POIMV_MV0101": 0.3019850384426157,
  "P_POIMV_MV0201": -0.28853084562052816,
  "Q_POIMV_MV0201": 0.04555930412398875,
  "I_POIMV_MV0201": 0.2924647600577228,
  "P_POI_POIMV": -0.5864679396291378,
  "Q_POI_POIMV": 0.09654803679671632,
  "U_POI": 1.0,
  "I_POI_POIMV": 0.594361983661595
}