{
  "P_LV0101": 0.01769519263552676,
  "Q_LV0101": -0.004398227071258097,
  "U_LV0101": 0.9995878621103146,
  "I_LV0101_MV0101": 0.018241119687824832,
  "P_LV0102": 0.02581967213114754,
  "Q_LV0102": -0.004456967213114754,
  "U_LV0102": 0.9997129105888876,
  "I_LV0102_MV0102": 0.021979469469563837,
  "P_LV0103": 0.02499139414802065,
  "Q_LV0103": -0.004440619621342513,
  "U_LV0103": 0.999825521139914,
  "I_LV0103_MV0103": 0.025387275602785205,
  "P_LV0201": 0.019929006085192696,
  "Q_LV0201": -0.004563894523326572,
  "U_LV0201": 0.9996615832389867,
  "I_LV0201_MV0201": 0.020451832780632045,
  "P_LV0202": 0.0204855842185129,
  "Q_LV0202": -0.004400606980273141,
  "U_LV0202": 0.9997241557882633,
  "I_LV0202_MV0202": 0.020958692695135808,
  "P_LV0203": 0.02030075187969925,
  "Q_LV0203": -0.004360902255639097,
  "U_LV0203": 0.9997368098840931,
  "I_LV0203_MV0203": 0.02076932882821427,
  "P_POIMV_MV0101": -0.06415892548416777,
  "Q_POIMV_MV0101": 0.012228392061205937,
  "U_POIMV": 0.9996910898994527,
  "I_POIMV_MV0101": 0.06533404987760427,
  "P_POIMV_MV0201": -0.06067403434442711,
  "Q_POIMV_MV0201": 0.011952644616793648,
  "I_POIMV_MV0201": 0.06185925898986885,
  "P_POI_POIMV": -0.1248329611407614,
  "Q_POI_POIMV": 0.023825780707755612,
  "U_POI": 1.0,
  "I_POI_POIMV": 0.12708633291390897
}