{
  "P_LV0101": 0.2966246164336856,
  "Q_LV0101": -0.006137061029662461,
  "U_LV0101": 1.0051439442128025,
  "I_LV0101_MV0101": 0.29516975972699194,
  "P_LV0102": 0.3537295081967213,
  "Q_LV0102": -0.006147540983606557,
  "U_LV0102": 1.0054906782429862,
  "I_LV0102_MV0102": 0.2932286626462174,
  "P_LV0103": 0.2934939759036144,
  "Q_LV0103": -0.006196213425129087,
  "U_LV0103": 1.0056497504513586,
  "I_LV0103_MV0103": 0.2919101560101761,
  "P_LV0201": 0.2961967545638945,
  "Q_LV0201": -0.006085192697768762,
  "U_LV0201": 1.0057297075301,
  "I_LV0201_MV0201": 0.2945714481570277,
  "P_LV0202": 0.2963581183611533,
  "Q_LV0202": -0.006069802731411229,
  "U_LV0202": 1.0061265283859606,
  "I_LV0202_MV0202": 0.29461530163170563,
  "P_LV0203": 0.2960902255639098,
  "Q_LV0203": -0.006015037593984963,
  "U_LV0203": 1.0063237142094004,
  "I_LV0203_MV0203": 0.2942903088798258,
  "P_POIMV_MV0101": -0.8771495033327067,
  "Q_POIMV_MV0101": 0.05347259008294048,
  "U_POIMV": 0.9983493476555582,
  "I_POIMV_MV0101": 0.880230838915536,
  "P_POIMV_MV0201": -0.8802997963320205,
  "Q_POIMV_MV0201": 0.05350814670420721,
  "I_POIMV_MV0201": 0.8833826743991972,
  "P_POI_POIMV": -1.7574492999214217,
  "Q_POI_POIMV": 0.14691424835976272,
  "U_POI": 1.0,
  "I_POI_POIMV": 1.7635792690336918
}