{
  "P_LV0101": 0.060143198090692115,
  "Q_LV0101": -0.008837367882713944,
  "U_LV0101": 0.9997617165349236,
  "I_LV0101_MV0101": 0.060803490096800486,
  "P_LV0102": 0.061745901639344264,
  "Q_LV0102": -0.009036885245901639,
  "U_LV0102": 0.9995593370335505,
  "I_LV0102_MV0102": 0.052265478904476526,
  "P_LV0103": 0.04262994836488812,
  "Q_LV0103": -0.009046471600688468,
  "U_LV0103": 0.9993464974138008,
  "I_LV0103_MV0103": 0.04360774371605219,
  "P_LV0201": 0.05476673427991886,
  "Q_LV0201": -0.00894523326572008,
  "U_LV0201": 0.9997045834220175,
  "I_LV0201_MV0201": 0.055508846999835805,
  "P_LV0202": 0.052443095599393016,
  "Q_LV0202": -0.00874051593323217,
  "U_LV0202": 0.9997359254899092,
  "I_LV0202_MV0202": 0.05318052257838436,
  "P_LV0203": 0.05269172932330827,
  "Q_LV0203": -0.008842105263157894,
  "U_LV0203": 0.9997609004679818,
  "I_LV0203_MV0203": 0.05344124194199464,
  "P_POIMV_MV0101": -0.15398041766839457,
  "Q_POIMV_MV0101": 0.02681685404567361,
  "U_POIMV": 0.9993080078184373,
  "I_POIMV_MV0101": 0.15640638517172317,
  "P_POIMV_MV0201": -0.15962077235260522,
  "Q_POIMV_MV0201": 0.026215730275645558,
  "I_POIMV_MV0201": 0.1618712652565781,
  "P_POI_POIMV": -0.3136012391701492,
  "Q_POI_POIMV": 0.05378571731497933,
  "U_POI": 1.0,
  "I_POI_POIMV": 0.3181802014521645
}