{
  "P_LV0101": 0.26917149676099555,
  "Q_LV0101": -0.017674735765427888,
  "U_LV0101": 1.0022510207593962,
  "I_LV0101_MV0101": 0.26914531319201457,
  "P_LV0102": 0.31227049180327865,
  "Q_LV0102": -0.017889344262295083,
  "U_LV0102": 1.0023463669336379,
  "I_LV0102_MV0102": 0.26022899891555074,
  "P_LV0103": 0.24760068846815833,
  "Q_LV0103": -0.01772117039586919,
  "U_LV0103": 1.0022423701206988,
  "I_LV0103_MV0103": 0.24767865720359386,
  "P_LV0201": 0.264158215010142,
  "Q_LV0201": -0.017707910750507098,
  "U_LV0201": 1.0026431850589006,
  "I_LV0201_MV0201": 0.2640531354893676,
  "P_LV0202": 0.2613050075872534,
  "Q_LV0202": -0.01748103186646434,
  "U_LV0202": 1.0029466576497252,
  "I_LV0202_MV0202": 0.2611196559632393,
  "P_LV0203": 0.2614736842105263,
  "Q_LV0203": -0.01750375939849624,
  "U_LV0203": 1.0031153567289992,
  "I_LV0203_MV0203": 0.2612450324639106,
  "P_POIMV_MV0101": -0.7709673491334408,
  "Q_POIMV_MV0101": 0.08029616106964559,
  "U_POIMV": 0.9977055438535758,
  "I_POIMV_MV0101": 0.7769200981325902,
  "P_POIMV_MV0201": -0.7803261337300063,
  "Q_POIMV_MV0201": 0.08037203383889817,
  "I_POIMV_MV0201": 0.7862583288923378,
  "P_POI_POIMV": -1.551293482964125,
  "Q_POI_POIMV": 0.19191926472039098,
  "U_POI": 1.0,
  "I_POI_POIMV": 1.5631201087753244
}