{
  "P_LV0101": 0.1278963518581657,
  "Q_LV0101": -0.0157108762359359,
  "U_LV0101": 0.9999429367658791,
  "I_LV0101_MV0101": 0.12886505967103687,
  "P_LV0102": 0.1398688524590164,
  "Q_LV0102": -0.01567622950819672,
  "U_LV0102": 0.9997974583862993,
  "I_LV0102_MV0102": 0.11763065447985456,
  "P_LV0103": 0.10360068846815834,
  "Q_LV0103": -0.01573838209982788,
  "U_LV0103": 0.9995213613931365,
  "I_LV0103_MV0103": 0.10483948942516308,
  "P_LV0201": 0.12158215010141987,
  "Q_LV0201": -0.015517241379310345,
  "U_LV0201": 1.0000397599688369,
  "I_LV0201_MV0201": 0.12256349148995134,
  "P_LV0202": 0.11836115326251896,
  "Q_LV0202": -0.015295902883156296,
  "U_LV0202": 1.0001378908636072,
  "I_LV0202_MV0202": 0.11932895712930382,
  "P_LV0203": 0.11909774436090224,
  "Q_LV0203": -0.015338345864661653,
  "U_LV0203": 1.000225393107641,
  "I_LV0203_MV0203": 0.12005431951378645,
  "P_POIMV_MV0101": -0.3468183661925798,
  "Q_POIMV_MV0101": 0.05166754377198205,
  "U_POIMV": 0.9986292531066426,
  "I_POIMV_MV0101": 0.3511271594370516,
  "P_POIMV_MV0201": -0.3576410952996273,
  "Q_POIMV_MV0201": 0.050790486731703006,
  "I_POIMV_MV0201": 0.3617254377204207,
  "P_POI_POIMV": -0.7044594614928295,
  "Q_POI_POIMV": 0.10850874422128544,
  "U_POI": 1.0,
  "I_POI_POIMV": 0.7127673396412378
}