{
  "P_LV0101": 0.0394817592908285,
  "Q_LV0101": -0.006137061029662461,
  "U_LV0101": 0.9998076891191694,
  "I_LV0101_MV0101": 0.039963570488503956,
  "P_LV0102": 0.039651639344262295,
  "Q_LV0102": -0.006147540983606557,
  "U_LV0102": 0.9996685000755796,
  "I_LV0102_MV0102": 0.033621176729141396,
  "P_LV0103": 0.027366609294320134,
  "Q_LV0103": -0.0062994836488812385,
  "U_LV0103": 0.9995092448971963,
  "I_LV0103_MV0103": 0.02809607343921093,
  "P_LV0201": 0.03559837728194726,
  "Q_LV0201": -0.006085192697768762,
  "U_LV0201": 0.9997752698018337,
  "I_LV0201_MV0201": 0.03612285131009951,
  "P_LV0202": 0.033990895295902886,
  "Q_LV0202": -0.006069802731411229,
  "U_LV0202": 0.9997756565379905,
  "I_LV0202_MV0202": 0.03453633633416323,
  "P_LV0203": 0.03383458646616541,
  "Q_LV0203": -0.006015037593984963,
  "U_LV0203": 0.9997998211536611,
  "I_LV0203_MV0203": 0.03437197719899576,
  "P_POIMV_MV0101": -0.09978693612602467,
  "Q_POIMV_MV0101": 0.017804818219012208,
  "U_POIMV": 0.9995486970847606,
  "I_POIMV_MV0101": 0.10140869897670617,
  "P_POIMV_MV0201": -0.10330606599189605,
  "Q_POIMV_MV0201": 0.017136334975871546,
  "I_POIMV_MV0201": 0.10476498338684749,
  "P_POI_POIMV": -0.20309301085212925,
  "Q_POI_POIMV": 0.03492871927096999,
  "U_POI": 1.0,
  "I_POI_POIMV": 0.20607471093487748
}