{
  "P_LV0101": 0.2567746334810774,
  "Q_LV0101": -0.017797476986021136,
  "U_LV0101": 1.0020299388752367,
  "I_LV0101_MV0101": 0.25686925196644766,
  "P_LV0102": 0.29810655737704916,
  "Q_LV0102": -0.017704918032786884,
  "U_LV0102": 1.0021642371142114,
  "I_LV0102_MV0102": 0.24851439816085905,
  "P_LV0103": 0.23632358003442339,
  "Q_LV0103": -0.017969018932874354,
  "U_LV0103": 1.0020017567067339,
  "I_LV0103_MV0103": 0.23653225855014048,
  "P_LV0201": 0.2519269776876268,
  "Q_LV0201": -0.017525354969574036,
  "U_LV0201": 1.0024440183600738,
  "I_LV0201_MV0201": 0.25192012214431597,
  "P_LV0202": 0.24965098634294383,
  "Q_LV0202": -0.01748103186646434,
  "U_LV0202": 1.0027192905380888,
  "I_LV0202_MV0202": 0.24958357509723852,
  "P_LV0203": 0.24956390977443607,
  "Q_LV0203": -0.017323308270676692,
  "U_LV0203": 1.00289961892286,
  "I_LV0203_MV0203": 0.24944114580578788,
  "P_POIMV_MV0101": -0.7360231296637508,
  "Q_POIMV_MV0101": 0.07798209776388192,
  "U_POIMV": 0.9977924552366584,
  "I_POIMV_MV0101": 0.741780239164236,
  "P_POIMV_MV0201": -0.7451139366309245,
  "Q_POIMV_MV0201": 0.07743121064606169,
  "I_POIMV_MV0201": 0.7507837940167805,
  "P_POI_POIMV": -1.481137066364917,
  "Q_POI_POIMV": 0.1838547108916912,
  "U_POI": 1.0,
  "I_POI_POIMV": 1.4925044603206852
}