{
  "P_LV0101": 0.22430958063416295,
  "Q_LV0101": -0.014728946471189906,
  "U_LV0101": 1.0021176717717566,
  "I_LV0101_MV0101": 0.22431760633601883,
  "P_LV0102": 0.26022540983606557,
  "Q_LV0102": -0.0149077868852459,
  "U_LV0102": 1.002192167805172,
  "I_LV0102_MV0102": 0.21689086518852638,
  "P_LV0103": 0.2063339070567986,
  "Q_LV0103": -0.014767641996557659,
  "U_LV0103": 1.002097396841308,
  "I_LV0103_MV0103": 0.20642874069706382,
  "P_LV0201": 0.22013184584178497,
  "Q_LV0201": -0.014756592292089248,
  "U_LV0201": 1.0024433713075904,
  "I_LV0201_MV0201": 0.2200881402775746,
  "P_LV0202": 0.21775417298937785,
  "Q_LV0202": -0.01456752655538695,
  "U_LV0202": 1.0026958247851319,
  "I_LV0202_MV0202": 0.21765414771367686,
  "P_LV0203": 0.21789473684210525,
  "Q_LV0203": -0.014586466165413535,
  "U_LV0203": 1.0028373355799451,
  "I_LV0203_MV0203": 0.21776454883893454,
  "P_POIMV_MV0101": -0.6433091340082837,
  "Q_POIMV_MV0101": 0.06277879469348782,
  "U_POIMV": 0.9982284836657466,
  "I_POIMV_MV0101": 0.6475121601616507,
  "P_POIMV_MV0201": -0.6511877407503887,
  "Q_POIMV_MV0201": 0.0626667532510218,
  "I_POIMV_MV0201": 0.655357120487366,
  "P_POI_POIMV": -1.2944968747824293,
  "Q_POI_POIMV": 0.1469822439791182,
  "U_POI": 1.0,
  "I_POI_POIMV": 1.302814621834823
}