{
  "P_LV0101": 0.0551108080463689,
  "Q_LV0101": -0.01104670985339243,
  "U_LV0101": 0.9991411698097775,
  "I_LV0101_MV0101": 0.0562553503821949,
  "P_LV0102": 0.07723770491803279,
  "Q_LV0102": -0.01125,
  "U_LV0102": 0.999443481820133,
  "I_LV0102_MV0102": 0.06537690738813158,
  "P_LV0103": 0.07249569707401032,
  "Q_LV0103": -0.011153184165232357,
  "U_LV0103": 0.9997167298319386,
  "I_LV0103_MV0103": 0.07336940033139776,
  "P_LV0201": 0.06115618661257606,
  "Q_LV0201": -0.011135902636916835,
  "U_LV0201": 0.9994008761667295,
  "I_LV0201_MV0201": 0.062199049725130504,
  "P_LV0202": 0.06245827010622154,
  "Q_LV0202": -0.011107738998482549,
  "U_LV0202": 0.999515262379582,
  "I_LV0202_MV0202": 0.06346906161282723,
  "P_LV0203": 0.06171428571428571,
  "Q_LV0203": -0.01100751879699248,
  "U_LV0203": 0.9995471096437336,
  "I_LV0203_MV0203": 0.06271666847587216,
  "P_POIMV_MV0101": -0.1915847360647598,
  "Q_POIMV_MV0101": 0.03397990477532618,
  "U_POIMV": 0.9991175369619271,
  "I_POIMV_MV0101": 0.19474663673310663,
  "P_POIMV_MV0201": -0.1849493078423441,
  "Q_POIMV_MV0201": 0.03337450236295502,
  "I_POIMV_MV0201": 0.18810242918293985,
  "P_POI_POIMV": -0.3765340439069874,
  "Q_POI_POIMV": 0.06869701526104835,
  "U_POI": 1.0,
  "I_POI_POIMV": 0.3827494822030799
}