{
  "P_LV0101": 0.2783157176951926,
  "Q_LV0101": -0.00920559154449369,
  "U_LV0101": 1.004221784022911,
  "I_LV0101_MV0101": 0.2772972294952135,
  "P_LV0102": 0.32883196721311475,
  "Q_LV0102": -0.009221311475409836,
  "U_LV0102": 1.0044806097068715,
  "I_LV0102_MV0102": 0.27295872779978364,
  "P_LV0103": 0.26850258175559377,
  "Q_LV0103": -0.00929432013769363,
  "U_LV0103": 1.0045235063626967,
  "I_LV0103_MV0103": 0.26745356892277694,
  "P_LV0201": 0.27565922920892494,
  "Q_LV0201": -0.008975659229208925,
  "U_LV0201": 1.0047383969355417,
  "I_LV0201_MV0201": 0.2745046056342485,
  "P_LV0202": 0.27526555386949925,
  "Q_LV0202": -0.009104704097116844,
  "U_LV0202": 1.0050728270472968,
  "I_LV0202_MV0202": 0.274026000159552,
  "P_LV0203": 0.27458646616541355,
  "Q_LV0203": -0.009022556390977444,
  "U_LV0203": 1.005249381260305,
  "I_LV0203_MV0203": 0.27330000504045177,
  "P_POIMV_MV0101": -0.8141659557264128,
  "Q_POIMV_MV0101": 0.05774297676361986,
  "U_POIMV": 0.9982778554465894,
  "I_POIMV_MV0101": 0.8176190939884427,
  "P_POIMV_MV0201": -0.8182905109772971,
  "Q_POIMV_MV0201": 0.05747230881765072,
  "I_POIMV_MV0201": 0.8217214235717826,
  "P_POI_POIMV": -1.63245646684707,
  "Q_POI_POIMV": 0.14964230353750319,
  "U_POI": 1.0,
  "I_POI_POIMV": 1.6393007457934097
}