{
  "P_LV0101": 0.3464984657347426,
  "Q_LV0101": -0.009082850323900443,
  "U_LV0101": 1.00519724111564,
  "I_LV0101_MV0101": 0.3448253503696663,
  "P_LV0102": 0.4114180327868852,
  "Q_LV0102": -0.009036885245901639,
  "U_LV0102": 1.0055727725804833,
  "I_LV0102_MV0102": 0.34106675088548516,
  "P_LV0103": 0.3379414802065404,
  "Q_LV0103": -0.009170395869191049,
  "U_LV0103": 1.0056724704661502,
  "I_LV0103_MV0103": 0.33615902936636344,
  "P_LV0201": 0.34411764705882353,
  "Q_LV0201": -0.00894523326572008,
  "U_LV0201": 1.0058416934164813,
  "I_LV0201_MV0201": 0.3422346618423882,
  "P_LV0202": 0.34306525037936264,
  "Q_LV0202": -0.008922610015174507,
  "U_LV0202": 1.0062718528829522,
  "I_LV0202_MV0202": 0.341042295576397,
  "P_LV0203": 0.34357894736842104,
  "Q_LV0203": -0.008842105263157894,
  "U_LV0203": 1.0065183635647736,
  "I_LV0203_MV0203": 0.3414669003325414,
  "P_POIMV_MV0101": -1.01685264122105,
  "Q_POIMV_MV0101": 0.07490300265137009,
  "U_POIMV": 0.9977005019605414,
  "I_POIMV_MV0101": 1.0219576365539784,
  "P_POIMV_MV0201": -1.0195348380669602,
  "Q_POIMV_MV0201": 0.07479077486993249,
  "I_POIMV_MV0201": 1.0246305345076547,
  "P_POI_POIMV": -2.0363874801364052,
  "Q_POI_POIMV": 0.2036663314087051,
  "U_POI": 1.0,
  "I_POI_POIMV": 2.0465468340123025
}