{
  "P_LV0101": 0.14274803954994886,
  "Q_LV0101": -0.017797476986021136,
  "U_LV0101": 0.9997714623132543,
  "I_LV0101_MV0101": 0.1438861175747416,
  "P_LV0102": 0.18236065573770494,
  "Q_LV0102": -0.017704918032786884,
  "U_LV0102": 1.0002112627605932,
  "I_LV0102_MV0102": 0.1529627760352019,
  "P_LV0103": 0.1615972461273666,
  "Q_LV0103": -0.017969018932874354,
  "U_LV0103": 1.0005138200925832,
  "I_LV0103_MV0103": 0.16250972049312712,
  "P_LV0201": 0.1471399594320487,
  "Q_LV0201": -0.017707910750507098,
  "U_LV0201": 1.000169916143567,
  "I_LV0201_MV0201": 0.1481765017791502,
  "P_LV0202": 0.14913505311077388,
  "Q_LV0202": -0.01748103186646434,
  "U_LV0202": 1.0004386589932934,
  "I_LV0202_MV0202": 0.15009024882331065,
  "P_LV0203": 0.1485112781954887,
  "Q_LV0203": -0.017323308270676692,
  "U_LV0203": 1.0005387370301495,
  "I_LV0203_MV0203": 0.14943770785431693,
  "P_POIMV_MV0101": -0.4541926500084725,
  "Q_POIMV_MV0101": 0.06210383377386299,
  "U_POIMV": 0.9983407485066426,
  "I_POIMV_MV0101": 0.459180754484691,
  "P_POIMV_MV0201": -0.44264285475050025,
  "Q_POIMV_MV0201": 0.060433969480486814,
  "I_POIMV_MV0201": 0.44749182888140665,
  "P_POI_POIMV": -0.8968355047607626,
  "Q_POI_POIMV": 0.13267581585285818,
  "U_POI": 1.0,
  "I_POI_POIMV": 0.9065962688604632
}