{
  "P_LV0101": 0.26072280941016024,
  "Q_LV0101": -0.009819297647459937,
  "U_LV0101": 1.003761792570674,
  "I_LV0101_MV0101": 0.2599298480743383,
  "P_LV0102": 0.31850409836065574,
  "Q_LV0102": -0.009682377049180327,
  "U_LV0102": 1.0042376224996774,
  "I_LV0102_MV0102": 0.2644758781965041,
  "P_LV0103": 0.2699483648881239,
  "Q_LV0103": -0.00991394148020654,
  "U_LV0103": 1.004483852029958,
  "I_LV0103_MV0103": 0.2689245321105458,
  "P_LV0201": 0.26333671399594316,
  "Q_LV0201": -0.00973630831643002,
  "U_LV0201": 1.004350105718914,
  "I_LV0201_MV0201": 0.26237528184743425,
  "P_LV0202": 0.26342943854324735,
  "Q_LV0202": -0.009711684370257967,
  "U_LV0202": 1.004702222556822,
  "I_LV0202_MV0202": 0.2623746509915603,
  "P_LV0203": 0.26481203007518794,
  "Q_LV0203": -0.009473684210526316,
  "U_LV0203": 1.0049400021769175,
  "I_LV0203_MV0203": 0.2636788628773147,
  "P_POIMV_MV0101": -0.7897945586431961,
  "Q_POIMV_MV0101": 0.05760540640713139,
  "U_POIMV": 0.9983048788697653,
  "I_POIMV_MV0101": 0.7932371938397598,
  "P_POIMV_MV0201": -0.7849312101653957,
  "Q_POIMV_MV0201": 0.05674980706739455,
  "I_POIMV_MV0201": 0.7883163074461543,
  "P_POI_POIMV": -1.5747257689165488,
  "Q_POI_POIMV": 0.1463587006110671,
  "U_POI": 1.0,
  "I_POI_POIMV": 1.5815126039758192
}