{
  "P_LV0101": 0.018533924309580632,
  "Q_LV0101": -0.004173201500170473,
  "U_LV0101": 0.999665209118646,
  "I_LV0101_MV0101": 0.01900430856626177,
  "P_LV0102": 0.018811475409836066,
  "Q_LV0102": -0.004057377049180328,
  "U_LV0102": 0.9996196062617392,
  "I_LV0102_MV0102": 0.01619895285724693,
  "P_LV0103": 0.013383820998278829,
  "Q_LV0103": -0.004213425129087779,
  "U_LV0103": 0.9995423365472882,
  "I_LV0103_MV0103": 0.014037804166648545,
  "P_LV0201": 0.016795131845841783,
  "Q_LV0201": -0.004198782961460446,
  "U_LV0201": 0.9996431528519004,
  "I_LV0201_MV0201": 0.017318205480784887,
  "P_LV0202": 0.016024279210925644,
  "Q_LV0202": -0.004188163884673748,
  "U_LV0202": 0.9996421748365805,
  "I_LV0202_MV0202": 0.016568483896257667,
  "P_LV0203": 0.01569924812030075,
  "Q_LV0203": -0.003789473684210526,
  "U_LV0203": 0.9996979413617431,
  "I_LV0203_MV0203": 0.01615500357595234,
  "P_POIMV_MV0101": -0.047569582385493,
  "Q_POIMV_MV0101": 0.011286418677336282,
  "U_POIMV": 0.9997197104381116,
  "I_POIMV_MV0101": 0.04890387409820173,
  "P_POIMV_MV0201": -0.048491953982598354,
  "Q_POIMV_MV0201": 0.01073928001521053,
  "I_POIMV_MV0201": 0.04968083287809448,
  "P_POI_POIMV": -0.09606153686917913,
  "Q_POI_POIMV": 0.02158633216595374,
  "U_POI": 1.0,
  "I_POI_POIMV": 0.09845703937275156
}