{
  "P_LV0101": 0.2513740197749744,
  "Q_LV0101": -0.017920218206614387,
  "U_LV0101": 1.001907051663289,
  "I_LV0101_MV0101": 0.25153228298781655,
  "P_LV0102": 0.28991803278688527,
  "Q_LV0102": -0.018073770491803278,
  "U_LV0102": 1.0019638612659936,
  "I_LV0102_MV0102": 0.24179860033389633,
  "P_LV0103": 0.22864027538726334,
  "Q_LV0103": -0.018092943201376936,
  "U_LV0103": 1.0018087778235338,
  "I_LV0103_MV0103": 0.2289409274618806,
  "P_LV0201": 0.24572008113590263,
  "Q_LV0201": -0.01789046653144016,
  "U_LV0201": 1.0022544506254267,
  "I_LV0201_MV0201": 0.24581632693331984,
  "P_LV0202": 0.24200303490136568,
  "Q_LV0202": -0.017845220030349013,
  "U_LV0202": 1.002487004524352,
  "I_LV0202_MV0202": 0.24205809352066548,
  "P_LV0203": 0.24306766917293232,
  "Q_LV0203": -0.01768421052631579,
  "U_LV0203": 1.0026897613849437,
  "I_LV0203_MV0203": 0.2430563574420715,
  "P_POIMV_MV0101": -0.7164024545182981,
  "Q_POIMV_MV0101": 0.07725772168752555,
  "U_POIMV": 0.9978158959387745,
  "I_POIMV_MV0101": 0.7221334110753045,
  "P_POIMV_MV0201": -0.7250801087872115,
  "Q_POIMV_MV0201": 0.07711992373696278,
  "I_POIMV_MV0201": 0.7307659027626452,
  "P_POI_POIMV": -1.4414825633617918,
  "Q_POI_POIMV": 0.18129781456841224,
  "U_POI": 1.0,
  "I_POI_POIMV": 1.4528389029907498
}