{
  "P_LV0101": 0.29723832253665183,
  "Q_LV0101": -0.006137061029662461,
  "U_LV0101": 1.005157564250284,
  "I_LV0101_MV0101": 0.2957761868815411,
  "P_LV0102": 0.3566803278688524,
  "Q_LV0102": -0.0059938524590163935,
  "U_LV0102": 1.0055685641888754,
  "I_LV0102_MV0102": 0.2956477016385044,
  "P_LV0103": 0.2950430292598967,
  "Q_LV0103": -0.006092943201376936,
  "U_LV0103": 1.0057018933373252,
  "I_LV0103_MV0103": 0.2934328127705465,
  "P_LV0201": 0.2971095334685598,
  "Q_LV0201": -0.005933062880324543,
  "U_LV0201": 1.005772754935004,
  "I_LV0201_MV0201": 0.29546313084221076,
  "P_LV0202": 0.2977238239757208,
  "Q_LV0202": -0.005918057663125948,
  "U_LV0202": 1.0061809783605613,
  "I_LV0202_MV0202": 0.2959533555360182,
  "P_LV0203": 0.29699248120300753,
  "Q_LV0203": -0.005864661654135338,
  "U_LV0203": 1.0063685284903223,
  "I_LV0203_MV0203": 0.29517057762277915,
  "P_POIMV_MV0101": -0.8816903507482847,
  "Q_POIMV_MV0101": 0.05359153586551503,
  "U_POIMV": 0.9983480275240563,
  "I_POIMV_MV0101": 0.8847791996672029,
  "P_POIMV_MV0201": -0.8834216140409334,
  "Q_POIMV_MV0201": 0.05331415627465727,
  "I_POIMV_MV0201": 0.8864933590014746,
  "P_POI_POIMV": -1.765111965055036,
  "Q_POI_POIMV": 0.14719172886229204,
  "U_POI": 1.0,
  "I_POI_POIMV": 1.7712384521079934
}