{
  "P_LV0101": 0.14524377770201158,
  "Q_LV0101": -0.015342652574156151,
  "U_LV0101": 1.0004051591985508,
  "I_LV0101_MV0101": 0.14599273072111818,
  "P_LV0102": 0.16377049180327868,
  "Q_LV0102": -0.01521516393442623,
  "U_LV0102": 1.000369350689777,
  "I_LV0102_MV0102": 0.13727023237611796,
  "P_LV0103": 0.1250602409638554,
  "Q_LV0103": -0.015490533562822718,
  "U_LV0103": 1.0001224930149082,
  "I_LV0103_MV0103": 0.12600051917162233,
  "P_LV0201": 0.1405679513184584,
  "Q_LV0201": -0.015212981744421905,
  "U_LV0201": 1.0005750139456515,
  "I_LV0201_MV0201": 0.14130751433192737,
  "P_LV0202": 0.13823975720789075,
  "Q_LV0202": -0.015022761760242791,
  "U_LV0202": 1.0007186928209146,
  "I_LV0202_MV0202": 0.1389537714936441,
  "P_LV0203": 0.13789473684210526,
  "Q_LV0203": -0.015037593984962405,
  "U_LV0203": 1.0007955012333305,
  "I_LV0203_MV0203": 0.13860198971698065,
  "P_POIMV_MV0101": -0.4051052785036947,
  "Q_POIMV_MV0101": 0.05264005531354679,
  "U_POIMV": 0.9985856103613823,
  "I_POIMV_MV0101": 0.4090896427189972,
  "P_POIMV_MV0201": -0.4148274727134099,
  "Q_POIMV_MV0201": 0.052012525568648625,
  "I_POIMV_MV0201": 0.4186676726530876,
  "P_POI_POIMV": -0.8199327512177135,
  "Q_POI_POIMV": 0.11300833507069435,
  "U_POI": 1.0,
  "I_POI_POIMV": 0.8276838770417722
}