{
  "P_LV0101": 0.278745311967269,
  "Q_LV0101": -0.016324582338902147,
  "U_LV0101": 1.0026933187123117,
  "I_LV0101_MV0101": 0.2784729070767788,
  "P_LV0102": 0.3251065573770492,
  "Q_LV0102": -0.016413934426229508,
  "U_LV0102": 1.0028491697234512,
  "I_LV0102_MV0102": 0.27064777691676206,
  "P_LV0103": 0.2599931153184165,
  "Q_LV0103": -0.016481927710843374,
  "U_LV0103": 1.0027619724799506,
  "I_LV0103_MV0103": 0.2597974633139809,
  "P_LV0201": 0.27419878296146044,
  "Q_LV0201": -0.016247464503042597,
  "U_LV0201": 1.0031340331912968,
  "I_LV0201_MV0201": 0.27382156160935367,
  "P_LV0202": 0.27204855842185127,
  "Q_LV0202": -0.01620637329286798,
  "U_LV0202": 1.0034430261294578,
  "I_LV0202_MV0202": 0.27159573964847206,
  "P_LV0203": 0.2721203007518797,
  "Q_LV0203": -0.016060150375939847,
  "U_LV0203": 1.003640548988285,
  "I_LV0203_MV0203": 0.27160502093922484,
  "P_POIMV_MV0101": -0.803125728645806,
  "Q_POIMV_MV0101": 0.0785889068544204,
  "U_POIMV": 0.9977351624066173,
  "I_POIMV_MV0101": 0.8087934654151313,
  "P_POIMV_MV0201": -0.8112319047359307,
  "Q_POIMV_MV0201": 0.07851249173858474,
  "I_POIMV_MV0201": 0.8168724233251322,
  "P_POI_POIMV": -1.6143576335187786,
  "Q_POI_POIMV": 0.19094705573873658,
  "U_POI": 1.0,
  "I_POI_POIMV": 1.6256110687970977
}