{
  "P_LV0101": 0.34183429935219906,
  "Q_LV0101": -0.00945107398568019,
  "U_LV0101": 1.005062870358065,
  "I_LV0101_MV0101": 0.3402423238609457,
  "P_LV0102": 0.4072131147540983,
  "Q_LV0102": -0.009405737704918033,
  "U_LV0102": 1.0054566098027289,
  "I_LV0102_MV0102": 0.33763226108556277,
  "P_LV0103": 0.33298450946643715,
  "Q_LV0103": -0.009542168674698795,
  "U_LV0103": 1.005521598029729,
  "I_LV0103_MV0103": 0.3312919430866632,
  "P_LV0201": 0.33955375253549697,
  "Q_LV0201": -0.009310344827586206,
  "U_LV0201": 1.005698579202186,
  "I_LV0201_MV0201": 0.3377566375017015,
  "P_LV0202": 0.3377845220030349,
  "Q_LV0202": -0.009104704097116844,
  "U_LV0202": 1.0061316829548628,
  "I_LV0202_MV0202": 0.33584789192407305,
  "P_LV0203": 0.3378045112781955,
  "Q_LV0203": -0.009203007518796992,
  "U_LV0203": 1.0063392803549474,
  "I_LV0203_MV0203": 0.3358011122072668,
  "P_POIMV_MV0101": -1.0039887840753987,
  "Q_POIMV_MV0101": 0.07478784213773923,
  "U_POIMV": 0.9977191523678942,
  "I_POIMV_MV0101": 1.009071969988694,
  "P_POIMV_MV0201": -1.004250173475952,
  "Q_POIMV_MV0201": 0.07422383798237926,
  "I_POIMV_MV0201": 1.00929140880682,
  "P_POI_POIMV": -2.008238958311513,
  "Q_POI_POIMV": 0.20149030807399593,
  "U_POI": 1.0,
  "I_POI_POIMV": 2.0183215942777464
}