{
  "P_LV0101": 0.29856801909307873,
  "Q_LV0101": -0.005011933174224343,
  "U_LV0101": 1.0054147213933196,
  "I_LV0101_MV0101": 0.29700190020137524,
  "P_LV0102": 0.3588934426229508,
  "Q_LV0102": -0.0049180327868852455,
  "U_LV0102": 1.0058344423574326,
  "I_LV0102_MV0102": 0.297383236835821,
  "P_LV0103": 0.29855421686746986,
  "Q_LV0103": -0.005060240963855421,
  "U_LV0103": 1.0060009112523869,
  "I_LV0103_MV0103": 0.29681593116199534,
  "P_LV0201": 0.2987829614604462,
  "Q_LV0201": -0.00486815415821501,
  "U_LV0201": 1.006032047447851,
  "I_LV0201_MV0201": 0.2970309134000577,
  "P_LV0202": 0.29817905918057663,
  "Q_LV0202": -0.004855842185128983,
  "U_LV0202": 1.006415732764877,
  "I_LV0202_MV0202": 0.29631750136430507,
  "P_LV0203": 0.298796992481203,
  "Q_LV0203": -0.00481203007518797,
  "U_LV0203": 1.0066329516434411,
  "I_LV0203_MV0203": 0.2968666360771282,
  "P_POIMV_MV0101": -0.8882617089644825,
  "Q_POIMV_MV0101": 0.050885361596597324,
  "U_POIMV": 0.9984178110468452,
  "I_POIMV_MV0101": 0.8911279688583092,
  "P_POIMV_MV0201": -0.8872859482432618,
  "Q_POIMV_MV0201": 0.0504387881958035,
  "I_POIMV_MV0201": 0.8901267660679046,
  "P_POI_POIMV": -1.775547657485586,
  "Q_POI_POIMV": 0.14207193403181556,
  "U_POI": 1.0,
  "I_POI_POIMV": 1.7812225909307609
}