{
  "P_LV0101": 0.137981588816911,
  "Q_LV0101": -0.015547221275144902,
  "U_LV0101": 1.0001671258381364,
  "I_LV0101_MV0101": 0.13883152369863044,
  "P_LV0102": 0.1740983606557377,
  "Q_LV0102": -0.015368852459016393,
  "U_LV0102": 1.0005593985224672,
  "I_LV0102_MV0102": 0.14581215735297165,
  "P_LV0103": 0.15397590361445782,
  "Q_LV0103": -0.015697074010327022,
  "U_LV0103": 1.0008320841563745,
  "I_LV0103_MV0103": 0.15464527672782138,
  "P_LV0201": 0.14254563894523326,
  "Q_LV0201": -0.015212981744421905,
  "U_LV0201": 1.0005999447546154,
  "I_LV0201_MV0201": 0.14326917884405493,
  "P_LV0202": 0.14430955993930197,
  "Q_LV0202": -0.015174506828528073,
  "U_LV0202": 1.0008326285095341,
  "I_LV0202_MV0202": 0.14498446691477776,
  "P_LV0203": 0.14390977443609024,
  "Q_LV0203": -0.015037593984962405,
  "U_LV0203": 1.0009332682941583,
  "I_LV0203_MV0203": 0.14455839288723207,
  "P_POIMV_MV0101": -0.43510239396052847,
  "Q_POIMV_MV0101": 0.05439365738410594,
  "U_POIMV": 0.9985470889714587,
  "I_POIMV_MV0101": 0.4391271952726347,
  "P_POIMV_MV0201": -0.4287617434880901,
  "Q_POIMV_MV0201": 0.05272635556449452,
  "I_POIMV_MV0201": 0.4326201108203375,
  "P_POI_POIMV": -0.8638641374496129,
  "Q_POI_POIMV": 0.11644926221475324,
  "U_POI": 1.0,
  "I_POI_POIMV": 0.8716775083951197
}