{
  "P_LV0101": 0.11991817251960449,
  "Q_LV0101": -0.014851687691783156,
  "U_LV0101": 0.999942004774755,
  "I_LV0101_MV0101": 0.12084136065423264,
  "P_LV0102": 0.1301311475409836,
  "Q_LV0102": -0.014938524590163935,
  "U_LV0102": 0.9997642151597992,
  "I_LV0102_MV0102": 0.10949253303365976,
  "P_LV0103": 0.09591738382099828,
  "Q_LV0103": -0.015118760757314973,
  "U_LV0103": 0.9994757896197458,
  "I_LV0103_MV0103": 0.09715253209044644,
  "P_LV0201": 0.11281947261663286,
  "Q_LV0201": -0.01460446247464503,
  "U_LV0201": 1.0000083991245132,
  "I_LV0201_MV0201": 0.11375986257669153,
  "P_LV0202": 0.11034901365705614,
  "Q_LV0202": -0.014567526555386949,
  "U_LV0202": 1.0000887175616242,
  "I_LV0202_MV0202": 0.11129653935730571,
  "P_LV0203": 0.11007518796992481,
  "Q_LV0203": -0.014436090225563908,
  "U_LV0203": 1.0001690274888362,
  "I_LV0203_MV0203": 0.11099901915709066,
  "P_POIMV_MV0101": -0.32320371262759884,
  "Q_POIMV_MV0101": 0.0486924431171982,
  "U_POIMV": 0.9987181567192693,
  "I_POIMV_MV0101": 0.3272705365719868,
  "P_POIMV_MV0201": -0.33203693268157825,
  "Q_POIMV_MV0201": 0.047392561668224,
  "I_POIMV_MV0201": 0.3358326009848309,
  "P_POI_POIMV": -0.6552406453087187,
  "Q_POI_POIMV": 0.1012443868772713,
  "U_POI": 1.0,
  "I_POI_POIMV": 0.6630163867799503
}