{
  "P_LV0101": 0.23198090692124101,
  "Q_LV0101": -0.01247869076031367,
  "U_LV0101": 1.002688773624092,
  "I_LV0101_MV0101": 0.23169331975992094,
  "P_LV0102": 0.28456967213114753,
  "Q_LV0102": -0.012448770491803278,
  "U_LV0102": 1.0031247807344408,
  "I_LV0102_MV0102": 0.23672819491381278,
  "P_LV0103": 0.24299483648881237,
  "Q_LV0103": -0.012598967297762477,
  "U_LV0103": 1.0033964722545616,
  "I_LV0103_MV0103": 0.24249760096322448,
  "P_LV0201": 0.23656186612576063,
  "Q_LV0201": -0.012322515212981743,
  "U_LV0201": 1.0032792368907804,
  "I_LV0201_MV0201": 0.23610833366543982,
  "P_LV0202": 0.23641881638846737,
  "Q_LV0202": -0.012291350531107739,
  "U_LV0202": 1.0035894445755773,
  "I_LV0202_MV0202": 0.23589139369600504,
  "P_LV0203": 0.23789473684210527,
  "Q_LV0203": -0.012180451127819548,
  "U_LV0203": 1.0037938065574146,
  "I_LV0203_MV0203": 0.23730606515053135,
  "P_POIMV_MV0101": -0.707058663951377,
  "Q_POIMV_MV0101": 0.05991817954670633,
  "U_POIMV": 0.9982862644419928,
  "I_POIMV_MV0101": 0.7108110836461177,
  "P_POIMV_MV0201": -0.7054956830272013,
  "Q_POIMV_MV0201": 0.059021422878209336,
  "I_POIMV_MV0201": 0.7091755692959933,
  "P_POI_POIMV": -1.4125543470242319,
  "Q_POI_POIMV": 0.14462859354945104,
  "U_POI": 1.0,
  "I_POI_POIMV": 1.4199391583336052
}