{
  "P_LV0101": 0.3199863620866007,
  "Q_LV0101": -0.01276508694169792,
  "U_LV0101": 1.0040712896045532,
  "I_LV0101_MV0101": 0.31894237036664175,
  "P_LV0102": 0.37733606557377053,
  "Q_LV0102": -0.012540983606557378,
  "U_LV0102": 1.0043878104680266,
  "I_LV0102_MV0102": 0.3133219089501082,
  "P_LV0103": 0.30671256454388984,
  "Q_LV0103": -0.012888123924268502,
  "U_LV0103": 1.0043723882182203,
  "I_LV0103_MV0103": 0.30564681938209637,
  "P_LV0201": 0.31655172413793103,
  "Q_LV0201": -0.012413793103448275,
  "U_LV0201": 1.0046667218669068,
  "I_LV0201_MV0201": 0.31532351124459546,
  "P_LV0202": 0.3164795144157815,
  "Q_LV0202": -0.012382397572078907,
  "U_LV0202": 1.005081088620987,
  "I_LV0202_MV0202": 0.31512049996430813,
  "P_LV0203": 0.3161503759398496,
  "Q_LV0203": -0.012270676691729323,
  "U_LV0203": 1.0052951701129227,
  "I_LV0203_MV0203": 0.31472190989218307,
  "P_POIMV_MV0101": -0.9323592991608527,
  "Q_POIMV_MV0101": 0.07809583168844786,
  "U_POIMV": 0.997675029938525,
  "I_POIMV_MV0101": 0.9378046629061606,
  "P_POIMV_MV0201": -0.9396304793097908,
  "Q_POIMV_MV0201": 0.07773867261267883,
  "I_POIMV_MV0201": 0.9450379662706528,
  "P_POI_POIMV": -1.8719897789094155,
  "Q_POI_POIMV": 0.2014290323288307,
  "U_POI": 1.0,
  "I_POI_POIMV": 1.8827956308123968
}