{
  "P_LV0101": 0.021234231162632115,
  "Q_LV0101": -0.005277872485509717,
  "U_LV0101": 0.999494142567325,
  "I_LV0101_MV0101": 0.021891395918904284,
  "P_LV0102": 0.03098360655737705,
  "Q_LV0102": -0.005348360655737705,
  "U_LV0102": 0.9996437473130894,
  "I_LV0102_MV0102": 0.026377188013003247,
  "P_LV0103": 0.02998967297762478,
  "Q_LV0103": -0.005328743545611015,
  "U_LV0103": 0.9997784593141908,
  "I_LV0103_MV0103": 0.030466164575511274,
  "P_LV0201": 0.023914807302231236,
  "Q_LV0201": -0.005476673427991886,
  "U_LV0201": 0.9995822236494101,
  "I_LV0201_MV0201": 0.02454414760387892,
  "P_LV0202": 0.024582701062215478,
  "Q_LV0202": -0.0052807283763277695,
  "U_LV0202": 0.9996571676132381,
  "I_LV0202_MV0202": 0.025152116410836853,
  "P_LV0203": 0.024360902255639097,
  "Q_LV0203": -0.005233082706766917,
  "U_LV0203": 0.9996723370421945,
  "I_LV0203_MV0203": 0.024924801816976597,
  "P_POIMV_MV0101": -0.07698012368590984,
  "Q_POIMV_MV0101": 0.014978039350259084,
  "U_POIMV": 0.9996189038241512,
  "I_POIMV_MV0101": 0.07845362632633864,
  "P_POIMV_MV0201": -0.07279890680921601,
  "Q_POIMV_MV0201": 0.014698355633600368,
  "I_POIMV_MV0201": 0.07429622424378864,
  "P_POI_POIMV": -0.1497790332382569,
  "Q_POI_POIMV": 0.02941429524290357,
  "U_POI": 1.0,
  "I_POI_POIMV": 0.15263996712009462
}