{
  "P_LV0101": 0.05011933174224343,
  "Q_LV0101": -0.007364473235594953,
  "U_LV0101": 0.9998196192694736,
  "I_LV0101_MV0101": 0.050666642581577,
  "P_LV0102": 0.05145491803278689,
  "Q_LV0102": -0.007530737704918033,
  "U_LV0102": 0.9996497598515993,
  "I_LV0102_MV0102": 0.043550628055772624,
  "P_LV0103": 0.0355249569707401,
  "Q_LV0103": -0.0075387263339070565,
  "U_LV0103": 0.9994713006352972,
  "I_LV0103_MV0103": 0.03633525066841787,
  "P_LV0201": 0.04563894523326571,
  "Q_LV0201": -0.007454361054766733,
  "U_LV0201": 0.9997713970570358,
  "I_LV0201_MV0201": 0.046254282894359344,
  "P_LV0202": 0.04370257966616085,
  "Q_LV0202": -0.007283763277693475,
  "U_LV0202": 0.9997972954958798,
  "I_LV0202_MV0202": 0.04431438330896703,
  "P_LV0203": 0.043909774436090225,
  "Q_LV0203": -0.007368421052631579,
  "U_LV0203": 0.9998182014400849,
  "I_LV0203_MV0203": 0.044531817311773275,
  "P_POIMV_MV0101": -0.12835144875797783,
  "Q_POIMV_MV0101": 0.02197280494062419,
  "U_POIMV": 0.9994363092056145,
  "I_POIMV_MV0101": 0.13029210116752432,
  "P_POIMV_MV0201": -0.13305634975898498,
  "Q_POIMV_MV0201": 0.021414356284573145,
  "I_POIMV_MV0201": 0.13484457844533412,
  "P_POI_POIMV": -0.2614078220970943,
  "Q_POI_POIMV": 0.043736588351969335,
  "U_POI": 1.0,
  "I_POI_POIMV": 0.2650413903793438
}