{
  "P_LV0101": 0.1331742243436754,
  "Q_LV0101": -0.01431980906921241,
  "U_LV0101": 1.0003593916835067,
  "I_LV0101_MV0101": 0.13389377366517202,
  "P_LV0102": 0.14846311475409835,
  "Q_LV0102": -0.014293032786885245,
  "U_LV0102": 1.0002736636076472,
  "I_LV0102_MV0102": 0.1245080747539061,
  "P_LV0103": 0.11215146299483648,
  "Q_LV0103": -0.014457831325301203,
  "U_LV0103": 1.0000271333710553,
  "I_LV0103_MV0103": 0.11307645934955252,
  "P_LV0201": 0.12733265720081136,
  "Q_LV0201": -0.014148073022312371,
  "U_LV0201": 1.0004795690201922,
  "I_LV0201_MV0201": 0.12805483904583403,
  "P_LV0202": 0.1251896813353566,
  "Q_LV0202": -0.014112291350531108,
  "U_LV0202": 1.000589537292728,
  "I_LV0202_MV0202": 0.12590836270930236,
  "P_LV0203": 0.12541353383458648,
  "Q_LV0203": -0.013984962406015038,
  "U_LV0203": 1.000692489393761,
  "I_LV0203_MV0203": 0.12610353659906107,
  "P_POIMV_MV0101": -0.3676648936829638,
  "Q_POIMV_MV0101": 0.048284157578012736,
  "U_POIMV": 0.9987112565250685,
  "I_POIMV_MV0101": 0.37130034671773515,
  "P_POIMV_MV0201": -0.37639207051732704,
  "Q_POIMV_MV0201": 0.04751919721097638,
  "I_POIMV_MV0201": 0.3798693966490212,
  "P_POI_POIMV": -0.7440569642009179,
  "Q_POI_POIMV": 0.10258453665963028,
  "U_POI": 1.0,
  "I_POI_POIMV": 0.7510954354391705
}