{
  "P_LV0101": 0.12652574156154106,
  "Q_LV0101": -0.014217524718718033,
  "U_LV0101": 1.0002349306934355,
  "I_LV0101_MV0101": 0.12729213288172475,
  "P_LV0102": 0.1403483606557377,
  "Q_LV0102": -0.014139344262295081,
  "U_LV0102": 1.0001432619489043,
  "I_LV0102_MV0102": 0.11779166976961633,
  "P_LV0103": 0.10554216867469879,
  "Q_LV0103": -0.014354561101549052,
  "U_LV0103": 0.9998876154651364,
  "I_LV0103_MV0103": 0.10652583383196987,
  "P_LV0201": 0.12079107505070993,
  "Q_LV0201": -0.013995943204868152,
  "U_LV0201": 1.0003507006517731,
  "I_LV0201_MV0201": 0.1215565897512691,
  "P_LV0202": 0.11866464339908953,
  "Q_LV0202": -0.013960546282245826,
  "U_LV0202": 1.0004517904682133,
  "I_LV0202_MV0202": 0.11942907303107961,
  "P_LV0203": 0.11834586466165413,
  "Q_LV0203": -0.01368421052631579,
  "U_LV0203": 1.000557096615886,
  "I_LV0203_MV0203": 0.11906805095878333,
  "P_POIMV_MV0101": -0.34778816350418484,
  "Q_POIMV_MV0101": 0.0472525966810323,
  "U_POIMV": 0.9987466680722226,
  "I_POIMV_MV0101": 0.35142394699873786,
  "P_POIMV_MV0201": -0.35641621558845693,
  "Q_POIMV_MV0201": 0.04621448250086282,
  "I_POIMV_MV0201": 0.3598509251846761,
  "P_POI_POIMV": -0.7042043790926135,
  "Q_POI_POIMV": 0.09948855209742724,
  "U_POI": 1.0,
  "I_POI_POIMV": 0.7111974265502201
}