{
  "P_LV0101": 0.3439209001022843,
  "Q_LV0101": -0.008591885441527445,
  "U_LV0101": 1.0052488853118124,
  "I_LV0101_MV0101": 0.3422318694997212,
  "P_LV0102": 0.4083196721311475,
  "Q_LV0102": -0.008668032786885247,
  "U_LV0102": 1.0056048370073685,
  "I_LV0102_MV0102": 0.33847965813295294,
  "P_LV0103": 0.33620654044750425,
  "Q_LV0103": -0.008674698795180723,
  "U_LV0103": 1.0057388076646825,
  "I_LV0103_MV0103": 0.33439937915297774,
  "P_LV0201": 0.3446653144016227,
  "Q_LV0201": -0.008580121703853956,
  "U_LV0201": 1.005945934785597,
  "I_LV0201_MV0201": 0.34273421969313533,
  "P_LV0202": 0.3434294385432473,
  "Q_LV0202": -0.008558421851289832,
  "U_LV0202": 1.0063735978954673,
  "I_LV0202_MV0202": 0.3413603683008458,
  "P_LV0203": 0.3450225563909774,
  "Q_LV0203": -0.008481203007518796,
  "U_LV0203": 1.0066432427957284,
  "I_LV0203_MV0203": 0.3428491513334082,
  "P_POIMV_MV0101": -1.0100991146523595,
  "Q_POIMV_MV0101": 0.07288519930900585,
  "U_POIMV": 0.9977399207287113,
  "I_POIMV_MV0101": 1.0150192946618743,
  "P_POIMV_MV0201": -1.0218414903957447,
  "Q_POIMV_MV0201": 0.07391422509797359,
  "I_POIMV_MV0201": 1.0268319925844047,
  "P_POI_POIMV": -2.0319406058816174,
  "Q_POI_POIMV": 0.2005198097530496,
  "U_POI": 1.0,
  "I_POI_POIMV": 2.0418106719120543
}