{
  "P_LV0101": 0.26665530173883395,
  "Q_LV0101": -0.010637572451414933,
  "U_LV0101": 1.0037348403091888,
  "I_LV0101_MV0101": 0.265874399167652,
  "P_LV0102": 0.3144467213114754,
  "Q_LV0102": -0.010450819672131148,
  "U_LV0102": 1.0039960498474465,
  "I_LV0102_MV0102": 0.261203472971173,
  "P_LV0103": 0.25559380378657487,
  "Q_LV0103": -0.010740103270223752,
  "U_LV0103": 1.0039777426524206,
  "I_LV0103_MV0103": 0.2548058030188244,
  "P_LV0201": 0.26379310344827583,
  "Q_LV0201": -0.010344827586206896,
  "U_LV0201": 1.004231689868188,
  "I_LV0201_MV0201": 0.2628834241667212,
  "P_LV0202": 0.2637329286798179,
  "Q_LV0202": -0.01031866464339909,
  "U_LV0202": 1.0045793011495847,
  "I_LV0202_MV0202": 0.26273158555026455,
  "P_LV0203": 0.26345864661654134,
  "Q_LV0203": -0.010225563909774436,
  "U_LV0203": 1.0047585843383866,
  "I_LV0203_MV0203": 0.2624083211325957,
  "P_POIMV_MV0101": -0.7781818678533005,
  "Q_POIMV_MV0101": 0.059170269393958995,
  "U_POIMV": 0.998262382430289,
  "I_POIMV_MV0101": 0.7817866236729527,
  "P_POIMV_MV0201": -0.7843454649276297,
  "Q_POIMV_MV0201": 0.058686367311650646,
  "I_POIMV_MV0201": 0.7879070000694577,
  "P_POI_POIMV": -1.562527332883218,
  "Q_POI_POIMV": 0.14937347895528,
  "U_POI": 1.0,
  "I_POI_POIMV": 1.569650949167472
}