{
  "P_LV0101": 0.18141152403682234,
  "Q_LV0101": -0.018533924309580632,
  "U_LV0101": 1.000472122936361,
  "I_LV0101_MV0101": 0.1822697726092809,
  "P_LV0102": 0.20515573770491805,
  "Q_LV0102": -0.01862704918032787,
  "U_LV0102": 1.000412626699644,
  "I_LV0102_MV0102": 0.17190393103342363,
  "P_LV0103": 0.15713597246127364,
  "Q_LV0103": -0.018712564543889844,
  "U_LV0103": 1.0001607591454575,
  "I_LV0103_MV0103": 0.15822080910458916,
  "P_LV0201": 0.17580121703853954,
  "Q_LV0201": -0.01843813387423935,
  "U_LV0201": 1.0006840245275002,
  "I_LV0201_MV0201": 0.1766446444322181,
  "P_LV0202": 0.172443095599393,
  "Q_LV0202": -0.018391502276176024,
  "U_LV0202": 1.0008277291801468,
  "I_LV0202_MV0202": 0.17327764608047086,
  "P_LV0203": 0.17305263157894735,
  "Q_LV0203": -0.018225563909774437,
  "U_LV0203": 1.00097521389704,
  "I_LV0203_MV0203": 0.17384019386172564,
  "P_POIMV_MV0101": -0.5068867044727572,
  "Q_POIMV_MV0101": 0.06692462241298279,
  "U_POIMV": 0.9981778517838844,
  "I_POIMV_MV0101": 0.5122190088642943,
  "P_POIMV_MV0201": -0.5183650378002473,
  "Q_POIMV_MV0201": 0.06646904657059834,
  "I_POIMV_MV0201": 0.5235632774770076,
  "P_POI_POIMV": -1.0252517422763712,
  "Q_POI_POIMV": 0.14679714874766747,
  "U_POI": 1.0,
  "I_POI_POIMV": 1.0357077473501777
}