{
  "P_LV0101": 0.21136038186157516,
  "Q_LV0101": -0.019393112853733376,
  "U_LV0101": 1.0009007986195197,
  "I_LV0101_MV0101": 0.21205719199752676,
  "P_LV0102": 0.24078688524590164,
  "Q_LV0102": -0.018995901639344264,
  "U_LV0102": 1.0009492406546434,
  "I_LV0102_MV0102": 0.2013617539145139,
  "P_LV0103": 0.1874974182444062,
  "Q_LV0103": -0.019456110154905334,
  "U_LV0103": 1.000689438024345,
  "I_LV0103_MV0103": 0.18837429749889253,
  "P_LV0201": 0.20446247464503042,
  "Q_LV0201": -0.018803245436105474,
  "U_LV0201": 1.0012118629700233,
  "I_LV0201_MV0201": 0.20507674284005425,
  "P_LV0202": 0.20230652503793625,
  "Q_LV0202": -0.018755690440060698,
  "U_LV0202": 1.0014252679440068,
  "I_LV0202_MV0202": 0.20288491270095269,
  "P_LV0203": 0.20264661654135338,
  "Q_LV0203": -0.018586466165413533,
  "U_LV0203": 1.0015859108387666,
  "I_LV0203_MV0203": 0.2031749764906729,
  "P_POIMV_MV0101": -0.5958957017969518,
  "Q_POIMV_MV0101": 0.0735553257917997,
  "U_POIMV": 0.9979822171433345,
  "I_POIMV_MV0101": 0.601632211863486,
  "P_POIMV_MV0201": -0.6054233250495298,
  "Q_POIMV_MV0201": 0.0722461382959842,
  "I_POIMV_MV0201": 0.6109514788049625,
  "P_POI_POIMV": -1.2013190268601093,
  "Q_POI_POIMV": 0.16438091945669553,
  "U_POI": 1.0,
  "I_POI_POIMV": 1.2125132951755824
}