{
  "P_LV0101": 0.07425843845891578,
  "Q_LV0101": -0.010678486191612682,
  "U_LV0101": 0.9997352216051443,
  "I_LV0101_MV0101": 0.07504217122788423,
  "P_LV0102": 0.07701639344262294,
  "Q_LV0102": -0.010512295081967214,
  "U_LV0102": 0.999564482213933,
  "I_LV0102_MV0102": 0.06506388701389637,
  "P_LV0103": 0.05415490533562822,
  "Q_LV0103": -0.010905335628227195,
  "U_LV0103": 0.9992755298001891,
  "I_LV0103_MV0103": 0.055282064265156625,
  "P_LV0201": 0.06809330628803245,
  "Q_LV0201": -0.010588235294117647,
  "U_LV0201": 0.999710468401701,
  "I_LV0201_MV0201": 0.06893156129936667,
  "P_LV0202": 0.06555386949924127,
  "Q_LV0202": -0.010561456752655539,
  "U_LV0202": 0.999727655602708,
  "I_LV0202_MV0202": 0.06641729149790605,
  "P_LV0203": 0.06478195488721804,
  "Q_LV0203": -0.010466165413533833,
  "U_LV0203": 0.9997604784556051,
  "I_LV0203_MV0203": 0.06563768669351264,
  "P_POIMV_MV0101": -0.19220929648209284,
  "Q_POIMV_MV0101": 0.03263648363827815,
  "U_POIMV": 0.999152472443468,
  "I_POIMV_MV0101": 0.1951257645893265,
  "P_POIMV_MV0201": -0.1979976661872173,
  "Q_POIMV_MV0201": 0.03197128069875477,
  "I_POIMV_MV0201": 0.20073243231041732,
  "P_POI_POIMV": -0.3902069626690151,
  "Q_POI_POIMV": 0.06608224924618215,
  "U_POI": 1.0,
  "I_POI_POIMV": 0.3957629813168643
}