{
  "P_LV0101": 0.275144902829867,
  "Q_LV0101": -0.009717013296965563,
  "U_LV0101": 1.0040531696296224,
  "I_LV0101_MV0101": 0.27420503281016484,
  "P_LV0102": 0.3256967213114754,
  "Q_LV0102": -0.009836065573770491,
  "U_LV0102": 1.0043049766258583,
  "I_LV0102_MV0102": 0.270427920036092,
  "P_LV0103": 0.2643717728055077,
  "Q_LV0103": -0.009810671256454389,
  "U_LV0103": 1.0043242529597172,
  "I_LV0103_MV0103": 0.2634146724525684,
  "P_LV0201": 0.27261663286004056,
  "Q_LV0201": -0.00973630831643002,
  "U_LV0201": 1.0045315103752568,
  "I_LV0201_MV0201": 0.2715598637761653,
  "P_LV0202": 0.2717754172989378,
  "Q_LV0202": -0.009711684370257967,
  "U_LV0202": 1.004872896768418,
  "I_LV0202_MV0202": 0.2706301290409344,
  "P_LV0203": 0.2721804511278195,
  "Q_LV0203": -0.00962406015037594,
  "U_LV0203": 1.0050725262650393,
  "I_LV0203_MV0203": 0.27097601417605777,
  "P_POIMV_MV0101": -0.8044086490568836,
  "Q_POIMV_MV0101": 0.058651881890813135,
  "U_POIMV": 0.9982541221238351,
  "I_POIMV_MV0101": 0.8079546484132617,
  "P_POIMV_MV0201": -0.8095029871201034,
  "Q_POIMV_MV0201": 0.05877208390340802,
  "I_POIMV_MV0201": 0.8130531798707455,
  "P_POI_POIMV": -1.6139116363088426,
  "Q_POI_POIMV": 0.15107271366857228,
  "U_POI": 1.0,
  "I_POI_POIMV": 1.6209669134896838
}