{
  "P_LV0101": 0.024139106716672347,
  "Q_LV0101": -0.005421070576201841,
  "U_LV0101": 0.9995456267652465,
  "I_LV0101_MV0101": 0.024751586971002652,
  "P_LV0102": 0.03467213114754098,
  "Q_LV0102": -0.005532786885245901,
  "U_LV0102": 0.9996983367266926,
  "I_LV0102_MV0102": 0.029427285020940434,
  "P_LV0103": 0.03366609294320137,
  "Q_LV0103": -0.005473321858864027,
  "U_LV0103": 0.9998571395268104,
  "I_LV0103_MV0103": 0.03411298143795719,
  "P_LV0201": 0.026926977687626773,
  "Q_LV0201": -0.0054766734279918855,
  "U_LV0201": 0.9996622551559367,
  "I_LV0201_MV0201": 0.02748756699294622,
  "P_LV0202": 0.027617602427921092,
  "Q_LV0202": -0.005311077389984826,
  "U_LV0202": 0.9997375352385284,
  "I_LV0202_MV0202": 0.02813102968065443,
  "P_LV0203": 0.027218045112781954,
  "Q_LV0203": -0.005413533834586466,
  "U_LV0203": 0.9997289005287094,
  "I_LV0203_MV0203": 0.027758710969896135,
  "P_POIMV_MV0101": -0.08661893202522893,
  "Q_POIMV_MV0101": 0.015525996086894646,
  "U_POIMV": 0.9996076640695236,
  "I_POIMV_MV0101": 0.0880339476269598,
  "P_POIMV_MV0201": -0.0816883315590401,
  "Q_POIMV_MV0201": 0.014974543989794961,
  "I_POIMV_MV0201": 0.0830821022971505,
  "P_POI_POIMV": -0.16830726778425198,
  "Q_POI_POIMV": 0.030315894829304756,
  "U_POI": 1.0,
  "I_POI_POIMV": 0.17101575912266495
}