{
  "P_LV0101": 0.036617797476986014,
  "Q_LV0101": -0.007671326287078076,
  "U_LV0101": 0.9993969731297364,
  "I_LV0101_MV0101": 0.037435301325981336,
  "P_LV0102": 0.05071721311475409,
  "Q_LV0102": -0.00783811475409836,
  "U_LV0102": 0.9995824529262718,
  "I_LV0102_MV0102": 0.043002960283226775,
  "P_LV0103": 0.04884681583476764,
  "Q_LV0103": -0.007745266781411359,
  "U_LV0103": 0.9998025901576808,
  "I_LV0103_MV0103": 0.049466821040901894,
  "P_LV0201": 0.04001014198782961,
  "Q_LV0201": -0.007606490872210952,
  "U_LV0201": 0.9995697939213459,
  "I_LV0201_MV0201": 0.04074430056187817,
  "P_LV0202": 0.040667678300455236,
  "Q_LV0202": -0.007587253414264037,
  "U_LV0202": 0.9996398645964468,
  "I_LV0202_MV0202": 0.04138429233112742,
  "P_LV0203": 0.0406015037593985,
  "Q_LV0203": -0.007518796992481203,
  "U_LV0203": 0.999672355467677,
  "I_LV0203_MV0203": 0.041305351700003407,
  "P_POIMV_MV0101": -0.12755718109446004,
  "Q_POIMV_MV0101": 0.02278311865338053,
  "U_POIMV": 0.9994202564070878,
  "I_POIMV_MV0101": 0.1296510299475582,
  "P_POIMV_MV0201": -0.12111644457750699,
  "Q_POIMV_MV0201": 0.021877778513781473,
  "I_POIMV_MV0201": 0.12314791650880022,
  "P_POI_POIMV": -0.2486736455031709,
  "Q_POI_POIMV": 0.04492713746464328,
  "U_POI": 1.0,
  "I_POI_POIMV": 0.2526994848601866
}