{
  "P_LV0101": 0.12028639618138423,
  "Q_LV0101": -0.016815547221275144,
  "U_LV0101": 0.9994812198222559,
  "I_LV0101_MV0101": 0.12151912321775261,
  "P_LV0102": 0.1551393442622951,
  "Q_LV0102": -0.0169672131147541,
  "U_LV0102": 0.9998561697853393,
  "I_LV0102_MV0102": 0.1304101880306502,
  "P_LV0103": 0.13929087779690189,
  "Q_LV0103": -0.0169776247848537,
  "U_LV0103": 1.0001934261298093,
  "I_LV0103_MV0103": 0.14029459503619882,
  "P_LV0201": 0.1259634888438134,
  "Q_LV0201": -0.01661257606490872,
  "U_LV0201": 0.9998884181473018,
  "I_LV0201_MV0201": 0.12706841185148865,
  "P_LV0202": 0.12710166919575114,
  "Q_LV0202": -0.016570561456752654,
  "U_LV0202": 1.0000819957059817,
  "I_LV0202_MV0202": 0.12816678144999866,
  "P_LV0203": 0.1266766917293233,
  "Q_LV0203": -0.016421052631578947,
  "U_LV0203": 1.000171409602475,
  "I_LV0203_MV0203": 0.12771469366908114,
  "P_POIMV_MV0101": -0.3873123921948547,
  "Q_POIMV_MV0101": 0.05671708377874886,
  "U_POIMV": 0.9985009230540042,
  "I_POIMV_MV0101": 0.3920308050377521,
  "P_POIMV_MV0201": -0.3781738154456289,
  "Q_POIMV_MV0201": 0.05498292246380424,
  "I_POIMV_MV0201": 0.3827236457769027,
  "P_POI_POIMV": -0.7654862076409295,
  "Q_POI_POIMV": 0.11894983526989802,
  "U_POI": 1.0,
  "I_POI_POIMV": 0.7746729615774828
}