{
  "P_LV0101": 0.23750426184793724,
  "Q_LV0101": -0.013296965564268666,
  "U_LV0101": 1.0026624413156082,
  "I_LV0101_MV0101": 0.2372445443611554,
  "P_LV0102": 0.27737704918032785,
  "Q_LV0102": -0.01337090163934426,
  "U_LV0102": 1.002800217278482,
  "I_LV0102_MV0102": 0.23088740798982074,
  "P_LV0103": 0.22244406196213423,
  "Q_LV0103": -0.013425129087779689,
  "U_LV0103": 1.0027350651530538,
  "I_LV0103_MV0103": 0.2222409724640103,
  "P_LV0201": 0.23351926977687626,
  "Q_LV0201": -0.013235294117647057,
  "U_LV0201": 1.003035162763956,
  "I_LV0201_MV0201": 0.23318628257848084,
  "P_LV0202": 0.23186646433990896,
  "Q_LV0202": -0.013201820940819424,
  "U_LV0202": 1.0033034933783778,
  "I_LV0202_MV0202": 0.23147731364179716,
  "P_LV0203": 0.2324812030075188,
  "Q_LV0203": -0.013082706766917293,
  "U_LV0203": 1.0034853199705687,
  "I_LV0203_MV0203": 0.23204028718887382,
  "P_POIMV_MV0101": -0.6863360134586486,
  "Q_POIMV_MV0101": 0.061136873614213355,
  "U_POIMV": 0.9982536537080778,
  "I_POIMV_MV0101": 0.6902590145902315,
  "P_POIMV_MV0201": -0.6926778308699877,
  "Q_POIMV_MV0201": 0.06090884720054782,
  "I_POIMV_MV0201": 0.6965670531331877,
  "P_POI_POIMV": -1.3790138443671118,
  "Q_POI_POIMV": 0.1465227812626644,
  "U_POI": 1.0,
  "I_POI_POIMV": 1.3867761565534313
}