{
  "P_LV0101": 0.29601091033071936,
  "Q_LV0101": -0.005114217524718717,
  "U_LV0101": 1.0053483297994592,
  "I_LV0101_MV0101": 0.29448010980261186,
  "P_LV0102": 0.3557581967213115,
  "Q_LV0102": -0.005071721311475409,
  "U_LV0102": 1.005756844755843,
  "I_LV0102_MV0102": 0.29481135931840424,
  "P_LV0103": 0.29690189328743544,
  "Q_LV0103": -0.005266781411359724,
  "U_LV0103": 1.0059357617864084,
  "I_LV0103_MV0103": 0.29519638826832434,
  "P_LV0201": 0.2957403651115618,
  "Q_LV0201": -0.005020283975659229,
  "U_LV0201": 1.0059441815340802,
  "I_LV0201_MV0201": 0.29403517406007085,
  "P_LV0202": 0.2963581183611533,
  "Q_LV0202": -0.005007587253414264,
  "U_LV0202": 1.0063523719503462,
  "I_LV0202_MV0202": 0.2945294614974031,
  "P_LV0203": 0.2974436090225564,
  "Q_LV0203": -0.004962406015037594,
  "U_LV0203": 1.0065790551839742,
  "I_LV0203_MV0203": 0.29554062331345876,
  "P_POIMV_MV0101": -0.8815582288737687,
  "Q_POIMV_MV0101": 0.0507903972292401,
  "U_POIMV": 0.9984236617028831,
  "I_POIMV_MV0101": 0.8844142804609236,
  "P_POIMV_MV0201": -0.8811838325669951,
  "Q_POIMV_MV0201": 0.050381499325279556,
  "I_POIMV_MV0201": 0.884016442196426,
  "P_POI_POIMV": -1.7627420617029066,
  "Q_POI_POIMV": 0.1413269523550464,
  "U_POI": 1.0,
  "I_POI_POIMV": 1.7683983950339301
}