{
  "P_LV0101": 0.13526082509376064,
  "Q_LV0101": -0.0159563586771224,
  "U_LV0101": 1.0000548931727042,
  "I_LV0101_MV0101": 0.13619126186243297,
  "P_LV0102": 0.14894262295081967,
  "Q_LV0102": -0.01586065573770492,
  "U_LV0102": 0.9999339797882709,
  "I_LV0102_MV0102": 0.1251363956026478,
  "P_LV0103": 0.11029259896729776,
  "Q_LV0103": -0.016110154905335627,
  "U_LV0103": 0.9996159080553366,
  "I_LV0103_MV0103": 0.11150580205468032,
  "P_LV0201": 0.1283367139959432,
  "Q_LV0201": -0.015699797160243407,
  "U_LV0201": 1.0001587065508966,
  "I_LV0201_MV0201": 0.12927293190398162,
  "P_LV0202": 0.1254628224582701,
  "Q_LV0202": -0.01584218512898331,
  "U_LV0202": 1.0002241278074668,
  "I_LV0202_MV0202": 0.1264307264929692,
  "P_LV0203": 0.12541353383458645,
  "Q_LV0203": -0.015518796992481203,
  "U_LV0203": 1.0003467836117053,
  "I_LV0203_MV0203": 0.12632623418721178,
  "P_POIMV_MV0101": -0.3682806431515235,
  "Q_POIMV_MV0101": 0.05319981682371482,
  "U_POIMV": 0.9985830285469551,
  "I_POIMV_MV0101": 0.37263129010887786,
  "P_POIMV_MV0201": -0.3776534933505962,
  "Q_POIMV_MV0201": 0.05240595651914656,
  "I_POIMV_MV0201": 0.38181329043137113,
  "P_POI_POIMV": -0.7459341365023778,
  "Q_POI_POIMV": 0.11245114497643491,
  "U_POI": 1.0,
  "I_POI_POIMV": 0.7543626422391682
}