{
  "P_LV0101": 0.17920218206614386,
  "Q_LV0101": -0.01890214797136038,
  "U_LV0101": 1.0002806414373648,
  "I_LV0101_MV0101": 0.1801457622845624,
  "P_LV0102": 0.22440983606557377,
  "Q_LV0102": -0.018995901639344264,
  "U_LV0102": 1.0006998652923442,
  "I_LV0102_MV0102": 0.18783904076712188,
  "P_LV0103": 0.1974113597246127,
  "Q_LV0103": -0.01908433734939759,
  "U_LV0103": 1.0010618364529873,
  "I_LV0103_MV0103": 0.1981213115745558,
  "P_LV0201": 0.1863894523326572,
  "Q_LV0201": -0.018803245436105474,
  "U_LV0201": 1.0008228708264166,
  "I_LV0201_MV0201": 0.18718147494470558,
  "P_LV0202": 0.18664643399089528,
  "Q_LV0202": -0.01857359635811836,
  "U_LV0202": 1.001098586270512,
  "I_LV0202_MV0202": 0.18736247319228752,
  "P_LV0203": 0.18748872180451126,
  "Q_LV0203": -0.018586466165413533,
  "U_LV0203": 1.0012360230141666,
  "I_LV0203_MV0203": 0.188175153929835,
  "P_POIMV_MV0101": -0.560407052780251,
  "Q_POIMV_MV0101": 0.07073689076174798,
  "U_POIMV": 0.9980731318650312,
  "I_POIMV_MV0101": 0.5659442620310063,
  "P_POIMV_MV0201": -0.557138778056134,
  "Q_POIMV_MV0201": 0.0693781176885886,
  "I_POIMV_MV0201": 0.562525754309463,
  "P_POI_POIMV": -1.1175458308440458,
  "Q_POI_POIMV": 0.15613051908601394,
  "U_POI": 1.0,
  "I_POI_POIMV": 1.1283994962011357
}