{
  "P_LV0101": 0.0689396522332083,
  "Q_LV0101": -0.0115581316058643,
  "U_LV0101": 0.99939766452032,
  "I_LV0101_MV0101": 0.06994396129528212,
  "P_LV0102": 0.09184426229508195,
  "Q_LV0102": -0.011526639344262294,
  "U_LV0102": 0.9997025028857708,
  "I_LV0102_MV0102": 0.07742302161204714,
  "P_LV0103": 0.08416523235800344,
  "Q_LV0103": -0.011669535283993114,
  "U_LV0103": 0.999934978859761,
  "I_LV0103_MV0103": 0.08497589884100093,
  "P_LV0201": 0.07408722109533468,
  "Q_LV0201": -0.011409736308316428,
  "U_LV0201": 0.9996905296998965,
  "I_LV0201_MV0201": 0.07498385103153346,
  "P_LV0202": 0.07435508345978756,
  "Q_LV0202": -0.011380880121396054,
  "U_LV0202": 0.9997940851825995,
  "I_LV0202_MV0202": 0.07523651908619262,
  "P_LV0203": 0.07443609022556391,
  "Q_LV0203": -0.011278195488721804,
  "U_LV0203": 0.9998567375498354,
  "I_LV0203_MV0203": 0.07529643798653426,
  "P_POIMV_MV0101": -0.22909661863450895,
  "Q_POIMV_MV0101": 0.03602647936882145,
  "U_POIMV": 0.9990654272762567,
  "I_POIMV_MV0101": 0.23212892441825556,
  "P_POIMV_MV0201": -0.22233470296319513,
  "Q_POIMV_MV0201": 0.03491846285234253,
  "I_POIMV_MV0201": 0.2252705663613286,
  "P_POI_POIMV": -0.45143132159749977,
  "Q_POI_POIMV": 0.07310319715188164,
  "U_POI": 1.0,
  "I_POI_POIMV": 0.4573120548958797
}