{
  "P_LV0101": 0.3543539038527105,
  "Q_LV0101": -0.007732696897374701,
  "U_LV0101": 1.0055713270416273,
  "I_LV0101_MV0101": 0.3524745144010346,
  "P_LV0102": 0.42292622950819675,
  "Q_LV0102": -0.007745901639344263,
  "U_LV0102": 1.005989857392002,
  "I_LV0102_MV0102": 0.35042464058623873,
  "P_LV0103": 0.3495903614457831,
  "Q_LV0103": -0.00780722891566265,
  "U_LV0103": 1.0061513077595954,
  "I_LV0103_MV0103": 0.3475397044960984,
  "P_LV0201": 0.35233265720081136,
  "Q_LV0201": -0.00766734279918864,
  "U_LV0201": 1.006231361160995,
  "I_LV0201_MV0201": 0.35023364216536546,
  "P_LV0202": 0.3528983308042488,
  "Q_LV0202": -0.007647951441578148,
  "U_LV0202": 1.006707609039997,
  "I_LV0202_MV0202": 0.3506293094192019,
  "P_LV0203": 0.35224060150375935,
  "Q_LV0203": -0.007578947368421052,
  "U_LV0203": 1.0069342120210338,
  "I_LV0203_MV0203": 0.34989587582754494,
  "P_POIMV_MV0101": -1.045357262872811,
  "Q_POIMV_MV0101": 0.07364985079844742,
  "U_POIMV": 0.9977141707618972,
  "I_POIMV_MV0101": 1.050349442803284,
  "P_POIMV_MV0201": -1.0456667479866404,
  "Q_POIMV_MV0201": 0.07352731724933248,
  "I_POIMV_MV0201": 1.0506502484712348,
  "P_POI_POIMV": -2.0910240119052115,
  "Q_POI_POIMV": 0.20408824170040693,
  "U_POI": 1.0,
  "I_POI_POIMV": 2.10096012069828
}