{
  "P_LV0101": 0.05376065461984316,
  "Q_LV0101": -0.008223661779747697,
  "U_LV0101": 0.9997332292610247,
  "I_LV0101_MV0101": 0.05440050510463843,
  "P_LV0102": 0.054663934426229514,
  "Q_LV0102": -0.008299180327868853,
  "U_LV0102": 0.999553040831045,
  "I_LV0102_MV0102": 0.046323806768734134,
  "P_LV0103": 0.037549053356282266,
  "Q_LV0103": -0.008302925989672976,
  "U_LV0103": 0.9993590124583968,
  "I_LV0103_MV0103": 0.038480740749275016,
  "P_LV0201": 0.04892494929006085,
  "Q_LV0201": -0.00821501014198783,
  "U_LV0201": 0.9996946303851726,
  "I_LV0201_MV0201": 0.04962499911318562,
  "P_LV0202": 0.04661608497723824,
  "Q_LV0202": -0.00819423368740516,
  "U_LV0202": 0.9996928680868453,
  "I_LV0202_MV0202": 0.047345340672609176,
  "P_LV0203": 0.04655639097744361,
  "Q_LV0203": -0.0081203007518797,
  "U_LV0203": 0.9997301257826609,
  "I_LV0203_MV0203": 0.04727200611947777,
  "P_POIMV_MV0101": -0.13666728203092748,
  "Q_POIMV_MV0101": 0.02447718208072308,
  "U_POIMV": 0.9993697094714106,
  "I_POIMV_MV0101": 0.13892948475375264,
  "P_POIMV_MV0201": -0.1418752182540782,
  "Q_POIMV_MV0201": 0.02395834779584947,
  "I_POIMV_MV0201": 0.1439746573462347,
  "P_POI_POIMV": -0.2785425312560498,
  "Q_POI_POIMV": 0.04891174963910443,
  "U_POI": 1.0,
  "I_POI_POIMV": 0.2828043510473025
}