{
  "P_LV0101": 0.0323218547562223,
  "Q_LV0101": -0.006853051483123081,
  "U_LV0101": 0.9994570330358588,
  "I_LV0101_MV0101": 0.03305832629924537,
  "P_LV0102": 0.04536885245901639,
  "Q_LV0102": -0.006915983606557377,
  "U_LV0102": 0.9996470108998551,
  "I_LV0102_MV0102": 0.038448301775566095,
  "P_LV0103": 0.043373493975903614,
  "Q_LV0103": -0.007022375215146299,
  "U_LV0103": 0.9998092407952957,
  "I_LV0103_MV0103": 0.04394667649107338,
  "P_LV0201": 0.03559837728194726,
  "Q_LV0201": -0.006845841784989857,
  "U_LV0201": 0.999610962713022,
  "I_LV0201_MV0201": 0.03626476217620238,
  "P_LV0202": 0.03611532625189681,
  "Q_LV0202": -0.006828528072837633,
  "U_LV0202": 0.9996714701236492,
  "I_LV0202_MV0202": 0.03676728947541654,
  "P_LV0203": 0.03609022556390978,
  "Q_LV0203": -0.006766917293233083,
  "U_LV0203": 0.9997013515733852,
  "I_LV0203_MV0203": 0.03673011233762698,
  "P_POIMV_MV0101": -0.11336696897380952,
  "Q_POIMV_MV0101": 0.02015178460801116,
  "U_POIMV": 0.9994872318555031,
  "I_POIMV_MV0101": 0.11520317387420945,
  "P_POIMV_MV0201": -0.10767514805092689,
  "Q_POIMV_MV0201": 0.01945566938596924,
  "I_POIMV_MV0201": 0.10947487484394539,
  "P_POI_POIMV": -0.22104212940397372,
  "Q_POI_POIMV": 0.03969885385429111,
  "U_POI": 1.0,
  "I_POI_POIMV": 0.22457876562308252
}