{
  "P_LV0101": 0.3588953290146607,
  "Q_LV0101": -0.0054006137061029654,
  "U_LV0101": 1.0061262784252303,
  "I_LV0101_MV0101": 0.356750408383213,
  "P_LV0102": 0.4308934426229508,
  "Q_LV0102": -0.0051639344262295085,
  "U_LV0102": 1.00663448924954,
  "I_LV0102_MV0102": 0.3567481567785548,
  "P_LV0103": 0.35801721170395867,
  "Q_LV0103": -0.005452667814113597,
  "U_LV0103": 1.0068080608247372,
  "I_LV0103_MV0103": 0.3556375300650969,
  "P_LV0201": 0.3589046653144016,
  "Q_LV0201": -0.00511156186612576,
  "U_LV0201": 1.0068759482662684,
  "I_LV0201_MV0201": 0.3564898575217531,
  "P_LV0202": 0.35945371775417295,
  "Q_LV0202": -0.005098634294385432,
  "U_LV0202": 1.007361887276372,
  "I_LV0202_MV0202": 0.3568626937060726,
  "P_LV0203": 0.35963909774436087,
  "Q_LV0203": -0.0050526315789473685,
  "U_LV0203": 1.0076084986559497,
  "I_LV0203_MV0203": 0.35695866926422726,
  "P_POIMV_MV0101": -1.0645662820812616,
  "Q_POIMV_MV0101": 0.06823564665556545,
  "U_POIMV": 0.9978450496973637,
  "I_POIMV_MV0101": 1.069054654856152,
  "P_POIMV_MV0201": -1.0657486606625879,
  "Q_POIMV_MV0201": 0.06785598492790078,
  "I_POIMV_MV0201": 1.0702129193637249,
  "P_POI_POIMV": -2.130314943948369,
  "Q_POI_POIMV": 0.19511555779096804,
  "U_POI": 1.0,
  "I_POI_POIMV": 2.1392316006692274
}