{
  "P_LV0101": 0.012274122059324922,
  "Q_LV0101": -0.008591885441527445,
  "U_LV0101": 0.9987538685138748,
  "I_LV0101_MV0101": 0.015001168595244653,
  "P_LV0102": 0.01239344262295082,
  "Q_LV0102": -0.008299180327868853,
  "U_LV0102": 0.9987446081965088,
  "I_LV0102_MV0102": 0.013265852503265096,
  "P_LV0103": 0.0,
  "Q_LV0103": 0.0,
  "U_LV0103": 0.999612998695724,
  "I_LV0103_MV0103": 5.262581109462927e-19,
  "P_LV0201": 0.011501014198782961,
  "Q_LV0201": -0.008580121703853956,
  "U_LV0201": 0.9987426002866522,
  "I_LV0201_MV0201": 0.01436699571357118,
  "P_LV0202": 0.0,
  "Q_LV0202": 0.0,
  "U_LV0202": 0.999621700681562,
  "I_LV0202_MV0202": 2.057190797335508e-18,
  "P_LV0203": 0.010827067669172932,
  "Q_LV0203": -0.0081203007518797,
  "U_LV0203": 0.9987959712456305,
  "I_LV0203_MV0203": 0.013550149203860882,
  "P_POIMV_MV0101": -0.022590474372904526,
  "Q_POIMV_MV0101": 0.015674719148752493,
  "U_POIMV": 0.999605018355366,
  "I_POIMV_MV0101": 0.027506798066662213,
  "P_POIMV_MV0201": -0.02231624133583658,
  "Q_POIMV_MV0201": 0.015200213637944006,
  "I_POIMV_MV0201": 0.02701180103073123,
  "P_POI_POIMV": -0.04490671585053992,
  "Q_POI_POIMV": 0.030347724488498887,
  "U_POI": 1.0,
  "I_POI_POIMV": 0.05419960802543657
}