{
  "P_LV0101": 0.03878622570746675,
  "Q_LV0101": -0.008223661779747697,
  "U_LV0101": 0.9993320159491409,
  "I_LV0101_MV0101": 0.03967495268499962,
  "P_LV0102": 0.054442622950819676,
  "Q_LV0102": -0.008299180327868853,
  "U_LV0102": 0.9995589349841737,
  "I_LV0102_MV0102": 0.046142026060811296,
  "P_LV0103": 0.052048192771084335,
  "Q_LV0103": -0.008426850258175559,
  "U_LV0103": 0.9997524684653339,
  "I_LV0103_MV0103": 0.05273900515114967,
  "P_LV0201": 0.04271805273833671,
  "Q_LV0201": -0.00821501014198783,
  "U_LV0201": 0.9995159765001979,
  "I_LV0201_MV0201": 0.043521848749109034,
  "P_LV0202": 0.043338391502276176,
  "Q_LV0202": -0.00819423368740516,
  "U_LV0202": 0.9995883678631134,
  "I_LV0202_MV0202": 0.04412441411959161,
  "P_LV0203": 0.043308270676691726,
  "Q_LV0203": -0.0081203007518797,
  "U_LV0203": 0.999624180927301,
  "I_LV0203_MV0203": 0.04407953626640195,
  "P_POIMV_MV0101": -0.136007737746595,
  "Q_POIMV_MV0101": 0.024588785233652672,
  "U_POIMV": 0.9993710023195846,
  "I_POIMV_MV0101": 0.13829955496301322,
  "P_POIMV_MV0201": -0.12917921752280498,
  "Q_POIMV_MV0201": 0.02379489289589104,
  "I_POIMV_MV0201": 0.13143512637404167,
  "P_POI_POIMV": -0.265186981084991,
  "Q_POI_POIMV": 0.04876515080452697,
  "U_POI": 1.0,
  "I_POI_POIMV": 0.26963340829719085
}