{
  "P_LV0101": 0.21960450051142172,
  "Q_LV0101": -0.013706102966246162,
  "U_LV0101": 1.0022008637833053,
  "I_LV0101_MV0101": 0.21954860545374727,
  "P_LV0102": 0.26999999999999996,
  "Q_LV0102": -0.01367827868852459,
  "U_LV0102": 1.0026268132407914,
  "I_LV0102_MV0102": 0.22482481113099403,
  "P_LV0103": 0.23163511187607572,
  "Q_LV0103": -0.013941480206540447,
  "U_LV0103": 1.0028942813078592,
  "I_LV0103_MV0103": 0.23138459018716573,
  "P_LV0201": 0.2219574036511156,
  "Q_LV0201": -0.013539553752535495,
  "U_LV0201": 1.002711667899427,
  "I_LV0201_MV0201": 0.22176861838616077,
  "P_LV0202": 0.22397572078907435,
  "Q_LV0202": -0.013505311077389984,
  "U_LV0202": 1.0030540547834752,
  "I_LV0202_MV0202": 0.22369933365624642,
  "P_LV0203": 0.2237593984962406,
  "Q_LV0203": -0.013533834586466165,
  "U_LV0203": 1.003190234728713,
  "I_LV0203_MV0203": 0.22345543890718944,
  "P_POIMV_MV0101": -0.6716679443026228,
  "Q_POIMV_MV0101": 0.06143794022395584,
  "U_POIMV": 0.9982691233273862,
  "I_POIMV_MV0101": 0.6756414290957089,
  "P_POIMV_MV0201": -0.6649074576590654,
  "Q_POIMV_MV0201": 0.06017576900491888,
  "I_POIMV_MV0201": 0.6687825124977688,
  "P_POI_POIMV": -1.3365754019917744,
  "Q_POI_POIMV": 0.1445828079846697,
  "U_POI": 1.0,
  "I_POI_POIMV": 1.3443727137866959
}