{
  "P_LV0101": 0.16706443914081145,
  "Q_LV0101": -0.024548244118649847,
  "U_LV0101": 0.9994012720299589,
  "I_LV0101_MV0101": 0.1689595130070408,
  "P_LV0102": 0.11414933515172178,
  "Q_LV0102": -0.016706443914081145,
  "U_LV0102": 0.9988109193089274,
  "I_LV0102_MV0102": 0.09669533622587076,
  "P_LV0103": 0.11728605523354926,
  "Q_LV0103": -0.024889191953631096,
  "U_LV0103": 0.9983073235461872,
  "I_LV0103_MV0103": 0.12010112647585433,
  "P_LV0201": 0.10228435049437436,
  "Q_LV0201": -0.016706443914081145,
  "U_LV0201": 0.9990299121764546,
  "I_LV0201_MV0201": 0.10374036721800305,
  "P_LV0202": 0.09819297647459939,
  "Q_LV0202": -0.016365496079099897,
  "U_LV0202": 0.9990929655858839,
  "I_LV0202_MV0202": 0.09963780125436078,
  "P_LV0203": 0.09955676781452438,
  "Q_LV0203": -0.016706443914081145,
  "U_LV0203": 0.9991415077952082,
  "I_LV0203_MV0203": 0.10103551375533554,
  "P_POIMV_MV0101": -0.3779270401620236,
  "Q_POIMV_MV0101": 0.07220514951164156,
  "U_POIMV": 0.9983405187426926,
  "I_POIMV_MV0101": 0.38540239278699073,
  "P_POIMV_MV0201": -0.2990439460626287,
  "Q_POIMV_MV0201": 0.052606867148047166,
  "I_POIMV_MV0201": 0.3041406228742351,
  "P_POI_POIMV": -0.6769709862246914,
  "Q_POI_POIMV": 0.13043683536967668,
  "U_POI": 1.0,
  "I_POI_POIMV": 0.6894225730357888
}