{
  "P_LV0101": 0.10773951585407433,
  "Q_LV0101": -0.022843504943743608,
  "U_LV0101": 0.9983019499250523,
  "I_LV0101_MV0101": 0.11032192706012225,
  "P_LV0102": 0.10064780088646437,
  "Q_LV0102": -0.015342652574156155,
  "U_LV0102": 0.9988686534003643,
  "I_LV0102_MV0102": 0.08536148531035723,
  "P_LV0103": 0.1431980906921241,
  "Q_LV0103": -0.023184452778724857,
  "U_LV0103": 0.9993768451473636,
  "I_LV0103_MV0103": 0.1451532394502579,
  "P_LV0201": 0.079781793385612,
  "Q_LV0201": -0.015342652574156155,
  "U_LV0201": 0.9987424091697819,
  "I_LV0201_MV0201": 0.08134595533415574,
  "P_LV0202": 0.081145584725537,
  "Q_LV0202": -0.015342652574156155,
  "U_LV0202": 0.9988766119756238,
  "I_LV0202_MV0202": 0.08267618633512898,
  "P_LV0203": 0.08182748039549949,
  "Q_LV0203": -0.015342652574156155,
  "U_LV0203": 0.9989438644911082,
  "I_LV0203_MV0203": 0.0833414494384345,
  "P_POIMV_MV0101": -0.3335929321725921,
  "Q_POIMV_MV0101": 0.0657916854559408,
  "U_POIMV": 0.9985035353224138,
  "I_POIMV_MV0101": 0.3405283974197388,
  "P_POIMV_MV0201": -0.24210039620580073,
  "Q_POIMV_MV0201": 0.04736806352984393,
  "I_POIMV_MV0201": 0.24706048583578777,
  "P_POI_POIMV": -0.5756933283782993,
  "Q_POI_POIMV": 0.11708945202336099,
  "U_POI": 1.0,
  "I_POI_POIMV": 0.5874799980547554
}