{
  "P_LV0101": 0.9413569723832254,
  "Q_LV0101": -0.023184452778724857,
  "U_LV0101": 1.0056685303430732,
  "I_LV0101_MV0101": 0.93633478907345,
  "P_LV0102": 0.7589498806682577,
  "Q_LV0102": -0.015342652574156155,
  "U_LV0102": 1.003971497468149,
  "I_LV0102_MV0102": 0.6301416972283395,
  "P_LV0103": 0.9505625639277191,
  "Q_LV0103": -0.023184452778724857,
  "U_LV0103": 1.0073209857859882,
  "I_LV0103_MV0103": 0.943934726405349,
  "P_LV0201": 0.6355267644050461,
  "Q_LV0201": -0.015342652574156155,
  "U_LV0201": 1.0040884416344,
  "I_LV0201_MV0201": 0.6331234474939567,
  "P_LV0202": 0.639618138424821,
  "Q_LV0202": -0.015342652574156155,
  "U_LV0202": 1.0049649914470329,
  "I_LV0202_MV0202": 0.6366412075028777,
  "P_LV0203": 0.6457551994544835,
  "Q_LV0203": -0.015342652574156155,
  "U_LV0203": 1.005466520720202,
  "I_LV0203_MV0203": 0.6424256057347093,
  "P_POIMV_MV0101": -2.4597010291356516,
  "Q_POIMV_MV0101": 0.3642021472819785,
  "U_POIMV": 0.9907352240897171,
  "I_POIMV_MV0101": 2.50977058116154,
  "P_POIMV_MV0201": -1.8817916246598714,
  "Q_POIMV_MV0201": 0.21733542470129733,
  "I_POIMV_MV0201": 1.9120148951282696,
  "P_POI_POIMV": -4.341492653795529,
  "Q_POI_POIMV": 0.8354952654586297,
  "U_POI": 1.0,
  "I_POI_POIMV": 4.421154917164104
}