{
  "P_LV0101": 0.026934878963518583,
  "Q_LV0101": -0.029662461643368564,
  "U_LV0101": 0.9954965623541134,
  "I_LV0101_MV0101": 0.04024805430102945,
  "P_LV0102": 0.018002045687009888,
  "Q_LV0102": -0.01909307875894988,
  "U_LV0102": 0.9966496733894029,
  "I_LV0102_MV0102": 0.024363236280227577,
  "P_LV0103": 0.0,
  "Q_LV0103": 0.0,
  "U_LV0103": 0.9988958656203096,
  "I_LV0103_MV0103": 2.6791322011811267e-18,
  "P_LV0201": 0.017047391749062394,
  "Q_LV0201": -0.020115922263893624,
  "U_LV0201": 0.9965653660768273,
  "I_LV0201_MV0201": 0.02645872964105416,
  "P_LV0202": 0.0,
  "Q_LV0202": 0.0,
  "U_LV0202": 0.9989002902407758,
  "I_LV0202_MV0202": 7.463296846147425e-18,
  "P_LV0203": 0.015683600409137403,
  "Q_LV0203": -0.01909307875894988,
  "U_LV0203": 0.9966750446944541,
  "I_LV0203_MV0203": 0.024791149068382534,
  "P_POIMV_MV0101": -0.041873296510252477,
  "Q_POIMV_MV0101": 0.047793695461861935,
  "U_POIMV": 0.9988906131456315,
  "I_POIMV_MV0101": 0.06361276412721091,
  "P_POIMV_MV0201": -0.032691025178636715,
  "Q_POIMV_MV0201": 0.03784110300097325,
  "I_POIMV_MV0201": 0.05006205980133747,
  "P_POI_POIMV": -0.07456432509419543,
  "Q_POI_POIMV": 0.0852371474907164,
  "U_POI": 1.0,
  "I_POI_POIMV": 0.11324844320831526
}