{
  "P_LV0101": 0.7282645755199455,
  "Q_LV0101": -0.0484145925673372,
  "U_LV0101": 1.0014642202863286,
  "I_LV0101_MV0101": 0.728804950082601,
  "P_LV0102": 0.563382202523014,
  "Q_LV0102": -0.0320490964882373,
  "U_LV0102": 1.0003554072154115,
  "I_LV0102_MV0102": 0.4704106128464765,
  "P_LV0103": 0.6668939652233208,
  "Q_LV0103": -0.0484145925673372,
  "U_LV0103": 1.001719156286799,
  "I_LV0103_MV0103": 0.6675014925851422,
  "P_LV0201": 0.48039549948857824,
  "Q_LV0201": -0.0320490964882373,
  "U_LV0201": 1.0006380381639794,
  "I_LV0201_MV0201": 0.4811563755379675,
  "P_LV0202": 0.47698602113876576,
  "Q_LV0202": -0.0320490964882373,
  "U_LV0202": 1.0011773727545232,
  "I_LV0202_MV0202": 0.4774993150737815,
  "P_LV0203": 0.48244118649846573,
  "Q_LV0203": -0.0320490964882373,
  "U_LV0203": 1.0015793196400116,
  "I_LV0203_MV0203": 0.48274213707194025,
  "P_POIMV_MV0101": -1.8289389037737371,
  "Q_POIMV_MV0101": 0.29565271176891395,
  "U_POIMV": 0.9926931714460355,
  "I_POIMV_MV0101": 1.8663181778405509,
  "P_POIMV_MV0201": -1.4176078881191454,
  "Q_POIMV_MV0201": 0.1928123140777385,
  "I_POIMV_MV0201": 1.4411907705893279,
  "P_POI_POIMV": -3.246546841988157,
  "Q_POI_POIMV": 0.6303211098844903,
  "U_POI": 1.0,
  "I_POI_POIMV": 3.307169650742049
}