{
  "P_LV0101": 0.7732696897374701,
  "Q_LV0101": -0.04159563586771224,
  "U_LV0101": 1.002377508331498,
  "I_LV0101_MV0101": 0.7725508893077909,
  "P_LV0102": 0.6312990112512785,
  "Q_LV0102": -0.027616774633481077,
  "U_LV0102": 1.0014804516839915,
  "I_LV0102_MV0102": 0.5260281246657615,
  "P_LV0103": 0.8022502557108763,
  "Q_LV0103": -0.04159563586771224,
  "U_LV0103": 1.0040427401885053,
  "I_LV0103_MV0103": 0.800093302514042,
  "P_LV0201": 0.5301738833958405,
  "Q_LV0201": -0.027616774633481077,
  "U_LV0201": 1.0015995258134296,
  "I_LV0201_MV0201": 0.5300448550500659,
  "P_LV0202": 0.5311967269007842,
  "Q_LV0202": -0.027616774633481077,
  "U_LV0202": 1.0022911594725377,
  "I_LV0202_MV0202": 0.5306982225249625,
  "P_LV0203": 0.5393794749403341,
  "Q_LV0203": -0.027616774633481077,
  "U_LV0203": 1.002770948279917,
  "I_LV0203_MV0203": 0.5385936005716871,
  "P_POIMV_MV0101": -2.0563493605598575,
  "Q_POIMV_MV0101": 0.3219570977459022,
  "U_POIMV": 0.991991289302677,
  "I_POIMV_MV0101": 2.09820466011009,
  "P_POIMV_MV0201": -1.5733914316429598,
  "Q_POIMV_MV0201": 0.20222637689638903,
  "I_POIMV_MV0201": 1.5991412313045053,
  "P_POI_POIMV": -3.629740792202073,
  "Q_POI_POIMV": 0.7015854562873443,
  "U_POI": 1.0,
  "I_POI_POIMV": 3.696923095095386
}