{
  "P_LV0101": 0.9904534606205251,
  "Q_LV0101": -0.023184452778724857,
  "U_LV0101": 1.0054352620025648,
  "I_LV0101_MV0101": 0.9853690344665459,
  "P_LV0102": 0.7900443232185476,
  "Q_LV0102": -0.015683600409137403,
  "U_LV0102": 1.0036843143860388,
  "I_LV0102_MV0102": 0.6561396244158568,
  "P_LV0103": 0.9747698602113877,
  "Q_LV0103": -0.023184452778724857,
  "U_LV0103": 1.0069156149631946,
  "I_LV0103_MV0103": 0.9683488094853482,
  "P_LV0201": 0.6641663825434708,
  "Q_LV0201": -0.015683600409137403,
  "U_LV0201": 1.0038581536402114,
  "I_LV0201_MV0201": 0.6617982135298155,
  "P_LV0202": 0.6675758608932834,
  "Q_LV0202": -0.015683600409137403,
  "U_LV0202": 1.0047557772996425,
  "I_LV0202_MV0202": 0.6645993790787377,
  "P_LV0203": 0.6737129219229457,
  "Q_LV0203": -0.015683600409137403,
  "U_LV0203": 1.005270589047077,
  "I_LV0203_MV0203": 0.670362245318423,
  "P_POIMV_MV0101": -2.5537513466024793,
  "Q_POIMV_MV0101": 0.38897907599977577,
  "U_POIMV": 0.9900484908404455,
  "I_POIMV_MV0101": 2.609170687272529,
  "P_POIMV_MV0201": -1.96281288949204,
  "Q_POIMV_MV0201": 0.2339840773036776,
  "I_POIMV_MV0201": 1.9965791179113832,
  "P_POI_POIMV": -4.516564236094859,
  "Q_POI_POIMV": 0.8985376531695002,
  "U_POI": 1.0,
  "I_POI_POIMV": 4.605075722823076
}