{
  "P_LV0101": 0.6982611660415956,
  "Q_LV0101": -0.04977838390726219,
  "U_LV0101": 1.0011368906962252,
  "I_LV0101_MV0101": 0.6992382821206938,
  "P_LV0102": 0.5359699965905216,
  "Q_LV0102": -0.03341288782816229,
  "U_LV0102": 0.9999727546827486,
  "I_LV0102_MV0102": 0.4479019166485193,
  "P_LV0103": 0.6290487555404023,
  "Q_LV0103": -0.04977838390726219,
  "U_LV0103": 1.0011748790933925,
  "I_LV0103_MV0103": 0.6302747333649327,
  "P_LV0201": 0.4589157858847596,
  "Q_LV0201": -0.03341288782816229,
  "U_LV0201": 1.0002849535250413,
  "I_LV0201_MV0201": 0.45999946610407577,
  "P_LV0202": 0.4531196726900784,
  "Q_LV0202": -0.03341288782816229,
  "U_LV0202": 1.0007476257673351,
  "I_LV0202_MV0202": 0.4540104986062095,
  "P_LV0203": 0.4592567337197409,
  "Q_LV0203": -0.03341288782816229,
  "U_LV0203": 1.0011498359023006,
  "I_LV0203_MV0203": 0.45994173587512543,
  "P_POIMV_MV0101": -1.7415750784816975,
  "Q_POIMV_MV0101": 0.28413643930680194,
  "U_POIMV": 0.99299465419497,
  "I_POIMV_MV0101": 1.7770500144706616,
  "P_POIMV_MV0201": -1.3511093235387956,
  "Q_POIMV_MV0201": 0.18792786135818854,
  "I_POIMV_MV0201": 1.3737398244600256,
  "P_POI_POIMV": -3.092684436175157,
  "Q_POI_POIMV": 0.6007458261142044,
  "U_POI": 1.0,
  "I_POI_POIMV": 3.150490845781604
}