{
  "P_LV0101": 0.015342652574156155,
  "Q_LV0101": -0.006137061029662462,
  "U_LV0101": 0.9992555044876553,
  "I_LV0101_MV0101": 0.016536853982963867,
  "P_LV0102": 0.013910671667234914,
  "Q_LV0102": -0.004432321854756222,
  "U_LV0102": 0.9994047279220477,
  "I_LV0102_MV0102": 0.012418080574195823,
  "P_LV0103": 0.017047391749062394,
  "Q_LV0103": -0.006137061029662462,
  "U_LV0103": 0.9993267844952252,
  "I_LV0103_MV0103": 0.01813062398663107,
  "P_LV0201": 0.010569382884418685,
  "Q_LV0201": -0.0037504261847937266,
  "U_LV0201": 0.9994710652645733,
  "I_LV0201_MV0201": 0.01122099422728266,
  "P_LV0202": 0.010910330719399931,
  "Q_LV0202": -0.0037504261847937266,
  "U_LV0202": 0.99949236195558,
  "I_LV0202_MV0202": 0.011542800726834154,
  "P_LV0203": 0.010910330719399931,
  "Q_LV0203": -0.004091374019774974,
  "U_LV0203": 0.9994507561074044,
  "I_LV0203_MV0203": 0.011658641679279757,
  "P_POIMV_MV0101": -0.04395963611445087,
  "Q_POIMV_MV0101": 0.015540081788159982,
  "U_POIMV": 0.9996729999504932,
  "I_POIMV_MV0101": 0.04664082124493746,
  "P_POIMV_MV0201": -0.03237740693716559,
  "Q_POIMV_MV0201": 0.010092894075526477,
  "I_POIMV_MV0201": 0.03392514652323341,
  "P_POI_POIMV": -0.07633704332493503,
  "Q_POI_POIMV": 0.025151554660131005,
  "U_POI": 1.0,
  "I_POI_POIMV": 0.08037378232617004
}