{
  "P_LV0101": 0.5577906580293215,
  "Q_LV0101": -0.053528810092055915,
  "U_LV0101": 0.9991844565835052,
  "I_LV0101_MV0101": 0.5608106020306464,
  "P_LV0102": 0.46518922604841456,
  "Q_LV0102": -0.035458574838049775,
  "U_LV0102": 0.9992037771463703,
  "I_LV0102_MV0102": 0.38958618356725955,
  "P_LV0103": 0.6007500852369587,
  "Q_LV0103": -0.053528810092055915,
  "U_LV0103": 1.0008557294988274,
  "I_LV0103_MV0103": 0.602614490687301,
  "P_LV0201": 0.3859529491987726,
  "Q_LV0201": -0.035458574838049775,
  "U_LV0201": 0.9991836459312352,
  "I_LV0201_MV0201": 0.3878950247147426,
  "P_LV0202": 0.3897033753835663,
  "Q_LV0202": -0.035458574838049775,
  "U_LV0202": 0.9997462977387084,
  "I_LV0202_MV0202": 0.39141251552638057,
  "P_LV0203": 0.3924309580634163,
  "Q_LV0203": -0.035458574838049775,
  "U_LV0203": 1.0000453585192675,
  "I_LV0203_MV0203": 0.394011780627577,
  "P_POIMV_MV0101": -1.5213792220643507,
  "Q_POIMV_MV0101": 0.25765959322197984,
  "U_POIMV": 0.9937909536560885,
  "I_POIMV_MV0101": 1.5526841751745815,
  "P_POIMV_MV0201": -1.1533625202010063,
  "Q_POIMV_MV0201": 0.16991072729249113,
  "I_POIMV_MV0201": 1.173094571478882,
  "P_POI_POIMV": -2.674741753286344,
  "Q_POI_POIMV": 0.5237372703697251,
  "U_POI": 1.0,
  "I_POI_POIMV": 2.725535575835993
}