{
  "P_LV0101": 0.5871121718377088,
  "Q_LV0101": -0.05386975792703717,
  "U_LV0101": 0.9998241217942043,
  "I_LV0101_MV0101": 0.589682079697516,
  "P_LV0102": 0.44514149335151726,
  "Q_LV0102": -0.03511762700306853,
  "U_LV0102": 0.9990580210446562,
  "I_LV0102_MV0102": 0.3729611350670338,
  "P_LV0103": 0.515854074326628,
  "Q_LV0103": -0.053528810092055915,
  "U_LV0103": 0.9995326241148348,
  "I_LV0103_MV0103": 0.5188664142003626,
  "P_LV0201": 0.3818615751789976,
  "Q_LV0201": -0.03511762700306853,
  "U_LV0201": 0.9993547217002912,
  "I_LV0201_MV0201": 0.38372056513670033,
  "P_LV0202": 0.37879304466416636,
  "Q_LV0202": -0.03511762700306853,
  "U_LV0202": 0.9997674012514599,
  "I_LV0202_MV0202": 0.3805059313378708,
  "P_LV0203": 0.38288441868394135,
  "Q_LV0203": -0.03511762700306853,
  "U_LV0203": 1.000088634317245,
  "I_LV0203_MV0203": 0.38445743940699206,
  "P_POIMV_MV0101": -1.4514095914339376,
  "Q_POIMV_MV0101": 0.24728239371475302,
  "U_POIMV": 0.9940197126702253,
  "I_POIMV_MV0101": 1.481182037951328,
  "P_POIMV_MV0201": -1.1294313204400792,
  "Q_POIMV_MV0201": 0.16617860303654383,
  "I_POIMV_MV0201": 1.1484593025039769,
  "P_POI_POIMV": -2.5808409200475046,
  "Q_POI_POIMV": 0.502923621171823,
  "U_POI": 1.0,
  "I_POI_POIMV": 2.629386244606188
}