{
  "P_LV0101": 0.06955335833617457,
  "Q_LV0101": -0.016706443914081145,
  "U_LV0101": 0.9986275377738956,
  "I_LV0101_MV0101": 0.07162994522112999,
  "P_LV0102": 0.06628025912035458,
  "Q_LV0102": -0.010569382884418685,
  "U_LV0102": 0.9991947377204043,
  "I_LV0102_MV0102": 0.0562810464741919,
  "P_LV0103": 0.0961472894647119,
  "Q_LV0103": -0.01602454824411865,
  "U_LV0103": 0.999568975236228,
  "I_LV0103_MV0103": 0.09751555324258097,
  "P_LV0201": 0.051824070917149676,
  "Q_LV0201": -0.010569382884418685,
  "U_LV0201": 0.9990869809724386,
  "I_LV0201_MV0201": 0.052939223913634,
  "P_LV0202": 0.05250596658711217,
  "Q_LV0202": -0.010569382884418685,
  "U_LV0202": 0.9991687290916648,
  "I_LV0202_MV0202": 0.0536037637038947,
  "P_LV0203": 0.05318786225707467,
  "Q_LV0203": -0.010910330719399931,
  "U_LV0203": 0.9991713333453058,
  "I_LV0203_MV0203": 0.05434037062564515,
  "P_POIMV_MV0101": -0.2203988020605171,
  "Q_POIMV_MV0101": 0.04453014046788507,
  "U_POIMV": 0.9990014282815187,
  "I_POIMV_MV0101": 0.22507707460144863,
  "P_POIMV_MV0201": -0.1572410981835841,
  "Q_POIMV_MV0201": 0.03171896596471462,
  "I_POIMV_MV0201": 0.16056874242637917,
  "P_POI_POIMV": -0.3776399002444947,
  "Q_POI_POIMV": 0.07761970452525983,
  "U_POI": 1.0,
  "I_POI_POIMV": 0.38553432115346165
}