{
  "P_LV0101": 0.5376747357654279,
  "Q_LV0101": -0.05080122741220593,
  "U_LV0101": 0.9995555317540827,
  "I_LV0101_MV0101": 0.5403094838617725,
  "P_LV0102": 0.4488237299693147,
  "Q_LV0102": -0.03409478349812479,
  "U_LV0102": 0.9994268571554836,
  "I_LV0102_MV0102": 0.3757859396292046,
  "P_LV0103": 0.5819979543129901,
  "Q_LV0103": -0.05114217524718718,
  "U_LV0103": 1.0011892214905866,
  "I_LV0103_MV0103": 0.5835466860844877,
  "P_LV0201": 0.37299693146948515,
  "Q_LV0201": -0.03409478349812479,
  "U_LV0201": 0.9994180389243366,
  "I_LV0201_MV0201": 0.37477005367583344,
  "P_LV0202": 0.37572451414933516,
  "Q_LV0202": -0.03409478349812479,
  "U_LV0202": 0.9999451715982193,
  "I_LV0202_MV0202": 0.3772889786297034,
  "P_LV0203": 0.3798158881691101,
  "Q_LV0203": -0.03409478349812479,
  "U_LV0203": 1.0002651446990016,
  "I_LV0203_MV0203": 0.38124201961624404,
  "P_POIMV_MV0101": -1.4705391819022964,
  "Q_POIMV_MV0101": 0.24335784013387138,
  "U_POIMV": 0.9941317199081956,
  "I_POIMV_MV0101": 1.4993382119542498,
  "P_POIMV_MV0201": -1.1147995400042001,
  "Q_POIMV_MV0201": 0.1614557097897574,
  "I_POIMV_MV0201": 1.1330798583841122,
  "P_POI_POIMV": -2.585338730206469,
  "Q_POI_POIMV": 0.4944688053323023,
  "U_POI": 1.0,
  "I_POI_POIMV": 2.632199792825832
}