{
  "P_LV0101": 0.9014660756904194,
  "Q_LV0101": -0.027616774633481077,
  "U_LV0101": 1.0049324012791863,
  "I_LV0101_MV0101": 0.8974623574829408,
  "P_LV0102": 0.7307193999318105,
  "Q_LV0102": -0.018070235254006136,
  "U_LV0102": 1.0034615027799931,
  "I_LV0102_MV0102": 0.6070994173458126,
  "P_LV0103": 0.9195363109444255,
  "Q_LV0103": -0.027616774633481077,
  "U_LV0103": 1.006623661674726,
  "I_LV0103_MV0103": 0.9138975814944814,
  "P_LV0201": 0.6126832594613024,
  "Q_LV0201": -0.018070235254006136,
  "U_LV0201": 1.0035874656521517,
  "I_LV0201_MV0201": 0.610758604171038,
  "P_LV0202": 0.6171155813160586,
  "Q_LV0202": -0.018070235254006136,
  "U_LV0202": 1.0044415969815745,
  "I_LV0202_MV0202": 0.6146500609917486,
  "P_LV0203": 0.6229116945107399,
  "Q_LV0203": -0.018070235254006136,
  "U_LV0203": 1.0049256674554463,
  "I_LV0203_MV0203": 0.6201192407108387,
  "P_POIMV_MV0101": -2.369891840117403,
  "Q_POIMV_MV0101": 0.3539723619466633,
  "U_POIMV": 0.9910355004001218,
  "I_POIMV_MV0101": 2.417855948416551,
  "P_POIMV_MV0201": -1.816280687663529,
  "Q_POIMV_MV0201": 0.2136771920915663,
  "I_POIMV_MV0201": 1.845349204481137,
  "P_POI_POIMV": -4.1861725277805775,
  "Q_POI_POIMV": 0.8036815682281361,
  "U_POI": 1.0,
  "I_POI_POIMV": 4.262621786583284
}