{
  "P_LV0101": 0.21241050119331742,
  "Q_LV0101": -0.03682236617797477,
  "U_LV0101": 0.997826638296629,
  "I_LV0101_MV0101": 0.21604809241009995,
  "P_LV0102": 0.1882032049096488,
  "Q_LV0102": -0.024548244118649847,
  "U_LV0102": 0.9984563479798947,
  "I_LV0102_MV0102": 0.15899097303148613,
  "P_LV0103": 0.2584384589157859,
  "Q_LV0103": -0.03682236617797477,
  "U_LV0103": 0.9993009894182185,
  "I_LV0103_MV0103": 0.26123111163246726,
  "P_LV0201": 0.1517217865666553,
  "Q_LV0201": -0.0242072962836686,
  "U_LV0201": 0.9983569870142764,
  "I_LV0201_MV0201": 0.15389364368190345,
  "P_LV0202": 0.15513126491646778,
  "Q_LV0202": -0.024548244118649847,
  "U_LV0202": 0.9985830806187102,
  "I_LV0202_MV0202": 0.15728439388309004,
  "P_LV0203": 0.1544493692465053,
  "Q_LV0203": -0.0242072962836686,
  "U_LV0203": 0.9987083074529686,
  "I_LV0203_MV0203": 0.15653709746890762,
  "P_POIMV_MV0101": -0.6234790423560542,
  "Q_POIMV_MV0101": 0.11660819925407714,
  "U_POIMV": 0.9973176903110944,
  "I_POIMV_MV0101": 0.6359957675693085,
  "P_POIMV_MV0201": -0.45896255553071036,
  "Q_POIMV_MV0201": 0.0817544772054115,
  "I_POIMV_MV0201": 0.4674409317609627,
  "P_POI_POIMV": -1.082441597895537,
  "Q_POI_POIMV": 0.21365040584309028,
  "U_POI": 1.0,
  "I_POI_POIMV": 1.1033251147198457
}