{
  "P_LV0101": 0.31401295601772927,
  "Q_LV0101": -0.04602795772246846,
  "U_LV0101": 0.9978057154790494,
  "I_LV0101_MV0101": 0.31806634081148666,
  "P_LV0102": 0.2704398227071258,
  "Q_LV0102": -0.03068530514831231,
  "U_LV0102": 0.99832807782126,
  "I_LV0102_MV0102": 0.22782684914791407,
  "P_LV0103": 0.36379133992499146,
  "Q_LV0103": -0.04636890555744971,
  "U_LV0103": 0.9993864277175564,
  "I_LV0103_MV0103": 0.3669596847787852,
  "P_LV0201": 0.22059324923286738,
  "Q_LV0201": -0.03068530514831231,
  "U_LV0201": 0.9982013292355362,
  "I_LV0201_MV0201": 0.22311855808662315,
  "P_LV0202": 0.22468462325264235,
  "Q_LV0202": -0.03068530514831231,
  "U_LV0202": 0.9985739175956808,
  "I_LV0202_MV0202": 0.22709415257494933,
  "P_LV0203": 0.22536651892260484,
  "Q_LV0203": -0.03068530514831231,
  "U_LV0203": 0.9987284832048036,
  "I_LV0203_MV0203": 0.22773550991347244,
  "P_POIMV_MV0101": -0.8945476393365823,
  "Q_POIMV_MV0101": 0.16220663859062293,
  "U_POIMV": 0.9962123123288834,
  "I_POIMV_MV0101": 0.912591625479227,
  "P_POIMV_MV0201": -0.6657278253348466,
  "Q_POIMV_MV0201": 0.1122363227537689,
  "I_POIMV_MV0201": 0.6776894794482017,
  "P_POI_POIMV": -1.5602754648276023,
  "Q_POI_POIMV": 0.30680567413281196,
  "U_POI": 1.0,
  "I_POI_POIMV": 1.5901538440739247
}