{
  "P_LV0101": 0.9979543129901125,
  "Q_LV0101": -0.015001704739174906,
  "U_LV0101": 1.0070588760579067,
  "I_LV0101_MV0101": 0.9910712139931791,
  "P_LV0102": 0.7957722468462325,
  "Q_LV0102": -0.009887487214456188,
  "U_LV0102": 1.0049836331851123,
  "I_LV0102_MV0102": 0.6599284051866947,
  "P_LV0103": 0.9853392430958063,
  "Q_LV0103": -0.015001704739174906,
  "U_LV0103": 1.0085898640332398,
  "I_LV0103_MV0103": 0.9770606184425537,
  "P_LV0201": 0.6696215479031709,
  "Q_LV0201": -0.009887487214456188,
  "U_LV0201": 1.005168537264558,
  "I_LV0201_MV0201": 0.6662509990593126,
  "P_LV0202": 0.674053869757927,
  "Q_LV0202": -0.009887487214456188,
  "U_LV0202": 1.0060929138580932,
  "I_LV0202_MV0202": 0.6700438645516307,
  "P_LV0203": 0.6801909307875895,
  "Q_LV0203": -0.009887487214456188,
  "U_LV0203": 1.0066131775775686,
  "I_LV0203_MV0203": 0.6757936475368889,
  "P_POIMV_MV0101": -2.5755991037573938,
  "Q_POIMV_MV0101": 0.37147782255294465,
  "U_POIMV": 0.9904425354649052,
  "I_POIMV_MV0101": 2.6273611906636916,
  "P_POIMV_MV0201": -1.9805651215014894,
  "Q_POIMV_MV0201": 0.2195012036909278,
  "I_POIMV_MV0201": 2.011920247200406,
  "P_POI_POIMV": -4.556164225259836,
  "Q_POI_POIMV": 0.8705873603431218,
  "U_POI": 1.0,
  "I_POI_POIMV": 4.638594054185684
}