{
  "P_LV0101": 0.3552676440504603,
  "Q_LV0101": -0.043641322877599725,
  "U_LV0101": 0.9992271382208233,
  "I_LV0101_MV0101": 0.358214923413221,
  "P_LV0102": 0.2585748380497784,
  "Q_LV0102": -0.028980565973406067,
  "U_LV0102": 0.9984949982555851,
  "I_LV0102_MV0102": 0.217746858297021,
  "P_LV0103": 0.28503239004432324,
  "Q_LV0103": -0.04330037504261848,
  "U_LV0103": 0.998247986806572,
  "I_LV0103_MV0103": 0.2888085906979064,
  "P_LV0201": 0.22707125809751108,
  "Q_LV0201": -0.028980565973406067,
  "U_LV0201": 0.9988262052089926,
  "I_LV0201_MV0201": 0.22918216110446432,
  "P_LV0202": 0.2216160927378111,
  "Q_LV0202": -0.028639618138424822,
  "U_LV0202": 0.9990230874736769,
  "I_LV0202_MV0202": 0.22367750351724836,
  "P_LV0203": 0.22502557108762358,
  "Q_LV0203": -0.028980565973406067,
  "U_LV0203": 0.9991942031392784,
  "I_LV0203_MV0203": 0.2270670390800054,
  "P_POIMV_MV0101": -0.8480832913265753,
  "Q_POIMV_MV0101": 0.15098543560409486,
  "U_POIMV": 0.9964409366245506,
  "I_POIMV_MV0101": 0.8644953160513151,
  "P_POIMV_MV0201": -0.6687713583318536,
  "Q_POIMV_MV0201": 0.10690523594866579,
  "I_POIMV_MV0201": 0.6796810593818353,
  "P_POI_POIMV": -1.516854649776709,
  "Q_POI_POIMV": 0.28837052676318436,
  "U_POI": 1.0,
  "I_POI_POIMV": 1.5440225352160182
}