{
  "P_LV0101": 0.8690760313672008,
  "Q_LV0101": -0.032730992158199794,
  "U_LV0101": 1.0040218917547195,
  "I_LV0101_MV0101": 0.8662083711561033,
  "P_LV0102": 0.706580293215138,
  "Q_LV0102": -0.021479713603818614,
  "U_LV0102": 1.002776235901017,
  "I_LV0102_MV0102": 0.5875773115368226,
  "P_LV0103": 0.8912376406409819,
  "Q_LV0103": -0.032730992158199794,
  "U_LV0103": 1.0057158563518174,
  "I_LV0103_MV0103": 0.8867698173902014,
  "P_LV0201": 0.59018070235254,
  "Q_LV0201": -0.021820661438799863,
  "U_LV0201": 1.0028047191134595,
  "I_LV0201_MV0201": 0.5889321613010676,
  "P_LV0202": 0.5918854415274463,
  "Q_LV0202": -0.021820661438799863,
  "U_LV0202": 1.0035853568896687,
  "I_LV0202_MV0202": 0.5901715534802919,
  "P_LV0203": 0.6004091374019775,
  "Q_LV0203": -0.021479713603818614,
  "U_LV0203": 1.004148309403782,
  "I_LV0203_MV0203": 0.5983112540913017,
  "P_POIMV_MV0101": -2.292883633544707,
  "Q_POIMV_MV0101": 0.349754089053707,
  "U_POIMV": 0.9912054164138234,
  "I_POIMV_MV0101": 2.3399849968166913,
  "P_POIMV_MV0201": -1.748684889102727,
  "Q_POIMV_MV0201": 0.21292366021832898,
  "I_POIMV_MV0201": 1.777230217243103,
  "P_POI_POIMV": -4.041568522647932,
  "Q_POI_POIMV": 0.7827862119369157,
  "U_POI": 1.0,
  "I_POI_POIMV": 4.1166771037885805
}