{
  "P_LV0101": 0.8128196385952949,
  "Q_LV0101": -0.03818615751789976,
  "U_LV0101": 1.0030200146223476,
  "I_LV0101_MV0101": 0.8112660989978545,
  "P_LV0102": 0.6632117286055234,
  "Q_LV0102": -0.02557108762359359,
  "U_LV0102": 1.0019469204676832,
  "I_LV0102_MV0102": 0.5521926073313099,
  "P_LV0103": 0.8407773610637572,
  "Q_LV0103": -0.03818615751789976,
  "U_LV0103": 1.0047164433455895,
  "I_LV0103_MV0103": 0.8376931454242609,
  "P_LV0201": 0.5547221275144902,
  "Q_LV0201": -0.02557108762359359,
  "U_LV0201": 1.002030465429911,
  "I_LV0201_MV0201": 0.5541859359993353,
  "P_LV0202": 0.5584725536992841,
  "Q_LV0202": -0.02557108762359359,
  "U_LV0202": 1.0028004549228988,
  "I_LV0202_MV0202": 0.5574964222605168,
  "P_LV0203": 0.5635867712240027,
  "Q_LV0203": -0.02557108762359359,
  "U_LV0203": 1.0032407337128642,
  "I_LV0203_MV0203": 0.5623441716042465,
  "P_POIMV_MV0101": -2.1565057702972115,
  "Q_POIMV_MV0101": 0.3342952641952598,
  "U_POIMV": 0.9916435671915904,
  "I_POIMV_MV0101": 2.200652295983956,
  "P_POIMV_MV0201": -1.6468083340920403,
  "Q_POIMV_MV0201": 0.20764497358593534,
  "I_POIMV_MV0201": 1.6738349097603262,
  "P_POI_POIMV": -3.803314104389499,
  "Q_POI_POIMV": 0.7368013869675675,
  "U_POI": 1.0,
  "I_POI_POIMV": 3.8740256143300638
}