{
  "P_LV0101": 0.8039549948857825,
  "Q_LV0101": -0.03784520968291851,
  "U_LV0101": 1.003126131173242,
  "I_LV0101_MV0101": 0.802337049853463,
  "P_LV0102": 0.6558472553699284,
  "Q_LV0102": -0.02557108762359359,
  "U_LV0102": 1.0019951031407732,
  "I_LV0102_MV0102": 0.5460478314563263,
  "P_LV0103": 0.8298670303443573,
  "Q_LV0103": -0.03818615751789976,
  "U_LV0103": 1.0047397042047237,
  "I_LV0103_MV0103": 0.8268262180927894,
  "P_LV0201": 0.5455165359699966,
  "Q_LV0201": -0.02557108762359359,
  "U_LV0201": 1.0020187645649095,
  "I_LV0201_MV0201": 0.5450152719613893,
  "P_LV0202": 0.548926014319809,
  "Q_LV0202": -0.02557108762359359,
  "U_LV0202": 1.0027722136727382,
  "I_LV0202_MV0202": 0.5480021124669258,
  "P_LV0203": 0.5543811796795091,
  "Q_LV0203": -0.02557108762359359,
  "U_LV0203": 1.003213542705174,
  "I_LV0203_MV0203": 0.5531928964454677,
  "P_POIMV_MV0101": -2.131768745737296,
  "Q_POIMV_MV0101": 0.32844582119722165,
  "U_POIMV": 0.9918130260316154,
  "I_POIMV_MV0101": 2.1747269261862114,
  "P_POIMV_MV0201": -1.619838298063993,
  "Q_POIMV_MV0201": 0.2032791271468527,
  "I_POIMV_MV0201": 1.6460194910091528,
  "P_POI_POIMV": -3.7516070438012763,
  "Q_POI_POIMV": 0.7212032919428122,
  "U_POI": 1.0,
  "I_POI_POIMV": 3.8202996740319337
}