{
  "P_LV0101": 0.0804636890555745,
  "Q_LV0101": -0.018070235254006136,
  "U_LV0101": 0.9985894261912007,
  "I_LV0101_MV0101": 0.08258429501307743,
  "P_LV0102": 0.07691783157176951,
  "Q_LV0102": -0.012274122059324924,
  "U_LV0102": 0.9990728100356966,
  "I_LV0102_MV0102": 0.06532336219623601,
  "P_LV0103": 0.11114899420388681,
  "Q_LV0103": -0.018070235254006136,
  "U_LV0103": 0.9995585962455374,
  "I_LV0103_MV0103": 0.11265804138382579,
  "P_LV0201": 0.06034776679168087,
  "Q_LV0201": -0.012274122059324924,
  "U_LV0201": 0.998955683035297,
  "I_LV0201_MV0201": 0.06164771377374589,
  "P_LV0202": 0.06205250596658711,
  "Q_LV0202": -0.011933174224343675,
  "U_LV0202": 0.9991231223536576,
  "I_LV0202_MV0202": 0.06324496785929253,
  "P_LV0203": 0.061711558131605865,
  "Q_LV0203": -0.012274122059324924,
  "U_LV0203": 0.9991036441501798,
  "I_LV0203_MV0203": 0.0629767999029941,
  "P_POIMV_MV0101": -0.2549958530717358,
  "Q_POIMV_MV0101": 0.050483351882235586,
  "U_POIMV": 0.9988558535202016,
  "I_POIMV_MV0101": 0.26024285380430917,
  "P_POIMV_MV0201": -0.18373436127527282,
  "Q_POIMV_MV0201": 0.03659657424386628,
  "I_POIMV_MV0201": 0.18755819484547945,
  "P_POI_POIMV": -0.4387302143472272,
  "Q_POI_POIMV": 0.08912504769009127,
  "U_POI": 1.0,
  "I_POI_POIMV": 0.44769127209152176
}