{
  "P_LV0101": 0.4217524718718036,
  "Q_LV0101": -0.047391749062393455,
  "U_LV0101": 0.9994418689327121,
  "I_LV0101_MV0101": 0.42464379916596495,
  "P_LV0102": 0.31135356290487554,
  "Q_LV0102": -0.03136720081827481,
  "U_LV0102": 0.9986509066915971,
  "I_LV0102_MV0102": 0.26170353354772374,
  "P_LV0103": 0.34844868735083534,
  "Q_LV0103": -0.047391749062393455,
  "U_LV0103": 0.998550070575295,
  "I_LV0103_MV0103": 0.3521673617481283,
  "P_LV0201": 0.2707125809751108,
  "Q_LV0201": -0.03136720081827481,
  "U_LV0201": 0.9989688224796129,
  "I_LV0201_MV0201": 0.2728050759723863,
  "P_LV0202": 0.2666212069553358,
  "Q_LV0202": -0.03136720081827481,
  "U_LV0202": 0.9992092397213936,
  "I_LV0202_MV0202": 0.2686724511640821,
  "P_LV0203": 0.2683259461302421,
  "Q_LV0203": -0.031026252983293555,
  "U_LV0203": 0.9994618615470132,
  "I_LV0203_MV0203": 0.27025919387678965,
  "P_POIMV_MV0101": -1.0185812737167406,
  "Q_POIMV_MV0101": 0.1771595501115324,
  "U_POIMV": 0.9957954761464064,
  "I_POIMV_MV0101": 1.0382382672049675,
  "P_POIMV_MV0201": -0.7986164784383603,
  "Q_POIMV_MV0201": 0.12335879614248584,
  "I_POIMV_MV0201": 0.8114996332620691,
  "P_POI_POIMV": -1.8171977526525578,
  "Q_POI_POIMV": 0.3445000017073499,
  "U_POI": 1.0,
  "I_POI_POIMV": 1.8495642523096816
}