{
  "P_LV0101": 0.5196045005114217,
  "Q_LV0101": -0.05148312308216843,
  "U_LV0101": 0.9992875355526868,
  "I_LV0101_MV0101": 0.522521057170427,
  "P_LV0102": 0.43614047050801225,
  "Q_LV0102": -0.03409478349812479,
  "U_LV0102": 0.9993347632275923,
  "I_LV0102_MV0102": 0.3652890850799797,
  "P_LV0103": 0.5673371974087964,
  "Q_LV0103": -0.05148312308216843,
  "U_LV0103": 1.001016530703172,
  "I_LV0103_MV0103": 0.5690898331190546,
  "P_LV0201": 0.360381861575179,
  "Q_LV0201": -0.03409478349812479,
  "U_LV0201": 0.9992767935502336,
  "I_LV0201_MV0201": 0.3622530612058453,
  "P_LV0202": 0.364473235594954,
  "Q_LV0202": -0.03409478349812479,
  "U_LV0202": 0.9998165664353039,
  "I_LV0202_MV0202": 0.3661316271511389,
  "P_LV0203": 0.36583702693487896,
  "Q_LV0203": -0.03409478349812479,
  "U_LV0203": 1.000072736941379,
  "I_LV0203_MV0203": 0.3673956281996184,
  "P_POIMV_MV0101": -1.4285315228397224,
  "Q_POIMV_MV0101": 0.23829975800995343,
  "U_POIMV": 0.994285242681364,
  "I_POIMV_MV0101": 1.45659515583001,
  "P_POIMV_MV0201": -1.0778496178026307,
  "Q_POIMV_MV0201": 0.15750064320386534,
  "I_POIMV_MV0201": 1.0955570610344703,
  "P_POI_POIMV": -2.5063811471618043,
  "Q_POI_POIMV": 0.48003760146184127,
  "U_POI": 1.0,
  "I_POI_POIMV": 2.551937019925327
}