{
  "P_LV0101": 0.960109103307194,
  "Q_LV0101": -0.020115922263893624,
  "U_LV0101": 1.0061646516201765,
  "I_LV0101_MV0101": 0.9544360458991207,
  "P_LV0102": 0.7724514149335151,
  "Q_LV0102": -0.013296965564268667,
  "U_LV0102": 1.0043403507308781,
  "I_LV0102_MV0102": 0.6410643897486136,
  "P_LV0103": 0.9665871121718377,
  "Q_LV0103": -0.020115922263893624,
  "U_LV0103": 1.0078183967056926,
  "I_LV0103_MV0103": 0.959296249992043,
  "P_LV0201": 0.6498465734742584,
  "Q_LV0201": -0.013296965564268667,
  "U_LV0201": 1.0045123603067017,
  "I_LV0201_MV0201": 0.6470628179218806,
  "P_LV0202": 0.6535969996590522,
  "Q_LV0202": -0.013296965564268667,
  "U_LV0202": 1.0054015241900622,
  "I_LV0202_MV0202": 0.650220064905095,
  "P_LV0203": 0.6604159563586771,
  "Q_LV0203": -0.013296965564268667,
  "U_LV0203": 1.0059210494934865,
  "I_LV0203_MV0203": 0.6566616785651133,
  "P_POIMV_MV0101": -2.5034236596286576,
  "Q_POIMV_MV0101": 0.36686840702270246,
  "U_POIMV": 0.9906147583585337,
  "I_POIMV_MV0101": 2.5541336957617595,
  "P_POIMV_MV0201": -1.9230244057096015,
  "Q_POIMV_MV0201": 0.21882955432975723,
  "I_POIMV_MV0201": 1.9537717751166153,
  "P_POI_POIMV": -4.426448065337993,
  "Q_POI_POIMV": 0.8496657316873384,
  "U_POI": 1.0,
  "I_POI_POIMV": 4.507257961414927
}