{
  "P_LV0101": 0.029969314694851684,
  "Q_LV0101": -0.005011933174224343,
  "U_LV0101": 0.9997934532549404,
  "I_LV0101_MV0101": 0.030391788206257916,
  "P_LV0102": 0.07469262295081967,
  "Q_LV0102": -0.005071721311475409,
  "U_LV0102": 0.9996739873867487,
  "I_LV0102_MV0102": 0.025417140726567762,
  "P_LV0103": 0.020344234079173837,
  "Q_LV0103": -0.005266781411359724,
  "U_LV0103": 0.9995341987296952,
  "I_LV0103_MV0103": 0.021024712551444343,
  "P_LV0201": 0.026774847870182552,
  "Q_LV0201": -0.00486815415821501,
  "U_LV0201": 0.9997750578885557,
  "I_LV0201_MV0201": 0.027219931608403268,
  "P_LV0202": 0.02534142640364188,
  "Q_LV0202": -0.004855842185128983,
  "U_LV0202": 0.9997686310645244,
  "I_LV0202_MV0202": 0.0258084339195718,
  "P_LV0203": 0.02526315789473684,
  "Q_LV0203": -0.004962406015037594,
  "U_LV0203": 0.9997670322464667,
  "I_LV0203_MV0203": 0.025751923392372204,
  "P_POIMV_MV0101": -0.07515136870771173,
  "Q_POIMV_MV0101": 0.01435994595184211,
  "U_POIMV": 0.9996434892477779,
  "I_POIMV_MV0101": 0.07653830728459943,
  "P_POIMV_MV0201": -0.0773131808592214,
  "Q_POIMV_MV0201": 0.01342442630248678,
  "I_POIMV_MV0201": 0.07849799975663488,
  "P_POI_POIMV": -0.15246455241445558,
  "Q_POI_POIMV": 0.027531417390934843,
  "U_POI": 1.0,
  "I_POI_POIMV": 0.15493036721861256
}