{
  "P_LV0101": 0.01104670985339243,
  "Q_LV0101": -0.0032730992158199793,
  "U_LV0101": 0.9996444520475175,
  "I_LV0101_MV0101": 0.01152551167538411,
  "P_LV0102": 0.03965163934426229,
  "Q_LV0102": -0.0033811475409836066,
  "U_LV0102": 0.9997062272710692,
  "I_LV0102_MV0102": 0.01364684161554698,
  "P_LV0103": 0.015180722891566264,
  "Q_LV0103": -0.0033046471600688466,
  "U_LV0103": 0.9997799954786464,
  "I_LV0103_MV0103": 0.0155396679859162,
  "P_LV0201": 0.012322515212981743,
  "Q_LV0201": -0.003346855983772819,
  "U_LV0201": 0.9996909105677058,
  "I_LV0201_MV0201": 0.012772887817728496,
  "P_LV0202": 0.012746585735963581,
  "Q_LV0202": -0.003338391502276176,
  "U_LV0202": 0.999718589747359,
  "I_LV0202_MV0202": 0.013180214827770204,
  "P_LV0203": 0.012481203007518798,
  "Q_LV0203": -0.0033082706766917294,
  "U_LV0203": 0.999722730934376,
  "I_LV0203_MV0203": 0.01291578786502511,
  "P_POIMV_MV0101": -0.03942775263865655,
  "Q_POIMV_MV0101": 0.00876484790533712,
  "U_POIMV": 0.9997818927504335,
  "I_POIMV_MV0101": 0.0403990358446082,
  "P_POIMV_MV0201": -0.037534180721592675,
  "Q_POIMV_MV0201": 0.008509223276839893,
  "I_POIMV_MV0201": 0.03849503792706409,
  "P_POI_POIMV": -0.07696193356481806,
  "Q_POI_POIMV": 0.016789207293184696,
  "U_POI": 1.0,
  "I_POI_POIMV": 0.07877192837279659
}