{
  "P_LV0101": 0.3,
  "Q_LV0101": -0.0041936583702693484,
  "U_LV0101": 1.005612536612927,
  "I_LV0101_MV0101": 0.2983547827420288,
  "P_LV0102": 0.8976946721311474,
  "Q_LV0102": -0.004149590163934426,
  "U_LV0102": 1.00599919790906,
  "I_LV0102_MV0102": 0.2974757125547499,
  "P_LV0103": 0.2998967297762478,
  "Q_LV0103": -0.004234079173838209,
  "U_LV0103": 1.0062007425879989,
  "I_LV0103_MV0103": 0.2980783107836557,
  "P_LV0201": 0.3,
  "Q_LV0201": -0.004107505070993915,
  "U_LV0201": 1.0062209962073687,
  "I_LV0201_MV0201": 0.2981731838067315,
  "P_LV0202": 0.29969650986342944,
  "Q_LV0202": -0.00409711684370258,
  "U_LV0202": 1.0066133594119846,
  "I_LV0202_MV0202": 0.29775535105660866,
  "P_LV0203": 0.3,
  "Q_LV0203": -0.00406015037593985,
  "U_LV0203": 1.0068238734989787,
  "I_LV0203_MV0203": 0.29799400013295324,
  "P_POIMV_MV0101": -0.8911417928943879,
  "Q_POIMV_MV0101": 0.04869841210621606,
  "U_POIMV": 0.9984699304036427,
  "I_POIMV_MV0101": 0.8938390530839282,
  "P_POIMV_MV0201": -0.8911526843729144,
  "Q_POIMV_MV0201": 0.048480002669274797,
  "I_POIMV_MV0201": 0.8938380358861339,
  "P_POI_POIMV": -1.782294477553293,
  "Q_POI_POIMV": 0.1382246523770584,
  "U_POI": 1.0,
  "I_POI_POIMV": 1.7876464021840908
}