{
  "P_LV0101": 0.2500852369587453,
  "Q_LV0101": -0.012990112512785541,
  "U_LV0101": 1.0029450934008441,
  "I_LV0101_MV0101": 0.24968702910590795,
  "P_LV0102": 0.7307889344262295,
  "Q_LV0102": -0.013063524590163933,
  "U_LV0102": 1.0030988109350618,
  "I_LV0102_MV0102": 0.24319273546627204,
  "P_LV0103": 0.23597246127366608,
  "Q_LV0103": -0.013115318416523235,
  "U_LV0103": 1.0030700527299738,
  "I_LV0103_MV0103": 0.23561330879087922,
  "P_LV0201": 0.24568965517241376,
  "Q_LV0201": -0.012931034482758619,
  "U_LV0201": 1.003334402646309,
  "I_LV0201_MV0201": 0.24521207443554546,
  "P_LV0202": 0.24537177541729893,
  "Q_LV0202": -0.012898330804248861,
  "U_LV0202": 1.0036508798195714,
  "I_LV0202_MV0202": 0.2448167549359883,
  "P_LV0203": 0.24511278195488723,
  "Q_LV0203": -0.012781954887218045,
  "U_LV0203": 1.003820595326233,
  "I_LV0203_MV0203": 0.24451164747127033,
  "P_POIMV_MV0101": -0.7243539417396672,
  "Q_POIMV_MV0101": 0.062741940528938,
  "U_POIMV": 0.998192795406634,
  "I_POIMV_MV0101": 0.728382484479472,
  "P_POIMV_MV0201": -0.7304058093407446,
  "Q_POIMV_MV0201": 0.06256005455056729,
  "I_POIMV_MV0201": 0.7344073063385479,
  "P_POI_POIMV": -1.454759751138861,
  "Q_POI_POIMV": 0.15259766431359498,
  "U_POI": 1.0,
  "I_POI_POIMV": 1.4627412555498547
}