{
  "P_LV0101": 0.3178997613365155,
  "Q_LV0101": -0.010801227412205931,
  "U_LV0101": 1.0043812937132168,
  "I_LV0101_MV0101": 0.3166956674566055,
  "P_LV0102": 0.969344262295082,
  "Q_LV0102": -0.010881147540983608,
  "U_LV0102": 1.0049063594777436,
  "I_LV0102_MV0102": 0.321719446637695,
  "P_LV0103": 0.3279036144578313,
  "Q_LV0103": -0.010905335628227195,
  "U_LV0103": 1.005218634551918,
  "I_LV0103_MV0103": 0.32638164132889946,
  "P_LV0201": 0.3211156186612576,
  "Q_LV0201": -0.010770791075050709,
  "U_LV0201": 1.0050841956651904,
  "I_LV0201_MV0201": 0.3196709341309227,
  "P_LV0202": 0.3223065250379363,
  "Q_LV0202": -0.010743550834597874,
  "U_LV0202": 1.0055345701231309,
  "I_LV0202_MV0202": 0.32071053959274937,
  "P_LV0203": 0.323187969924812,
  "Q_LV0203": -0.010646616541353383,
  "U_LV0203": 1.0057776250115238,
  "I_LV0203_MV0203": 0.32150574582845987,
  "P_POIMV_MV0101": -0.9596065838995527,
  "Q_POIMV_MV0101": 0.07488723445319123,
  "U_POIMV": 0.9977471276645336,
  "I_POIMV_MV0101": 0.9646975706822316,
  "P_POIMV_MV0201": -0.9567163306289103,
  "Q_POIMV_MV0201": 0.07434103305445783,
  "I_POIMV_MV0201": 0.9617670335115547,
  "P_POI_POIMV": -1.916322915053455,
  "Q_POI_POIMV": 0.19698648771200394,
  "U_POI": 1.0,
  "I_POI_POIMV": 1.9264208239894218
}