{
  "P_LV0101": 0.28660075008523694,
  "Q_LV0101": -0.007159904534606205,
  "U_LV0101": 1.0047711735994722,
  "I_LV0101_MV0101": 0.28532881775527597,
  "P_LV0102": 0.8506659836065573,
  "Q_LV0102": -0.0072233606557377044,
  "U_LV0102": 1.0050670730881217,
  "I_LV0102_MV0102": 0.28221730213596313,
  "P_LV0103": 0.2801721170395869,
  "Q_LV0103": -0.007228915662650602,
  "U_LV0103": 1.0051762856039395,
  "I_LV0103_MV0103": 0.2788220978740452,
  "P_LV0201": 0.2872210953346856,
  "Q_LV0201": -0.007150101419878295,
  "U_LV0201": 1.0053570884561518,
  "I_LV0201_MV0201": 0.2857791350240404,
  "P_LV0202": 0.28619119878603944,
  "Q_LV0202": -0.007132018209408194,
  "U_LV0202": 1.0057151171121073,
  "I_LV0202_MV0202": 0.28465322511361213,
  "P_LV0203": 0.28751879699248123,
  "Q_LV0203": -0.007067669172932331,
  "U_LV0203": 1.0059427034317214,
  "I_LV0203_MV0203": 0.28590659308510114,
  "P_POIMV_MV0101": -0.8431715996659549,
  "Q_POIMV_MV0101": 0.05386267068565011,
  "U_POIMV": 0.9983498704633723,
  "I_POIMV_MV0101": 0.8462867322786399,
  "P_POIMV_MV0201": -0.8530905418425216,
  "Q_POIMV_MV0201": 0.05445648137371908,
  "I_POIMV_MV0201": 0.856239778461998,
  "P_POI_POIMV": -1.6962621417021058,
  "Q_POI_POIMV": 0.1454956630061127,
  "U_POI": 1.0,
  "I_POI_POIMV": 1.702490599482242
}