{
  "P_LV0101": 0.18360040913740194,
  "Q_LV0101": -0.015342652574156151,
  "U_LV0101": 1.0011520472136544,
  "I_LV0101_MV0101": 0.18402834243925428,
  "P_LV0102": 0.5717213114754098,
  "Q_LV0102": -0.015368852459016393,
  "U_LV0102": 1.0015657410980499,
  "I_LV0102_MV0102": 0.19089358801591547,
  "P_LV0103": 0.19776247848537004,
  "Q_LV0103": -0.01559380378657487,
  "U_LV0103": 1.0018332549397906,
  "I_LV0103_MV0103": 0.19801331181512122,
  "P_LV0201": 0.18909736308316427,
  "Q_LV0201": -0.015212981744421905,
  "U_LV0201": 1.0016673690921014,
  "I_LV0201_MV0201": 0.18939253501124584,
  "P_LV0202": 0.18937784522003034,
  "Q_LV0202": -0.015174506828528073,
  "U_LV0202": 1.001923750395763,
  "I_LV0202_MV0202": 0.18962004385912692,
  "P_LV0203": 0.19022556390977444,
  "Q_LV0203": -0.015037593984962405,
  "U_LV0203": 1.002085492485457,
  "I_LV0203_MV0203": 0.19042188611695288,
  "P_POIMV_MV0101": -0.5686474569607315,
  "Q_POIMV_MV0101": 0.06041313346515715,
  "U_POIMV": 0.9983379633362025,
  "I_POIMV_MV0101": 0.5727996134139749,
  "P_POIMV_MV0201": -0.5652335863569546,
  "Q_POIMV_MV0201": 0.05919841199774305,
  "I_POIMV_MV0201": 0.5692712847964498,
  "P_POI_POIMV": -1.1338810433262958,
  "Q_POI_POIMV": 0.13602916224133438,
  "U_POI": 1.0,
  "I_POI_POIMV": 1.1420114506408454
}