{
  "P_LV0101": 0.29789294237981584,
  "Q_LV0101": -0.013256051824070915,
  "U_LV0101": 1.0035731608523903,
  "I_LV0101_MV0101": 0.2971260603754425,
  "P_LV0102": 0.9106967213114754,
  "Q_LV0102": -0.013278688524590165,
  "U_LV0102": 1.0040912076220625,
  "I_LV0102_MV0102": 0.3026177837086896,
  "P_LV0103": 0.30869535283993116,
  "Q_LV0103": -0.013383820998278829,
  "U_LV0103": 1.0043880794583533,
  "I_LV0103_MV0103": 0.30763542298702373,
  "P_LV0201": 0.3004868154158215,
  "Q_LV0201": -0.013144016227180528,
  "U_LV0201": 1.0042307254010743,
  "I_LV0201_MV0201": 0.2995070215377545,
  "P_LV0202": 0.3019119878603945,
  "Q_LV0202": -0.013110773899848254,
  "U_LV0202": 1.0046585081585349,
  "I_LV0202_MV0202": 0.30079526960451813,
  "P_LV0203": 0.30153383458646615,
  "Q_LV0203": -0.012992481203007517,
  "U_LV0203": 1.004862650793554,
  "I_LV0203_MV0203": 0.30035310239686613,
  "P_POIMV_MV0101": -0.9019163847234669,
  "Q_POIMV_MV0101": 0.07718927629226106,
  "U_POIMV": 0.9977326095872907,
  "I_POIMV_MV0101": 0.9072705641234982,
  "P_POIMV_MV0201": -0.8952589054936453,
  "Q_POIMV_MV0201": 0.07603653266073007,
  "I_POIMV_MV0201": 0.900523927156301,
  "P_POI_POIMV": -1.7971752905344471,
  "Q_POI_POIMV": 0.19521386675056948,
  "U_POI": 1.0,
  "I_POI_POIMV": 1.8077465194764675
}