{
  "P_LV0101": 0.06372315035799522,
  "Q_LV0101": -0.01104670985339243,
  "U_LV0101": 0.999378543205949,
  "I_LV0101_MV0101": 0.0647137793463815,
  "P_LV0102": 0.2120901639344262,
  "Q_LV0102": -0.011065573770491803,
  "U_LV0102": 0.9996531689988507,
  "I_LV0102_MV0102": 0.07158230964107153,
  "P_LV0103": 0.07827882960413081,
  "Q_LV0103": -0.011153184165232357,
  "U_LV0103": 0.9998892490260839,
  "I_LV0103_MV0103": 0.0790781495392155,
  "P_LV0201": 0.06769776876267748,
  "Q_LV0201": -0.010801217038539552,
  "U_LV0201": 0.9996425930667538,
  "I_LV0201_MV0201": 0.06857853428583767,
  "P_LV0202": 0.06904400606980274,
  "Q_LV0202": -0.010925644916540212,
  "U_LV0202": 0.9997458727332755,
  "I_LV0202_MV0202": 0.06992087667932001,
  "P_LV0203": 0.0681203007518797,
  "Q_LV0203": -0.010676691729323309,
  "U_LV0203": 0.9997983122545556,
  "I_LV0203_MV0203": 0.06896582846838342,
  "P_POIMV_MV0101": -0.2122300461842086,
  "Q_POIMV_MV0101": 0.034180478837195084,
  "U_POIMV": 0.999118617707498,
  "I_POIMV_MV0101": 0.2151545087303112,
  "P_POIMV_MV0201": -0.20440188072088006,
  "Q_POIMV_MV0201": 0.03288383113931829,
  "I_POIMV_MV0201": 0.2072127647842398,
  "P_POI_POIMV": -0.41663192690456596,
  "Q_POI_POIMV": 0.06882125752661923,
  "U_POI": 1.0,
  "I_POI_POIMV": 0.422277785354329
}