{
  "P_LV0101": 0.06188203204909648,
  "Q_LV0101": -0.008898738493010568,
  "U_LV0101": 0.9998033017101161,
  "I_LV0101_MV0101": 0.06253087924503287,
  "P_LV0102": 0.16045081967213112,
  "Q_LV0102": -0.008760245901639345,
  "U_LV0102": 0.9996592353788062,
  "I_LV0102_MV0102": 0.0542147613931757,
  "P_LV0103": 0.045129087779690186,
  "Q_LV0103": -0.009087779690189328,
  "U_LV0103": 0.9994168875528637,
  "I_LV0103_MV0103": 0.04606186532300658,
  "P_LV0201": 0.05674442190669371,
  "Q_LV0201": -0.008823529411764706,
  "U_LV0201": 0.9997817505071765,
  "I_LV0201_MV0201": 0.05743886784521505,
  "P_LV0202": 0.054628224582701064,
  "Q_LV0202": -0.008801213960546282,
  "U_LV0202": 0.9997957682433662,
  "I_LV0202_MV0202": 0.0553439685320823,
  "P_LV0203": 0.05398496240601504,
  "Q_LV0203": -0.008721804511278195,
  "U_LV0203": 0.9998230482254404,
  "I_LV0203_MV0203": 0.0546946458941045,
  "P_POIMV_MV0101": -0.16022784254749814,
  "Q_POIMV_MV0101": 0.026732817859264502,
  "U_POIMV": 0.9993097468806406,
  "I_POIMV_MV0101": 0.1625548248541809,
  "P_POIMV_MV0201": -0.1650580246690163,
  "Q_POIMV_MV0201": 0.026117753004131564,
  "I_POIMV_MV0201": 0.167227033993663,
  "P_POI_POIMV": -0.3252859231502022,
  "Q_POI_POIMV": 0.0537007917419926,
  "U_POI": 1.0,
  "I_POI_POIMV": 0.32968880301489784
}