{
  "P_LV0101": 0.25247869076031365,
  "Q_LV0101": -0.016324582338902147,
  "U_LV0101": 1.0021950768650052,
  "I_LV0101_MV0101": 0.25245174080785804,
  "P_LV0102": 0.7773565573770491,
  "Q_LV0102": -0.016413934426229508,
  "U_LV0102": 1.002671966501559,
  "I_LV0102_MV0102": 0.2589463080782631,
  "P_LV0103": 0.26631325301204817,
  "Q_LV0103": -0.016481927710843374,
  "U_LV0103": 1.0029961485913212,
  "I_LV0103_MV0103": 0.26602573999633755,
  "P_LV0201": 0.25594320486815414,
  "Q_LV0201": -0.016247464503042597,
  "U_LV0201": 1.0027758650685898,
  "I_LV0201_MV0201": 0.2557484636958026,
  "P_LV0202": 0.2552959028831563,
  "Q_LV0202": -0.01620637329286798,
  "U_LV0202": 1.0030967116456593,
  "I_LV0202_MV0202": 0.25502005841533404,
  "P_LV0203": 0.25587969924812026,
  "Q_LV0203": -0.016060150375939847,
  "U_LV0203": 1.0032953050777738,
  "I_LV0203_MV0203": 0.25554112121921624,
  "P_POIMV_MV0101": -0.7718600487705017,
  "Q_POIMV_MV0101": 0.07625107837122157,
  "U_POIMV": 0.9978373292744267,
  "I_POIMV_MV0101": 0.7772983182590453,
  "P_POIMV_MV0201": -0.7608404581021758,
  "Q_POIMV_MV0201": 0.07471752700572071,
  "I_POIMV_MV0201": 0.766157378787518,
  "P_POI_POIMV": -1.5327005069628177,
  "Q_POI_POIMV": 0.1814218735631485,
  "U_POI": 1.0,
  "I_POI_POIMV": 1.5434003823542486
}