{
  "P_LV0101": 0.028966928060006815,
  "Q_LV0101": -0.006505284691442209,
  "U_LV0101": 0.9994415239527413,
  "I_LV0101_MV0101": 0.029704997572973797,
  "P_LV0102": 0.10401639344262296,
  "Q_LV0102": -0.0066393442622950825,
  "U_LV0102": 0.999624060034007,
  "I_LV0102_MV0102": 0.03531536537044752,
  "P_LV0103": 0.04039931153184165,
  "Q_LV0103": -0.006567986230636833,
  "U_LV0103": 0.9998138675712395,
  "I_LV0103_MV0103": 0.04093734895270009,
  "P_LV0201": 0.03231237322515213,
  "Q_LV0201": -0.006572008113590264,
  "U_LV0201": 0.999580940801328,
  "I_LV0201_MV0201": 0.032987763144208405,
  "P_LV0202": 0.03314112291350531,
  "Q_LV0202": -0.006373292867981791,
  "U_LV0202": 0.9996710852175702,
  "I_LV0202_MV0202": 0.033759479064848746,
  "P_LV0203": 0.03266165413533834,
  "Q_LV0203": -0.006496240601503759,
  "U_LV0203": 0.9996607304682715,
  "I_LV0203_MV0203": 0.03331272425822279,
  "P_POIMV_MV0101": -0.10392356510651758,
  "Q_POIMV_MV0101": 0.018975053370989918,
  "U_POIMV": 0.999517541043098,
  "I_POIMV_MV0101": 0.10569265098091873,
  "P_POIMV_MV0201": -0.09800813645914888,
  "Q_POIMV_MV0201": 0.018359669453612244,
  "I_POIMV_MV0201": 0.09976108000952225,
  "P_POI_POIMV": -0.2019317103329281,
  "Q_POI_POIMV": 0.03731844794644544,
  "U_POI": 1.0,
  "I_POI_POIMV": 0.20535111929354838
}