{
  "P_LV0101": 0.0745652915103989,
  "Q_LV0101": -0.009921581997954312,
  "U_LV0101": 0.9999022667596068,
  "I_LV0101_MV0101": 0.07522982574137468,
  "P_LV0102": 0.19687500000000002,
  "Q_LV0102": -0.009989754098360655,
  "U_LV0102": 0.9997320658190467,
  "I_LV0102_MV0102": 0.06639878034137746,
  "P_LV0103": 0.05607573149741824,
  "Q_LV0103": -0.010120481927710843,
  "U_LV0103": 0.9994943542816149,
  "I_LV0103_MV0103": 0.05701050678343861,
  "P_LV0201": 0.06891480730223123,
  "Q_LV0201": -0.00988843813387424,
  "U_LV0201": 0.9998873774866087,
  "I_LV0201_MV0201": 0.06962846995676374,
  "P_LV0202": 0.0669195751138088,
  "Q_LV0202": -0.009863429438543247,
  "U_LV0202": 0.9999218076008054,
  "I_LV0202_MV0202": 0.06764785583374792,
  "P_LV0203": 0.06691729323308271,
  "Q_LV0203": -0.009774436090225564,
  "U_LV0203": 0.9999759141880867,
  "I_LV0203_MV0203": 0.06762901783745426,
  "P_POIMV_MV0101": -0.19586948930366455,
  "Q_POIMV_MV0101": 0.030628040187594543,
  "U_POIMV": 0.9992044136334838,
  "I_POIMV_MV0101": 0.19840752544383541,
  "P_POIMV_MV0201": -0.20230311717763405,
  "Q_POIMV_MV0201": 0.029956387398405282,
  "I_POIMV_MV0201": 0.20467184705170624,
  "P_POI_POIMV": -0.3981726064816227,
  "Q_POI_POIMV": 0.06213403246873079,
  "U_POI": 1.0,
  "I_POI_POIMV": 0.4029913926415731
}