{
  "P_LV0101": 0.11304466416638254,
  "Q_LV0101": -0.016570064780088645,
  "U_LV0101": 0.9993664119544282,
  "I_LV0101_MV0101": 0.11432506359926176,
  "P_LV0102": 0.36571721311475414,
  "Q_LV0102": -0.016598360655737707,
  "U_LV0102": 0.999746937236103,
  "I_LV0102_MV0102": 0.12306168513086607,
  "P_LV0103": 0.13222719449225473,
  "Q_LV0103": -0.016853700516351117,
  "U_LV0103": 1.0000547564164342,
  "I_LV0103_MV0103": 0.13328965643145635,
  "P_LV0201": 0.11811359026369168,
  "Q_LV0201": -0.01643002028397566,
  "U_LV0201": 0.9997351180303617,
  "I_LV0201_MV0201": 0.11928244805817483,
  "P_LV0202": 0.12,
  "Q_LV0202": -0.01638846737481032,
  "U_LV0202": 0.9999381933102273,
  "I_LV0202_MV0202": 0.1211214071251993,
  "P_LV0203": 0.1192781954887218,
  "Q_LV0203": -0.0162406015037594,
  "U_LV0203": 1.0000148724731146,
  "I_LV0203_MV0203": 0.12037696636195368,
  "P_POIMV_MV0101": -0.36579436935131365,
  "Q_POIMV_MV0101": 0.05520987915096391,
  "U_POIMV": 0.9985434358817828,
  "I_POIMV_MV0101": 0.3704769849442502,
  "P_POIMV_MV0201": -0.3559998785553731,
  "Q_POIMV_MV0201": 0.05365870099893082,
  "I_POIMV_MV0201": 0.3605462271424888,
  "P_POI_POIMV": -0.7217942479070893,
  "Q_POI_POIMV": 0.11526098918557968,
  "U_POI": 1.0,
  "I_POI_POIMV": 0.7309391438004937
}