{
  "P_LV0101": 0.2590862598022502,
  "Q_LV0101": -0.009921581997954312,
  "U_LV0101": 1.0037020744565233,
  "I_LV0101_MV0101": 0.2583198419972312,
  "P_LV0102": 0.7934938524590165,
  "Q_LV0102": -0.009989754098360655,
  "U_LV0102": 1.0041642087986498,
  "I_LV0102_MV0102": 0.2635888946146698,
  "P_LV0103": 0.2689156626506024,
  "Q_LV0103": -0.010017211703958692,
  "U_LV0103": 1.0044356436861726,
  "I_LV0103_MV0103": 0.267913800319703,
  "P_LV0201": 0.26227180527383365,
  "Q_LV0201": -0.00988843813387424,
  "U_LV0201": 1.0042949496779645,
  "I_LV0201_MV0201": 0.261335727258145,
  "P_LV0202": 0.2635811836115326,
  "Q_LV0202": -0.009863429438543247,
  "U_LV0202": 1.0046733905318006,
  "I_LV0202_MV0202": 0.2625387219947072,
  "P_LV0203": 0.2633082706766917,
  "Q_LV0203": -0.009774436090225564,
  "U_LV0203": 1.0048522323072318,
  "I_LV0203_MV0203": 0.2622172905959338,
  "P_POIMV_MV0101": -0.7862581592666286,
  "Q_POIMV_MV0101": 0.0578595408560144,
  "U_POIMV": 0.998297514815551,
  "I_POIMV_MV0101": 0.7897286840525403,
  "P_POIMV_MV0201": -0.7825537049196082,
  "Q_POIMV_MV0201": 0.05718044711281448,
  "I_POIMV_MV0201": 0.7859781001497638,
  "P_POI_POIMV": -1.5688118642910351,
  "Q_POI_POIMV": 0.14680311497917142,
  "U_POI": 1.0,
  "I_POI_POIMV": 1.5756655165700302
}