{
  "P_LV0101": 0.015444936924650526,
  "Q_LV0101": -0.0034776679168087277,
  "U_LV0101": 0.9997294839120588,
  "I_LV0101_MV0101": 0.01583590566467555,
  "P_LV0102": 0.0391905737704918,
  "Q_LV0102": -0.0033811475409836066,
  "U_LV0102": 0.9996914187233756,
  "I_LV0102_MV0102": 0.013498157718335145,
  "P_LV0103": 0.011153184165232357,
  "Q_LV0103": -0.0035111876075731496,
  "U_LV0103": 0.9996269658397318,
  "I_LV0103_MV0103": 0.011697179800585175,
  "P_LV0201": 0.013995943204868152,
  "Q_LV0201": -0.003498985801217038,
  "U_LV0201": 0.9997111634601953,
  "I_LV0201_MV0201": 0.014430856143243872,
  "P_LV0202": 0.013353566009104704,
  "Q_LV0202": -0.0034901365705614566,
  "U_LV0202": 0.9997103862762525,
  "I_LV0202_MV0202": 0.01380612788151438,
  "P_LV0203": 0.013082706766917293,
  "Q_LV0203": -0.003157894736842105,
  "U_LV0203": 0.9997568618840784,
  "I_LV0203_MV0203": 0.013461709603931785,
  "P_POIMV_MV0101": -0.039644711746829375,
  "Q_POIMV_MV0101": 0.009177120778089637,
  "U_POIMV": 0.9997743403480932,
  "I_POIMV_MV0101": 0.0407022151509972,
  "P_POIMV_MV0201": -0.0404136792389557,
  "Q_POIMV_MV0201": 0.008673542514183275,
  "I_POIMV_MV0201": 0.04134328418974296,
  "P_POI_POIMV": -0.08005839122470537,
  "Q_POI_POIMV": 0.01737239820918571,
  "U_POI": 1.0,
  "I_POI_POIMV": 0.08192158583075954
}