{
  "P_LV0101": 0.03596317763382202,
  "Q_LV0101": -0.0060143198090692115,
  "U_LV0101": 0.999738693929395,
  "I_LV0101_MV0101": 0.03647214304134693,
  "P_LV0102": 0.08963114754098361,
  "Q_LV0102": -0.006086065573770492,
  "U_LV0102": 0.9995958912650845,
  "I_LV0102_MV0102": 0.030502951418319595,
  "P_LV0103": 0.024413080895008606,
  "Q_LV0103": -0.0063201376936316694,
  "U_LV0103": 0.9994285850782816,
  "I_LV0103_MV0103": 0.025232320803919697,
  "P_LV0201": 0.03212981744421906,
  "Q_LV0201": -0.005841784989858012,
  "U_LV0201": 0.9997168536231685,
  "I_LV0201_MV0201": 0.032665819305018606,
  "P_LV0202": 0.030409711684370257,
  "Q_LV0202": -0.00582701062215478,
  "U_LV0202": 0.9997092136955148,
  "I_LV0202_MV0202": 0.030971961090375665,
  "P_LV0203": 0.03031578947368421,
  "Q_LV0203": -0.005954887218045112,
  "U_LV0203": 0.9997072617082339,
  "I_LV0203_MV0203": 0.030904155352537002,
  "P_POIMV_MV0101": -0.0901672898605199,
  "Q_POIMV_MV0101": 0.017554361484665236,
  "U_POIMV": 0.9995610314792002,
  "I_POIMV_MV0101": 0.09190053830753836,
  "P_POIMV_MV0201": -0.09275989155421914,
  "Q_POIMV_MV0201": 0.01649107544408347,
  "I_POIMV_MV0201": 0.09425577469756491,
  "P_POI_POIMV": -0.18292718736115826,
  "Q_POI_POIMV": 0.033930732259211255,
  "U_POI": 1.0,
  "I_POI_POIMV": 0.18604744144306468
}