{
  "P_LV0101": 0.14933515172178655,
  "Q_LV0101": -0.01575178997613365,
  "U_LV0101": 1.0003563784517733,
  "I_LV0101_MV0101": 0.1501101028693218,
  "P_LV0102": 0.4675204918032787,
  "Q_LV0102": -0.015829918032786886,
  "U_LV0102": 1.000710586066609,
  "I_LV0102_MV0102": 0.1565308570143722,
  "P_LV0103": 0.16450946643717726,
  "Q_LV0103": -0.015903614457831325,
  "U_LV0103": 1.0010182152335463,
  "I_LV0103_MV0103": 0.16510828756419998,
  "P_LV0201": 0.15532454361054765,
  "Q_LV0201": -0.015669371196754562,
  "U_LV0201": 1.0008131970737537,
  "I_LV0201_MV0201": 0.15598607018399052,
  "P_LV0202": 0.15553869499241274,
  "Q_LV0202": -0.015477996965098634,
  "U_LV0202": 1.0010439472626158,
  "I_LV0202_MV0202": 0.15614391651323317,
  "P_LV0203": 0.1562406015037594,
  "Q_LV0203": -0.015488721804511277,
  "U_LV0203": 1.0011593398814866,
  "I_LV0203_MV0203": 0.15682463923361514,
  "P_POIMV_MV0101": -0.4674524167136491,
  "Q_POIMV_MV0101": 0.056648127850295264,
  "U_POIMV": 0.9984712557329435,
  "I_POIMV_MV0101": 0.47159329797791827,
  "P_POIMV_MV0201": -0.4647523758828439,
  "Q_POIMV_MV0201": 0.05547766090339629,
  "I_POIMV_MV0201": 0.4687684851029936,
  "P_POI_POIMV": -0.9322047925975908,
  "Q_POI_POIMV": 0.12307402100493274,
  "U_POI": 1.0,
  "I_POI_POIMV": 0.9402940976036381
}