{
  "P_LV0101": 0.31605864302761677,
  "Q_LV0101": -0.013501534265257414,
  "U_LV0101": 1.0038553125613126,
  "I_LV0101_MV0101": 0.3151319616765607,
  "P_LV0102": 0.926188524590164,
  "Q_LV0102": -0.013463114754098362,
  "U_LV0102": 1.004099112090795,
  "I_LV0102_MV0102": 0.3077613710266205,
  "P_LV0103": 0.3012598967297762,
  "Q_LV0103": -0.013631669535283992,
  "U_LV0103": 1.0041095062413778,
  "I_LV0103_MV0103": 0.30033392372946216,
  "P_LV0201": 0.3119878296146045,
  "Q_LV0201": -0.01332657200811359,
  "U_LV0201": 1.0044015733667602,
  "I_LV0201_MV0201": 0.31090385631385203,
  "P_LV0202": 0.31138088012139603,
  "Q_LV0202": -0.013292867981790591,
  "U_LV0202": 1.0047973339029321,
  "I_LV0202_MV0202": 0.3101764675729789,
  "P_LV0203": 0.3109172932330827,
  "Q_LV0203": -0.013172932330827067,
  "U_LV0203": 1.005005885044993,
  "I_LV0203_MV0203": 0.30964617017656426,
  "P_POIMV_MV0101": -0.9175352497798425,
  "Q_POIMV_MV0101": 0.07922139740211949,
  "U_POIMV": 0.9976507277233999,
  "I_POIMV_MV0101": 0.9231176023592184,
  "P_POIMV_MV0201": -0.9250249247570059,
  "Q_POIMV_MV0201": 0.07918379790296186,
  "I_POIMV_MV0201": 0.9305940954764838,
  "P_POI_POIMV": -1.8425601749249372,
  "Q_POI_POIMV": 0.20258241013548128,
  "U_POI": 1.0,
  "I_POI_POIMV": 1.8536633003638268
}