{
  "P_LV0101": 0.25366518922604836,
  "Q_LV0101": -0.012376406409819296,
  "U_LV0101": 1.0031325745394903,
  "I_LV0101_MV0101": 0.25317384824036643,
  "P_LV0102": 0.7450819672131147,
  "Q_LV0102": -0.012448770491803278,
  "U_LV0102": 1.003320675454878,
  "I_LV0102_MV0102": 0.24784942214227412,
  "P_LV0103": 0.24072289156626506,
  "Q_LV0103": -0.012495697074010326,
  "U_LV0103": 1.0032963945296731,
  "I_LV0103_MV0103": 0.24025501795748452,
  "P_LV0201": 0.2508620689655172,
  "Q_LV0201": -0.012322515212981743,
  "U_LV0201": 1.003568730260648,
  "I_LV0201_MV0201": 0.2502713807406593,
  "P_LV0202": 0.24977238239757207,
  "Q_LV0202": -0.012291350531107739,
  "U_LV0202": 1.0038743061294786,
  "I_LV0202_MV0202": 0.24910950300591736,
  "P_LV0203": 0.2503759398496241,
  "Q_LV0203": -0.012180451127819548,
  "U_LV0203": 1.0040665919084353,
  "I_LV0203_MV0203": 0.2496567937090313,
  "P_POIMV_MV0101": -0.7372607294669505,
  "Q_POIMV_MV0101": 0.061771410655375204,
  "U_POIMV": 0.9982090537190943,
  "I_POIMV_MV0101": 0.7411713616349302,
  "P_POIMV_MV0201": -0.7450120619716691,
  "Q_POIMV_MV0201": 0.06175955618970431,
  "I_POIMV_MV0201": 0.7489087876510738,
  "P_POI_POIMV": -1.4822727915063885,
  "Q_POI_POIMV": 0.15187592690066504,
  "U_POI": 1.0,
  "I_POI_POIMV": 1.4900331961443265
}