{
  "P_LV0101": 0.0473781111489942,
  "Q_LV0101": -0.007364473235594953,
  "U_LV0101": 0.9997523891273037,
  "I_LV0101_MV0101": 0.04795893620840288,
  "P_LV0102": 0.11895491803278688,
  "Q_LV0102": -0.007377049180327869,
  "U_LV0102": 0.9995863545943866,
  "I_LV0102_MV0102": 0.040348726641173185,
  "P_LV0103": 0.03283993115318416,
  "Q_LV0103": -0.0075593803786574865,
  "U_LV0103": 0.9993960081134119,
  "I_LV0103_MV0103": 0.03371910726486172,
  "P_LV0201": 0.04271805273833671,
  "Q_LV0201": -0.007302231237322515,
  "U_LV0201": 0.9997139474654623,
  "I_LV0201_MV0201": 0.04335007961904423,
  "P_LV0202": 0.04078907435508346,
  "Q_LV0202": -0.0072837632776934745,
  "U_LV0202": 0.9997145524960516,
  "I_LV0202_MV0202": 0.04144613590863064,
  "P_LV0203": 0.04060150375939849,
  "Q_LV0203": -0.007218045112781954,
  "U_LV0203": 0.9997435282709537,
  "I_LV0203_MV0203": 0.04124869439197905,
  "P_POIMV_MV0101": -0.11971921903565219,
  "Q_POIMV_MV0101": 0.021738900331356312,
  "U_POIMV": 0.9994455191403832,
  "I_POIMV_MV0101": 0.12174441810128905,
  "P_POIMV_MV0201": -0.12393897030310665,
  "Q_POIMV_MV0201": 0.021000144733186125,
  "I_POIMV_MV0201": 0.12577524676202795,
  "P_POI_POIMV": -0.2436582075550239,
  "Q_POI_POIMV": 0.04297086445328566,
  "U_POI": 1.0,
  "I_POI_POIMV": 0.24741830429616513
}