{
  "P_LV0101": 0.10531196726900784,
  "Q_LV0101": -0.0157108762359359,
  "U_LV0101": 0.9993785426590601,
  "I_LV0101_MV0101": 0.1065436375489077,
  "P_LV0102": 0.3430327868852459,
  "Q_LV0102": -0.01567622950819672,
  "U_LV0102": 0.9997639071710902,
  "I_LV0102_MV0102": 0.1154410949353382,
  "P_LV0103": 0.12417211703958692,
  "Q_LV0103": -0.015862306368330463,
  "U_LV0103": 1.000065473382969,
  "I_LV0103_MV0103": 0.12517298285263112,
  "P_LV0201": 0.1100811359026369,
  "Q_LV0201": -0.015517241379310345,
  "U_LV0201": 0.9997333675877836,
  "I_LV0201_MV0201": 0.11119907520779762,
  "P_LV0202": 0.11216995447647951,
  "Q_LV0202": -0.015477996965098634,
  "U_LV0202": 0.9999321307849883,
  "I_LV0202_MV0202": 0.11324048590261163,
  "P_LV0203": 0.1118796992481203,
  "Q_LV0203": -0.015338345864661653,
  "U_LV0203": 1.000013986321351,
  "I_LV0203_MV0203": 0.11292464411620112,
  "P_POIMV_MV0101": -0.34261441477314925,
  "Q_POIMV_MV0101": 0.051645784364779325,
  "U_POIMV": 0.9986411625129936,
  "I_POIMV_MV0101": 0.34695655718807256,
  "P_POIMV_MV0201": -0.33291352755504583,
  "Q_POIMV_MV0201": 0.05016044583672473,
  "I_POIMV_MV0201": 0.33712928943086384,
  "P_POI_POIMV": -0.675527942327914,
  "Q_POI_POIMV": 0.10733376976228441,
  "U_POI": 1.0,
  "I_POI_POIMV": 0.6840018559895642
}