{
  "P_LV0101": 0.19393112853733377,
  "Q_LV0101": -0.014626662120695532,
  "U_LV0101": 1.0015075166210488,
  "I_LV0101_MV0101": 0.19418918853504968,
  "P_LV0102": 0.6021516393442623,
  "Q_LV0102": -0.014754098360655736,
  "U_LV0102": 1.0019154199194507,
  "I_LV0102_MV0102": 0.20087398850187377,
  "P_LV0103": 0.20819277108433734,
  "Q_LV0103": -0.01487091222030981,
  "U_LV0103": 1.0022104752026055,
  "I_LV0103_MV0103": 0.20826283954448468,
  "P_LV0201": 0.19898580121703852,
  "Q_LV0201": -0.014604462474645028,
  "U_LV0201": 1.0020167458836575,
  "I_LV0201_MV0201": 0.1991194516487506,
  "P_LV0202": 0.20015174506828529,
  "Q_LV0202": -0.01456752655538695,
  "U_LV0202": 1.00230789061543,
  "I_LV0202_MV0202": 0.20021909095177245,
  "P_LV0203": 0.19969924812030077,
  "Q_LV0203": -0.014285714285714285,
  "U_LV0203": 1.0024653094580571,
  "I_LV0203_MV0203": 0.19971720382306507,
  "P_POIMV_MV0101": -0.5991942602612643,
  "Q_POIMV_MV0101": 0.06003262947370833,
  "U_POIMV": 0.9983353013568036,
  "I_POIMV_MV0101": 0.6031981967702327,
  "P_POIMV_MV0201": -0.5949995824930668,
  "Q_POIMV_MV0201": 0.058866875313900585,
  "I_POIMV_MV0201": 0.5989015081360785,
  "P_POI_POIMV": -1.194193842766211,
  "Q_POI_POIMV": 0.13714939982120267,
  "U_POI": 1.0,
  "I_POI_POIMV": 1.2020436314760152
}