{
  "P_LV0101": 0.11895669962495736,
  "Q_LV0101": -0.01483123082168428,
  "U_LV0101": 0.9998910380654147,
  "I_LV0101_MV0101": 0.11989075867428357,
  "P_LV0102": 0.3799180327868853,
  "Q_LV0102": -0.014754098360655736,
  "U_LV0102": 1.0002619045976913,
  "I_LV0102_MV0102": 0.12746252645626857,
  "P_LV0103": 0.1346643717728055,
  "Q_LV0103": -0.014974182444061962,
  "U_LV0103": 1.0005185432332642,
  "I_LV0103_MV0103": 0.13542412777890658,
  "P_LV0201": 0.12261663286004056,
  "Q_LV0201": -0.014756592292089248,
  "U_LV0201": 1.0002257118102247,
  "I_LV0201_MV0201": 0.12347353003180375,
  "P_LV0202": 0.12427921092564492,
  "Q_LV0202": -0.01456752655538695,
  "U_LV0202": 1.0004510406688258,
  "I_LV0202_MV0202": 0.12507365941032775,
  "P_LV0203": 0.1237593984962406,
  "Q_LV0203": -0.01443609022556391,
  "U_LV0203": 1.000534447916407,
  "I_LV0203_MV0203": 0.12453195705606959,
  "P_POIMV_MV0101": -0.37878846611954803,
  "Q_POIMV_MV0101": 0.050164788505937835,
  "U_POIMV": 0.9986696703317979,
  "I_POIMV_MV0101": 0.38260480058479207,
  "P_POIMV_MV0201": -0.3691668352858078,
  "Q_POIMV_MV0201": 0.048785904570971844,
  "I_POIMV_MV0201": 0.3728724882918839,
  "P_POI_POIMV": -0.7479553014059521,
  "Q_POI_POIMV": 0.10581642580454394,
  "U_POI": 1.0,
  "I_POI_POIMV": 0.7554033683214003
}