{
  "P_LV0101": 0.2842686668939652,
  "Q_LV0101": -0.014606205250596657,
  "U_LV0101": 1.0030751744409048,
  "I_LV0101_MV0101": 0.2837710199440679,
  "P_LV0102": 0.8719672131147541,
  "Q_LV0102": -0.014569672131147541,
  "U_LV0102": 1.0036019597976722,
  "I_LV0102_MV0102": 0.2899761923038662,
  "P_LV0103": 0.2975421686746988,
  "Q_LV0103": -0.01487091222030981,
  "U_LV0103": 1.0039034186215807,
  "I_LV0103_MV0103": 0.29675519512219145,
  "P_LV0201": 0.28679513184584177,
  "Q_LV0201": -0.014421906693711966,
  "U_LV0201": 1.003713951208088,
  "I_LV0201_MV0201": 0.28609497332481953,
  "P_LV0202": 0.2889833080424886,
  "Q_LV0202": -0.014385432473444612,
  "U_LV0202": 1.0041413128954653,
  "I_LV0202_MV0202": 0.28814782573367553,
  "P_LV0203": 0.28818045112781954,
  "Q_LV0203": -0.01425563909774436,
  "U_LV0203": 1.0043284730467539,
  "I_LV0203_MV0203": 0.2872893088846529,
  "P_POIMV_MV0101": -0.8648824116071185,
  "Q_POIMV_MV0101": 0.07825443094250403,
  "U_POIMV": 0.9977342928300496,
  "I_POIMV_MV0101": 0.8703874632172098,
  "P_POIMV_MV0201": -0.8560220198733661,
  "Q_POIMV_MV0201": 0.07659407762532175,
  "I_POIMV_MV0201": 0.8613935491109527,
  "P_POI_POIMV": -1.7209044317063091,
  "Q_POI_POIMV": 0.19333320906787255,
  "U_POI": 1.0,
  "I_POI_POIMV": 1.7317302886982417
}