{
  "P_LV0101": 0.15048073644732354,
  "Q_LV0101": -0.018042959427207635,
  "U_LV0101": 0.9998800837423734,
  "I_LV0101_MV0101": 0.15157674746029998,
  "P_LV0102": 0.4791393442622951,
  "Q_LV0102": -0.018073770491803278,
  "U_LV0102": 1.00031153290401,
  "I_LV0102_MV0102": 0.16068245347660834,
  "P_LV0103": 0.1691566265060241,
  "Q_LV0103": -0.01821686746987952,
  "U_LV0103": 1.0006298250697947,
  "I_LV0103_MV0103": 0.17002761941715877,
  "P_LV0201": 0.15645030425963488,
  "Q_LV0201": -0.01789046653144016,
  "U_LV0201": 1.0003445213439308,
  "I_LV0201_MV0201": 0.1574156577049711,
  "P_LV0202": 0.15769347496206373,
  "Q_LV0202": -0.017663125948406674,
  "U_LV0202": 1.000605960245896,
  "I_LV0202_MV0202": 0.15858351291243167,
  "P_LV0203": 0.15753383458646616,
  "Q_LV0203": -0.01768421052631579,
  "U_LV0203": 1.0006985518049285,
  "I_LV0203_MV0203": 0.1584126522215399,
  "P_POIMV_MV0101": -0.4770146792546493,
  "Q_POIMV_MV0101": 0.06397614288060703,
  "U_POIMV": 0.9982838304285139,
  "I_POIMV_MV0101": 0.48211311492889136,
  "P_POIMV_MV0201": -0.4692709978529699,
  "Q_POIMV_MV0201": 0.0623234106136982,
  "I_POIMV_MV0201": 0.474205279349088,
  "P_POI_POIMV": -0.9462856771095084,
  "Q_POI_POIMV": 0.1376418630940965,
  "U_POI": 1.0,
  "I_POI_POIMV": 0.9562436222943476
}