{
  "P_LV0101": 0.1518308898738493,
  "Q_LV0101": -0.017061029662461643,
  "U_LV0101": 1.0001859308293368,
  "I_LV0101_MV0101": 0.15275804282330221,
  "P_LV0102": 0.42104508196721313,
  "Q_LV0102": -0.0169672131147541,
  "U_LV0102": 1.000080923972279,
  "I_LV0102_MV0102": 0.1413588144837376,
  "P_LV0103": 0.12665060240963855,
  "Q_LV0103": -0.017225473321858864,
  "U_LV0103": 0.9997799367467854,
  "I_LV0103_MV0103": 0.1278447683064116,
  "P_LV0201": 0.14494929006085192,
  "Q_LV0201": -0.016795131845841783,
  "U_LV0201": 1.0003272140508859,
  "I_LV0201_MV0201": 0.14587133252218398,
  "P_LV0202": 0.14239757207890744,
  "Q_LV0202": -0.016752655538694993,
  "U_LV0202": 1.000449099387264,
  "I_LV0202_MV0202": 0.14331527313611997,
  "P_LV0203": 0.14201503759398496,
  "Q_LV0203": -0.016421052631578947,
  "U_LV0203": 1.0005753648970888,
  "I_LV0203_MV0203": 0.1428790524491246,
  "P_POIMV_MV0101": -0.4170487162255774,
  "Q_POIMV_MV0101": 0.058353934530646086,
  "U_POIMV": 0.998439245731378,
  "I_POIMV_MV0101": 0.42176968140791876,
  "P_POIMV_MV0201": -0.4273669203860649,
  "Q_POIMV_MV0201": 0.057239481794477555,
  "I_POIMV_MV0201": 0.43185709635697367,
  "P_POI_POIMV": -0.8444156366126103,
  "Q_POI_POIMV": 0.1245154983772865,
  "U_POI": 1.0,
  "I_POI_POIMV": 0.8535466458794293
}