{
  "P_LV0101": 0.030808046368905554,
  "Q_LV0101": -0.005523354926696215,
  "U_LV0101": 0.9997161518453285,
  "I_LV0101_MV0101": 0.0313081380978314,
  "P_LV0102": 0.07579918032786885,
  "Q_LV0102": -0.005348360655737705,
  "U_LV0102": 0.999617072494849,
  "I_LV0102_MV0102": 0.02583615080331867,
  "P_LV0103": 0.021067125645438896,
  "Q_LV0103": -0.005576592082616179,
  "U_LV0103": 0.999482741532438,
  "I_LV0103_MV0103": 0.021803986724838614,
  "P_LV0201": 0.02738336713995943,
  "Q_LV0201": -0.005294117647058823,
  "U_LV0201": 0.9997039508025367,
  "I_LV0201_MV0201": 0.02789869593884656,
  "P_LV0202": 0.026039453717754173,
  "Q_LV0202": -0.0052807283763277695,
  "U_LV0202": 0.9997005361904869,
  "I_LV0202_MV0202": 0.026577475719464994,
  "P_LV0203": 0.025624060150375938,
  "Q_LV0203": -0.005233082706766917,
  "U_LV0203": 0.9997113076865721,
  "I_LV0203_MV0203": 0.026160517601988745,
  "P_POIMV_MV0101": -0.07707853501539098,
  "Q_POIMV_MV0101": 0.015473506205325609,
  "U_POIMV": 0.9996140866838106,
  "I_POIMV_MV0101": 0.0786466974184533,
  "P_POIMV_MV0201": -0.07897747673112883,
  "Q_POIMV_MV0201": 0.01456005180858572,
  "I_POIMV_MV0201": 0.08033939052350425,
  "P_POI_POIMV": -0.1560560149436234,
  "Q_POI_POIMV": 0.029796755358661563,
  "U_POI": 1.0,
  "I_POI_POIMV": 0.15887519136098102
}