{
  "P_LV0101": 0.3128673712921923,
  "Q_LV0101": -0.011783157176951926,
  "U_LV0101": 1.0041076621931309,
  "I_LV0101_MV0101": 0.31180837682853035,
  "P_LV0102": 0.9555122950819672,
  "Q_LV0102": -0.011618852459016393,
  "U_LV0102": 1.0046699317793117,
  "I_LV0102_MV0102": 0.3172344891543986,
  "P_LV0103": 0.3239380378657487,
  "Q_LV0103": -0.011896729776247847,
  "U_LV0103": 1.0049582134770996,
  "I_LV0103_MV0103": 0.32255711290677225,
  "P_LV0201": 0.3160040567951318,
  "Q_LV0201": -0.011683569979716023,
  "U_LV0201": 1.004806052773264,
  "I_LV0201_MV0201": 0.3147074697903247,
  "P_LV0202": 0.3161153262518968,
  "Q_LV0202": -0.01165402124430956,
  "U_LV0202": 1.0052256177068482,
  "I_LV0202_MV0202": 0.3146856471335495,
  "P_LV0203": 0.31777443609022554,
  "Q_LV0203": -0.011368421052631578,
  "U_LV0203": 1.005507821371778,
  "I_LV0203_MV0203": 0.3162359533334471,
  "P_POIMV_MV0101": -0.9462498389508261,
  "Q_POIMV_MV0101": 0.07641681811258871,
  "U_POIMV": 0.9977226544514376,
  "I_POIMV_MV0101": 0.9514973300494718,
  "P_POIMV_MV0201": -0.9403319968856443,
  "Q_POIMV_MV0201": 0.07542011423741597,
  "I_POIMV_MV0201": 0.9455049564002932,
  "P_POI_POIMV": -1.8865818363017075,
  "Q_POI_POIMV": 0.1981283660996354,
  "U_POI": 1.0,
  "I_POI_POIMV": 1.8969570038661485
}