{
  "P_LV0101": 0.29928400954653933,
  "Q_LV0101": -0.0035799522673031024,
  "U_LV0101": 1.005728746808307,
  "I_LV0101_MV0101": 0.2976005418564488,
  "P_LV0102": 0.8999999999999999,
  "Q_LV0102": -0.0035348360655737703,
  "U_LV0102": 1.0061488793775168,
  "I_LV0102_MV0102": 0.2981873066452055,
  "P_LV0103": 0.3,
  "Q_LV0103": -0.0037177280550774526,
  "U_LV0103": 1.0063226332803896,
  "I_LV0103_MV0103": 0.29813801764084535,
  "P_LV0201": 0.29984787018255576,
  "Q_LV0201": -0.003498985801217038,
  "U_LV0201": 1.0063495003453955,
  "I_LV0201_MV0201": 0.2979762841981653,
  "P_LV0202": 0.29984825493171474,
  "Q_LV0202": -0.0034901365705614566,
  "U_LV0202": 1.0067488735579766,
  "I_LV0202_MV0202": 0.2978583579251486,
  "P_LV0203": 0.3,
  "Q_LV0203": -0.0034586466165413532,
  "U_LV0203": 1.0069555892229134,
  "I_LV0203_MV0203": 0.2979475357802478,
  "P_POIMV_MV0101": -0.891296558915762,
  "Q_POIMV_MV0101": 0.04695532427868592,
  "U_POIMV": 0.9985165473737301,
  "I_POIMV_MV0101": 0.8938585499526501,
  "P_POIMV_MV0201": -0.8911548522733898,
  "Q_POIMV_MV0201": 0.046651067703886884,
  "I_POIMV_MV0201": 0.8937008481614168,
  "P_POI_POIMV": -1.7824514114749022,
  "Q_POI_POIMV": 0.13464715020952686,
  "U_POI": 1.0,
  "I_POI_POIMV": 1.7875298289338888
}