{
  "P_LV0101": 0.05584725536992839,
  "Q_LV0101": -0.008080463689055574,
  "U_LV0101": 0.999826487327662,
  "I_LV0101_MV0101": 0.056438592593057516,
  "P_LV0102": 0.14108606557377049,
  "Q_LV0102": -0.007991803278688524,
  "U_LV0102": 0.9996560153949092,
  "I_LV0102_MV0102": 0.047719309075686944,
  "P_LV0103": 0.040068846815834766,
  "Q_LV0103": -0.008261617900172116,
  "U_LV0103": 0.9994551816942656,
  "I_LV0103_MV0103": 0.04093399322791414,
  "P_LV0201": 0.05096348884381338,
  "Q_LV0201": -0.007910750507099391,
  "U_LV0201": 0.9998146161213605,
  "I_LV0201_MV0201": 0.0515833631025656,
  "P_LV0202": 0.04886191198786039,
  "Q_LV0202": -0.007890743550834597,
  "U_LV0202": 0.9998219304730832,
  "I_LV0202_MV0202": 0.04950376478210041,
  "P_LV0203": 0.04902255639097745,
  "Q_LV0203": -0.007819548872180452,
  "U_LV0203": 0.9998665522314708,
  "I_LV0203_MV0203": 0.0496489077244231,
  "P_POIMV_MV0101": -0.14273256679267543,
  "Q_POIMV_MV0101": 0.02406270165801263,
  "U_POIMV": 0.9993851603751368,
  "I_POIMV_MV0101": 0.1448357233609428,
  "P_POIMV_MV0201": -0.14860525784533066,
  "Q_POIMV_MV0201": 0.02314019528310758,
  "I_POIMV_MV0201": 0.15048864101363452,
  "P_POI_POIMV": -0.2913378606703345,
  "Q_POI_POIMV": 0.04777261465623074,
  "U_POI": 1.0,
  "I_POI_POIMV": 0.295228677081106
}