{
  "P_LV0101": 0.2993862938970337,
  "Q_LV0101": -0.004500511421752471,
  "U_LV0101": 1.0055362528220961,
  "I_LV0101_MV0101": 0.2977715801366505,
  "P_LV0102": 0.8967725409836065,
  "Q_LV0102": -0.004456967213114754,
  "U_LV0102": 1.0059281055563627,
  "I_LV0102_MV0102": 0.2971955983869211,
  "P_LV0103": 0.2984509466437177,
  "Q_LV0103": -0.004543889845094664,
  "U_LV0103": 1.0061034836169271,
  "I_LV0103_MV0103": 0.2966747851519631,
  "P_LV0201": 0.2987829614604462,
  "Q_LV0201": -0.004411764705882353,
  "U_LV0201": 1.0061314403359298,
  "I_LV0201_MV0201": 0.2969945270836498,
  "P_LV0202": 0.3,
  "Q_LV0202": -0.004400606980273141,
  "U_LV0202": 1.0065569108251713,
  "I_LV0202_MV0202": 0.29807780429727815,
  "P_LV0203": 0.3,
  "Q_LV0203": -0.004360902255639097,
  "U_LV0203": 1.0067610776744744,
  "I_LV0203_MV0203": 0.29801677956023115,
  "P_POIMV_MV0101": -0.8888157887428009,
  "Q_POIMV_MV0101": 0.04943285331891891,
  "U_POIMV": 0.9984503542171533,
  "I_POIMV_MV0101": 0.8915709885736672,
  "P_POIMV_MV0201": -0.8902541727435224,
  "Q_POIMV_MV0201": 0.0493188537434873,
  "I_POIMV_MV0201": 0.8930030628877663,
  "P_POI_POIMV": -1.7790699617681986,
  "Q_POI_POIMV": 0.1396536100159537,
  "U_POI": 1.0,
  "I_POI_POIMV": 1.784542815304914
}