{
  "P_LV0101": 0.157927037163314,
  "Q_LV0101": -0.01575178997613365,
  "U_LV0101": 1.0005853383819998,
  "I_LV0101_MV0101": 0.15861779713759896,
  "P_LV0102": 0.446311475409836,
  "Q_LV0102": -0.015829918032786886,
  "U_LV0102": 1.0005297920232845,
  "I_LV0102_MV0102": 0.14953109188620853,
  "P_LV0103": 0.1376592082616179,
  "Q_LV0103": -0.015903614457831325,
  "U_LV0103": 1.0003297454352675,
  "I_LV0103_MV0103": 0.13852914726339713,
  "P_LV0201": 0.15273833671399592,
  "Q_LV0201": -0.015669371196754562,
  "U_LV0201": 1.0007614118678003,
  "I_LV0201_MV0201": 0.1534231723185194,
  "P_LV0202": 0.15053110773899847,
  "Q_LV0202": -0.015629742033383916,
  "U_LV0202": 1.0009041335135629,
  "I_LV0202_MV0202": 0.15120364731518626,
  "P_LV0203": 0.15082706766917292,
  "Q_LV0203": -0.015488721804511277,
  "U_LV0203": 1.0010270452888044,
  "I_LV0203_MV0203": 0.15146470417327637,
  "P_POIMV_MV0101": -0.4423630245862778,
  "Q_POIMV_MV0101": 0.055575586901996585,
  "U_POIMV": 0.9984965394814483,
  "I_POIMV_MV0101": 0.4465117454248004,
  "P_POIMV_MV0201": -0.45187316679706235,
  "Q_POIMV_MV0201": 0.05506666236132128,
  "I_POIMV_MV0201": 0.45590152827374997,
  "P_POI_POIMV": -0.89423619138486,
  "Q_POI_POIMV": 0.12067989320932505,
  "U_POI": 1.0,
  "I_POI_POIMV": 0.9023425084786343
}