{
  "P_LV0101": 0.25540402318445277,
  "Q_LV0101": -0.010637572451414933,
  "U_LV0101": 1.003483170486928,
  "I_LV0101_MV0101": 0.25473815810675454,
  "P_LV0102": 0.7801229508196721,
  "Q_LV0102": -0.010758196721311475,
  "U_LV0102": 1.0039152762703474,
  "I_LV0102_MV0102": 0.2592483988985167,
  "P_LV0103": 0.26561101549053356,
  "Q_LV0103": -0.010740103270223752,
  "U_LV0103": 1.004216831403323,
  "I_LV0103_MV0103": 0.26471182219186473,
  "P_LV0201": 0.2583164300202839,
  "Q_LV0201": -0.010649087221095335,
  "U_LV0201": 1.0040563052697018,
  "I_LV0201_MV0201": 0.2574913773687612,
  "P_LV0202": 0.2600910470409712,
  "Q_LV0202": -0.010622154779969651,
  "U_LV0202": 1.0044406310379799,
  "I_LV0202_MV0202": 0.25915704102608567,
  "P_LV0203": 0.26015037593984963,
  "Q_LV0203": -0.010526315789473684,
  "U_LV0203": 1.004625514932681,
  "I_LV0203_MV0203": 0.25916447983218055,
  "P_POIMV_MV0101": -0.7749885884344497,
  "Q_POIMV_MV0101": 0.05925100431812169,
  "U_POIMV": 0.9982653219312551,
  "I_POIMV_MV0101": 0.7786008993030072,
  "P_POIMV_MV0201": -0.7721215055168448,
  "Q_POIMV_MV0201": 0.058693442065104885,
  "I_POIMV_MV0201": 0.7756946875052165,
  "P_POI_POIMV": -1.5471100940455345,
  "Q_POI_POIMV": 0.1488349491431615,
  "U_POI": 1.0,
  "I_POI_POIMV": 1.554252709563033
}