{
  "P_LV0101": 0.010064780088646436,
  "Q_LV0101": -0.00319127173542448,
  "U_LV0101": 0.9996424583147636,
  "I_LV0101_MV0101": 0.010562375490004225,
  "P_LV0102": 0.03430327868852459,
  "Q_LV0102": -0.0031352459016393444,
  "U_LV0102": 0.9997022561917925,
  "I_LV0102_MV0102": 0.01186000075394185,
  "P_LV0103": 0.01276419965576592,
  "Q_LV0103": -0.0032220309810671254,
  "U_LV0103": 0.9997343180337653,
  "I_LV0103_MV0103": 0.01316808266199204,
  "P_LV0201": 0.010770791075050709,
  "Q_LV0201": -0.003103448275862069,
  "U_LV0201": 0.9996926715520403,
  "I_LV0201_MV0201": 0.011212430281972403,
  "P_LV0202": 0.010925644916540212,
  "Q_LV0202": -0.0030955993930197267,
  "U_LV0202": 0.9997106698393139,
  "I_LV0202_MV0202": 0.011359009809140485,
  "P_LV0203": 0.010827067669172932,
  "Q_LV0203": -0.0030676691729323306,
  "U_LV0203": 0.9997180590668825,
  "I_LV0203_MV0203": 0.011256439302995094,
  "P_POIMV_MV0101": -0.0342506005592869,
  "Q_POIMV_MV0101": 0.00833550284985768,
  "U_POIMV": 0.9997973038182899,
  "I_POIMV_MV0101": 0.035257455010183444,
  "P_POIMV_MV0201": -0.0325113019626624,
  "Q_POIMV_MV0201": 0.007765060612403367,
  "I_POIMV_MV0201": 0.0334325290177891,
  "P_POI_POIMV": -0.06676190264249202,
  "Q_POI_POIMV": 0.015596090558189031,
  "U_POI": 1.0,
  "I_POI_POIMV": 0.0685593880161194
}