{
  "P_LV0101": 0.23148994203886802,
  "Q_LV0101": -0.01927037163314013,
  "U_LV0101": 1.0012784633320146,
  "I_LV0101_MV0101": 0.23199404209261168,
  "P_LV0102": 0.6622745901639344,
  "Q_LV0102": -0.01918032786885246,
  "U_LV0102": 1.0013148592665877,
  "I_LV0102_MV0102": 0.2212988838834115,
  "P_LV0103": 0.2084406196213425,
  "Q_LV0103": -0.019456110154905334,
  "U_LV0103": 1.0011197879404348,
  "I_LV0103_MV0103": 0.2091125176161731,
  "P_LV0201": 0.2247261663286004,
  "Q_LV0201": -0.01898580121703854,
  "U_LV0201": 1.0015912967118465,
  "I_LV0201_MV0201": 0.22516843027428604,
  "P_LV0202": 0.2228831562974203,
  "Q_LV0202": -0.018937784522003034,
  "U_LV0202": 1.0018387240733646,
  "I_LV0202_MV0202": 0.22327571339359367,
  "P_LV0203": 0.221593984962406,
  "Q_LV0203": -0.01894736842105263,
  "U_LV0203": 1.0019486792826904,
  "I_LV0203_MV0203": 0.2219700077045896,
  "P_POIMV_MV0101": -0.6563062479692925,
  "Q_POIMV_MV0101": 0.07719978285817976,
  "U_POIMV": 0.9978524199267325,
  "I_POIMV_MV0101": 0.6622533078607719,
  "P_POIMV_MV0201": -0.6643993019417589,
  "Q_POIMV_MV0201": 0.07656246965332207,
  "I_POIMV_MV0201": 0.6702354999581014,
  "P_POI_POIMV": -1.3207055499393388,
  "Q_POI_POIMV": 0.1763153147711516,
  "U_POI": 1.0,
  "I_POI_POIMV": 1.3324226956425733
}