{
  "P_LV0101": 0.23689055574497098,
  "Q_LV0101": -0.012171837708830548,
  "U_LV0101": 1.002845780111323,
  "I_LV0101_MV0101": 0.2365299422342935,
  "P_LV0102": 0.726639344262295,
  "Q_LV0102": -0.01214139344262295,
  "U_LV0102": 1.0032918351980082,
  "I_LV0102_MV0102": 0.24172152165607771,
  "P_LV0103": 0.24795180722891566,
  "Q_LV0103": -0.012392426850258174,
  "U_LV0103": 1.0035496442037262,
  "I_LV0103_MV0103": 0.2473831734742765,
  "P_LV0201": 0.23899594320486814,
  "Q_LV0201": -0.012018255578093304,
  "U_LV0201": 1.0033830739588148,
  "I_LV0201_MV0201": 0.23849109705350657,
  "P_LV0202": 0.24081942336874052,
  "Q_LV0202": -0.011987860394537177,
  "U_LV0202": 1.003742920434363,
  "I_LV0202_MV0202": 0.24021849464457776,
  "P_LV0203": 0.24015037593984961,
  "Q_LV0203": -0.0118796992481203,
  "U_LV0203": 1.0038992252922456,
  "I_LV0203_MV0203": 0.23951012348663028,
  "P_POIMV_MV0101": -0.7217855483454103,
  "Q_POIMV_MV0101": 0.060086778892828395,
  "U_POIMV": 0.9982823216066644,
  "I_POIMV_MV0101": 0.7255284891985283,
  "P_POIMV_MV0201": -0.7144497942964141,
  "Q_POIMV_MV0201": 0.05871449980237156,
  "I_POIMV_MV0201": 0.7180918057260656,
  "P_POI_POIMV": -1.4362353426942178,
  "Q_POI_POIMV": 0.14537149325740706,
  "U_POI": 1.0,
  "I_POI_POIMV": 1.4435736318788406
}