{
  "P_LV0101": 0.1742925332424139,
  "Q_LV0101": -0.018411183088987385,
  "U_LV0101": 1.0003609454976323,
  "I_LV0101_MV0101": 0.17519901992514297,
  "P_LV0102": 0.49131147540983605,
  "Q_LV0102": -0.018258196721311477,
  "U_LV0102": 1.0003231248250024,
  "I_LV0102_MV0102": 0.16473189091385906,
  "P_LV0103": 0.1500722891566265,
  "Q_LV0103": -0.01858864027538726,
  "U_LV0103": 1.000033649566794,
  "I_LV0103_MV0103": 0.15121405573856658,
  "P_LV0201": 0.1686815415821501,
  "Q_LV0201": -0.018255578093306288,
  "U_LV0201": 1.0005666146744912,
  "I_LV0201_MV0201": 0.16957044064786994,
  "P_LV0202": 0.1658877086494689,
  "Q_LV0202": -0.01802731411229135,
  "U_LV0202": 1.0007397576533101,
  "I_LV0202_MV0202": 0.16674101594330062,
  "P_LV0203": 0.1654736842105263,
  "Q_LV0203": -0.018045112781954885,
  "U_LV0203": 1.000831748950417,
  "I_LV0203_MV0203": 0.16631636386380386,
  "P_POIMV_MV0101": -0.4857242385459729,
  "Q_POIMV_MV0101": 0.06531112235579384,
  "U_POIMV": 0.9982290664794615,
  "I_POIMV_MV0101": 0.4909649453589251,
  "P_POIMV_MV0201": -0.4973430189587227,
  "Q_POIMV_MV0201": 0.06471638808933153,
  "I_POIMV_MV0201": 0.5024256928133639,
  "P_POI_POIMV": -0.9830672575074723,
  "Q_POI_POIMV": 0.14231092053593147,
  "U_POI": 1.0,
  "I_POI_POIMV": 0.9933144672695787
}