{
  "P_LV0101": 0.28895329014660753,
  "Q_LV0101": -0.006546198431639959,
  "U_LV0101": 1.0049709481952054,
  "I_LV0101_MV0101": 0.2875977985243677,
  "P_LV0102": 0.8525102459016394,
  "Q_LV0102": -0.0066086065573770485,
  "U_LV0102": 1.0052299808800222,
  "I_LV0102_MV0102": 0.2827680443979132,
  "P_LV0103": 0.2805851979345955,
  "Q_LV0103": -0.0067125645438898445,
  "U_LV0103": 1.0053216339167401,
  "I_LV0103_MV0103": 0.2791797876783933,
  "P_LV0201": 0.282657200811359,
  "Q_LV0201": -0.006541582150101419,
  "U_LV0201": 1.0053909048074288,
  "I_LV0201_MV0201": 0.28121687376072674,
  "P_LV0202": 0.28406676783004553,
  "Q_LV0202": -0.006373292867981791,
  "U_LV0202": 1.005818548625205,
  "I_LV0202_MV0202": 0.2824945458832481,
  "P_LV0203": 0.2810526315789474,
  "Q_LV0203": -0.006466165413533834,
  "U_LV0203": 1.0059247002256604,
  "I_LV0203_MV0203": 0.27947122194481683,
  "P_POIMV_MV0101": -0.8464989457061818,
  "Q_POIMV_MV0101": 0.052371033153888635,
  "U_POIMV": 0.9984116603261182,
  "I_POIMV_MV0101": 0.8494666805474438,
  "P_POIMV_MV0201": -0.8401756723327924,
  "Q_POIMV_MV0201": 0.05143080313398812,
  "I_POIMV_MV0201": 0.8430874611419974,
  "P_POI_POIMV": -1.6866746182237435,
  "Q_POI_POIMV": 0.1405374937239453,
  "U_POI": 1.0,
  "I_POI_POIMV": 1.692519440036781
}