{
  "P_LV0101": 0.2929423798158881,
  "Q_LV0101": -0.006546198431639959,
  "U_LV0101": 1.0049797819217456,
  "I_LV0101_MV0101": 0.2915635894997678,
  "P_LV0102": 0.8866290983606556,
  "Q_LV0102": -0.0066086065573770485,
  "U_LV0102": 1.005418474930839,
  "I_LV0102_MV0102": 0.29402375043760093,
  "P_LV0103": 0.2962822719449225,
  "Q_LV0103": -0.006609294320137693,
  "U_LV0103": 1.0056299322853617,
  "I_LV0103_MV0103": 0.2946968576205029,
  "P_LV0201": 0.2936105476673428,
  "Q_LV0201": -0.006541582150101419,
  "U_LV0201": 1.0055768366490594,
  "I_LV0201_MV0201": 0.2920546700165739,
  "P_LV0202": 0.29468892261001517,
  "Q_LV0202": -0.006525037936267072,
  "U_LV0202": 1.0059914374204078,
  "I_LV0202_MV0202": 0.2930056280013433,
  "P_LV0203": 0.2945864661654135,
  "Q_LV0203": -0.006466165413533834,
  "U_LV0203": 1.006191636880527,
  "I_LV0203_MV0203": 0.2928442385533957,
  "P_POIMV_MV0101": -0.8770203480063561,
  "Q_POIMV_MV0101": 0.05475670448306742,
  "U_POIMV": 0.9983225429404642,
  "I_POIMV_MV0101": 0.8802045562834873,
  "P_POIMV_MV0201": -0.8746448669095409,
  "Q_POIMV_MV0201": 0.05440761061973601,
  "I_POIMV_MV0201": 0.8778079410487946,
  "P_POI_POIMV": -1.7516652151662495,
  "Q_POI_POIMV": 0.14884099274944806,
  "U_POI": 1.0,
  "I_POI_POIMV": 1.7579774364723983
}