{
  "P_LV0101": 0.08272758267984998,
  "Q_LV0101": -0.013869757927037162,
  "U_LV0101": 0.9992364826099084,
  "I_LV0101_MV0101": 0.08394629233299364,
  "P_LV0102": 0.2755327868852459,
  "Q_LV0102": -0.013831967213114754,
  "U_LV0102": 0.9995993336237727,
  "I_LV0102_MV0102": 0.0929172149876676,
  "P_LV0103": 0.10099827882960412,
  "Q_LV0103": -0.014003442340791738,
  "U_LV0103": 0.9998752046303008,
  "I_LV0103_MV0103": 0.10197717461260351,
  "P_LV0201": 0.08890466531440162,
  "Q_LV0201": -0.013691683569979716,
  "U_LV0201": 0.9995857062821506,
  "I_LV0201_MV0201": 0.08999005722335714,
  "P_LV0202": 0.08922610015174506,
  "Q_LV0202": -0.013657056145675264,
  "U_LV0202": 0.9997095821464008,
  "I_LV0202_MV0202": 0.09029145437690128,
  "P_LV0203": 0.0893233082706767,
  "Q_LV0203": -0.013533834586466165,
  "U_LV0203": 0.9997846082789448,
  "I_LV0203_MV0203": 0.09036224428052023,
  "P_POIMV_MV0101": -0.2747849333586469,
  "Q_POIMV_MV0101": 0.04409769115268618,
  "U_POIMV": 0.9988497833504102,
  "I_POIMV_MV0101": 0.2786213300224073,
  "P_POIMV_MV0201": -0.26667098885141355,
  "Q_POIMV_MV0201": 0.04279103559906577,
  "I_POIMV_MV0201": 0.27039338548702024,
  "P_POI_POIMV": -0.5414559222105837,
  "Q_POI_POIMV": 0.09024754867549901,
  "U_POI": 1.0,
  "I_POI_POIMV": 0.5489254373217278
}