{
  "P_LV0101": 0.35803614047050797,
  "Q_LV0101": -0.005523354926696215,
  "U_LV0101": 1.006085092894359,
  "I_LV0101_MV0101": 0.3559129783716654,
  "P_LV0102": 1.0728073770491804,
  "Q_LV0102": -0.005532786885245902,
  "U_LV0102": 1.0065440466685132,
  "I_LV0102_MV0102": 0.35532002708226473,
  "P_LV0103": 0.3559104991394148,
  "Q_LV0103": -0.005576592082616179,
  "U_LV0103": 1.0067370748763271,
  "I_LV0103_MV0103": 0.353572143071459,
  "P_LV0201": 0.35726166328600406,
  "Q_LV0201": -0.005476673427991886,
  "U_LV0201": 1.0067800018348507,
  "I_LV0201_MV0201": 0.3548974332749742,
  "P_LV0202": 0.3572685887708649,
  "Q_LV0202": -0.005462822458270106,
  "U_LV0202": 1.0072517319796084,
  "I_LV0202_MV0202": 0.3547378871061904,
  "P_LV0203": 0.3572932330827068,
  "Q_LV0203": -0.005413533834586466,
  "U_LV0203": 1.0074938535201858,
  "I_LV0203_MV0203": 0.35467634990707647,
  "P_POIMV_MV0101": -1.0602181901489383,
  "Q_POIMV_MV0101": 0.0684183975007429,
  "U_POIMV": 0.9978400888457146,
  "I_POIMV_MV0101": 1.064723204932024,
  "P_POIMV_MV0201": -1.059712148418754,
  "Q_POIMV_MV0201": 0.06834051451102441,
  "I_POIMV_MV0201": 1.0642120950747724,
  "P_POI_POIMV": -2.119930339725993,
  "Q_POI_POIMV": 0.19520861469452438,
  "U_POI": 1.0,
  "I_POI_POIMV": 2.1288990226268885
}