{
  "P_LV0101": 0.21039890896692803,
  "Q_LV0101": -0.013603818615751788,
  "U_LV0101": 1.0020555497025085,
  "I_LV0101_MV0101": 0.21040574368867518,
  "P_LV0102": 0.6477971311475409,
  "Q_LV0102": -0.01367827868852459,
  "U_LV0102": 1.0024592750780819,
  "I_LV0102_MV0102": 0.21583437385099102,
  "P_LV0103": 0.22192771084337348,
  "Q_LV0103": -0.013734939759036145,
  "U_LV0103": 1.002735452987002,
  "I_LV0103_MV0103": 0.22174575211947117,
  "P_LV0201": 0.21328600405679513,
  "Q_LV0201": -0.013539553752535495,
  "U_LV0201": 1.0025443553384041,
  "I_LV0201_MV0201": 0.21317293473894253,
  "P_LV0202": 0.21274658573596358,
  "Q_LV0202": -0.013505311077389984,
  "U_LV0202": 1.0028128477070142,
  "I_LV0202_MV0202": 0.21257687196367225,
  "P_LV0203": 0.2132330827067669,
  "Q_LV0203": -0.01338345864661654,
  "U_LV0203": 1.0029795223546836,
  "I_LV0203_MV0203": 0.21301798080543402,
  "P_POIMV_MV0101": -0.6440553588854695,
  "Q_POIMV_MV0101": 0.05940757166294242,
  "U_POIMV": 0.99833483399289,
  "I_POIMV_MV0101": 0.6478682367117222,
  "P_POIMV_MV0201": -0.6349033177382241,
  "Q_POIMV_MV0201": 0.05816042770312166,
  "I_POIMV_MV0201": 0.638625067282603,
  "P_POI_POIMV": -1.2789586766447638,
  "Q_POI_POIMV": 0.13855257228051698,
  "U_POI": 1.0,
  "I_POI_POIMV": 1.2864416472776654
}