{
  "P_LV0101": 0.1985339243095806,
  "Q_LV0101": -0.01605864302761677,
  "U_LV0101": 1.0013444562194038,
  "I_LV0101_MV0101": 0.1989148939522358,
  "P_LV0102": 0.5717213114754098,
  "Q_LV0102": -0.016137295081967214,
  "U_LV0102": 1.001380707556648,
  "I_LV0102_MV0102": 0.190992078169905,
  "P_LV0103": 0.17979345955249568,
  "Q_LV0103": -0.01631669535283993,
  "U_LV0103": 1.0012113309510293,
  "I_LV0103_MV0103": 0.1803139114795074,
  "P_LV0201": 0.19366125760649086,
  "Q_LV0201": -0.015973630831643,
  "U_LV0201": 1.001613973047595,
  "I_LV0201_MV0201": 0.19400579192936543,
  "P_LV0202": 0.1921092564491654,
  "Q_LV0202": -0.015933232169954476,
  "U_LV0202": 1.0018289289772073,
  "I_LV0202_MV0202": 0.19241694544677215,
  "P_LV0203": 0.19172932330827067,
  "Q_LV0203": -0.015789473684210527,
  "U_LV0203": 1.0019628913220067,
  "I_LV0203_MV0203": 0.1920015014102096,
  "P_POIMV_MV0101": -0.5656536420087974,
  "Q_POIMV_MV0101": 0.06247740818675194,
  "U_POIMV": 0.9982738411274161,
  "I_POIMV_MV0101": 0.5700775950258238,
  "P_POIMV_MV0201": -0.5739235262584219,
  "Q_POIMV_MV0201": 0.0619569620374225,
  "I_POIMV_MV0201": 0.5782562319154618,
  "P_POI_POIMV": -1.1395771682759719,
  "Q_POI_POIMV": 0.14103875083865122,
  "U_POI": 1.0,
  "I_POI_POIMV": 1.1482717673503995
}