{
  "P_LV0101": 0.30930787589498804,
  "Q_LV0101": -0.013256051824070915,
  "U_LV0101": 1.0038070888924129,
  "I_LV0101_MV0101": 0.30841763051401455,
  "P_LV0102": 0.9079303278688525,
  "Q_LV0102": -0.013463114754098362,
  "U_LV0102": 1.004021033807923,
  "I_LV0102_MV0102": 0.30172948398570076,
  "P_LV0103": 0.29295697074010324,
  "Q_LV0103": -0.013507745266781411,
  "U_LV0103": 1.0039939420374462,
  "I_LV0103_MV0103": 0.29210157817527743,
  "P_LV0201": 0.3055983772819473,
  "Q_LV0201": -0.01332657200811359,
  "U_LV0201": 1.0043130291509261,
  "I_LV0201_MV0201": 0.3045751711058492,
  "P_LV0202": 0.30391502276176025,
  "Q_LV0202": -0.013110773899848254,
  "U_LV0202": 1.0047012751201305,
  "I_LV0202_MV0202": 0.3027742630315617,
  "P_LV0203": 0.3035187969924812,
  "Q_LV0203": -0.012992481203007517,
  "U_LV0203": 1.0049063159943956,
  "I_LV0203_MV0203": 0.30231350344327795,
  "P_POIMV_MV0101": -0.8967780841249718,
  "Q_POIMV_MV0101": 0.07706294342367634,
  "U_POIMV": 0.9977206406722795,
  "I_POIMV_MV0101": 0.9021394235246044,
  "P_POIMV_MV0201": -0.9041862378028865,
  "Q_POIMV_MV0201": 0.07698864547233328,
  "I_POIMV_MV0201": 0.9095311385870634,
  "P_POI_POIMV": -1.800964322250561,
  "Q_POI_POIMV": 0.19622231919991862,
  "U_POI": 1.0,
  "I_POI_POIMV": 1.8116223912757363
}