{
  "P_LV0101": 0.29140811455847254,
  "Q_LV0101": -0.006546198431639959,
  "U_LV0101": 1.004962608666142,
  "I_LV0101_MV0101": 0.29004226601824246,
  "P_LV0102": 0.8801741803278689,
  "Q_LV0102": -0.006454918032786885,
  "U_LV0102": 1.0054072518256216,
  "I_LV0102_MV0102": 0.2918841015183317,
  "P_LV0103": 0.2953528399311532,
  "Q_LV0103": -0.006609294320137693,
  "U_LV0103": 1.0056235553991177,
  "I_LV0103_MV0103": 0.2937747224260867,
  "P_LV0201": 0.29269776876267745,
  "Q_LV0201": -0.0063894523326572,
  "U_LV0201": 1.0055934953485306,
  "I_LV0201_MV0201": 0.2911390151040054,
  "P_LV0202": 0.2936267071320182,
  "Q_LV0202": -0.006373292867981791,
  "U_LV0202": 1.0060037579473542,
  "I_LV0202_MV0202": 0.2919431107704562,
  "P_LV0203": 0.2938345864661654,
  "Q_LV0203": -0.00631578947368421,
  "U_LV0203": 1.0062101309653781,
  "I_LV0203_MV0203": 0.29208854749206276,
  "P_POIMV_MV0101": -0.8724851757475394,
  "Q_POIMV_MV0101": 0.054226751025057016,
  "U_POIMV": 0.9983405138582836,
  "I_POIMV_MV0101": 0.8756217858603415,
  "P_POIMV_MV0201": -0.8719691692988369,
  "Q_POIMV_MV0201": 0.0537268273548269,
  "I_POIMV_MV0201": 0.8750749790963794,
  "P_POI_POIMV": -1.7444543452890582,
  "Q_POI_POIMV": 0.14729602234885536,
  "U_POI": 1.0,
  "I_POI_POIMV": 1.7506618979682145
}