{
  "P_LV0101": 0.33422434367541765,
  "Q_LV0101": -0.009082850323900443,
  "U_LV0101": 1.0049828044432592,
  "I_LV0101_MV0101": 0.3326900090475743,
  "P_LV0102": 1.0130532786885247,
  "Q_LV0102": -0.009036885245901639,
  "U_LV0102": 1.0055061354147101,
  "I_LV0102_MV0102": 0.3359555076806605,
  "P_LV0103": 0.3412874354561101,
  "Q_LV0103": -0.00929432013769363,
  "U_LV0103": 1.0057691176492867,
  "I_LV0103_MV0103": 0.33945560937511854,
  "P_LV0201": 0.33626774847870183,
  "Q_LV0201": -0.00894523326572008,
  "U_LV0201": 1.0057064840101269,
  "I_LV0201_MV0201": 0.3344780124807146,
  "P_LV0202": 0.3368740515933232,
  "Q_LV0202": -0.008922610015174507,
  "U_LV0202": 1.0061643674123657,
  "I_LV0202_MV0202": 0.3349275786072766,
  "P_LV0203": 0.33888721804511274,
  "Q_LV0203": -0.009022556390977442,
  "U_LV0203": 1.0064143580769165,
  "I_LV0203_MV0203": 0.3368466504100905,
  "P_POIMV_MV0101": -1.0030332110255396,
  "Q_POIMV_MV0101": 0.07370682166342753,
  "U_POIMV": 0.9977480947147649,
  "I_POIMV_MV0101": 1.0080076361218486,
  "P_POIMV_MV0201": -1.001201276075543,
  "Q_POIMV_MV0201": 0.07319783830285231,
  "I_POIMV_MV0201": 1.006139187691552,
  "P_POI_POIMV": -2.0042344878485214,
  "Q_POI_POIMV": 0.19916189172475415,
  "U_POI": 1.0,
  "I_POI_POIMV": 2.014105593407855
}