{
  "P_LV0101": 0.26745311967269003,
  "Q_LV0101": -0.016324582338902147,
  "U_LV0101": 1.0024184176994417,
  "I_LV0101_MV0101": 0.26730440599056193,
  "P_LV0102": 0.8254918032786884,
  "Q_LV0102": -0.016413934426229508,
  "U_LV0102": 1.002937816024313,
  "I_LV0102_MV0102": 0.2748456115608312,
  "P_LV0103": 0.28205163511187603,
  "Q_LV0103": -0.016481927710843374,
  "U_LV0103": 1.003263133842512,
  "I_LV0103_MV0103": 0.2816138487790952,
  "P_LV0201": 0.27401622718052737,
  "Q_LV0201": -0.016247464503042597,
  "U_LV0201": 1.0031089313520811,
  "I_LV0201_MV0201": 0.27364674260816135,
  "P_LV0202": 0.2753262518968133,
  "Q_LV0202": -0.01620637329286798,
  "U_LV0202": 1.0034997346350267,
  "I_LV0202_MV0202": 0.27484094239117596,
  "P_LV0203": 0.2760902255639098,
  "Q_LV0203": -0.016060150375939847,
  "U_LV0203": 1.003715221119583,
  "I_LV0203_MV0203": 0.2755332730124531,
  "P_POIMV_MV0101": -0.8178750784487838,
  "Q_POIMV_MV0101": 0.07972551268592895,
  "U_POIMV": 0.99770714849856,
  "I_POIMV_MV0101": 0.8236401510113261,
  "P_POIMV_MV0201": -0.81817168977604,
  "Q_POIMV_MV0201": 0.07905690638156757,
  "I_POIMV_MV0201": 0.8238713187778826,
  "P_POI_POIMV": -1.636046768377368,
  "Q_POI_POIMV": 0.19355913416546125,
  "U_POI": 1.0,
  "I_POI_POIMV": 1.647456878566754
}