{
  "P_LV0101": 0.3591408114558472,
  "Q_LV0101": -0.004295942720763723,
  "U_LV0101": 1.0063535098711371,
  "I_LV0101_MV0101": 0.3568989431303436,
  "P_LV0102": 1.08,
  "Q_LV0102": -0.004241803278688525,
  "U_LV0102": 1.006853013017466,
  "I_LV0102_MV0102": 0.3575745265191303,
  "P_LV0103": 0.36,
  "Q_LV0103": -0.004461273666092943,
  "U_LV0103": 1.0070597038648408,
  "I_LV0103_MV0103": 0.35750377133710737,
  "P_LV0201": 0.3598174442190669,
  "Q_LV0201": -0.004198782961460446,
  "U_LV0201": 1.0070919717830773,
  "I_LV0201_MV0201": 0.3573079240478091,
  "P_LV0202": 0.3598179059180576,
  "Q_LV0202": -0.004188163884673748,
  "U_LV0202": 1.0075675265335418,
  "I_LV0202_MV0202": 0.35713961618326745,
  "P_LV0203": 0.36,
  "Q_LV0203": -0.004150375939849624,
  "U_LV0203": 1.0078135408288804,
  "I_LV0203_MV0203": 0.3572326718016668,
  "P_POIMV_MV0101": -1.0676546405800658,
  "Q_POIMV_MV0101": 0.065502702981093,
  "U_POIMV": 0.9979129388251842,
  "I_POIMV_MV0101": 1.0718992321128291,
  "P_POIMV_MV0201": -1.067355619162212,
  "Q_POIMV_MV0201": 0.06526854537286143,
  "I_POIMV_MV0201": 1.0715858003566066,
  "P_POI_POIMV": -2.1350102609650703,
  "Q_POI_POIMV": 0.19003036500091675,
  "U_POI": 1.0,
  "I_POI_POIMV": 2.143450571869694
}