{
  "P_LV0101": 0.13562904875554038,
  "Q_LV0101": -0.017920218206614387,
  "U_LV0101": 0.9995862472582931,
  "I_LV0101_MV0101": 0.1368644241788015,
  "P_LV0102": 0.43377049180327865,
  "Q_LV0102": -0.017889344262295083,
  "U_LV0102": 1.0000028141634276,
  "I_LV0102_MV0102": 0.1456922258612534,
  "P_LV0103": 0.1549053356282272,
  "Q_LV0103": -0.018092943201376936,
  "U_LV0103": 1.0003276249328894,
  "I_LV0103_MV0103": 0.15590730507161207,
  "P_LV0201": 0.1411156186612576,
  "Q_LV0201": -0.017707910750507098,
  "U_LV0201": 1.0000177233384915,
  "I_LV0201_MV0201": 0.1422197980794122,
  "P_LV0202": 0.14257966616084977,
  "Q_LV0202": -0.017663125948406674,
  "U_LV0202": 1.0002393197380766,
  "I_LV0202_MV0202": 0.1436352017928366,
  "P_LV0203": 0.1421954887218045,
  "Q_LV0203": -0.01750375939849624,
  "U_LV0203": 1.0003412021505633,
  "I_LV0203_MV0203": 0.1432198966019736,
  "P_POIMV_MV0101": -0.4331921457449041,
  "Q_POIMV_MV0101": 0.06165809122076854,
  "U_POIMV": 0.9983578607554758,
  "I_POIMV_MV0101": 0.43827788699124876,
  "P_POIMV_MV0201": -0.42392212995949163,
  "Q_POIMV_MV0201": 0.06002428960708964,
  "I_POIMV_MV0201": 0.42885478243313563,
  "P_POI_POIMV": -0.857114275705317,
  "Q_POI_POIMV": 0.13090715495099373,
  "U_POI": 1.0,
  "I_POI_POIMV": 0.867053380614604
}