{
  "P_LV0101": 0.02221616092737811,
  "Q_LV0101": -0.004418683941356972,
  "U_LV0101": 0.9997149956836637,
  "I_LV0101_MV0101": 0.022657783462060977,
  "P_LV0102": 0.055327868852459015,
  "Q_LV0102": -0.004241803278688525,
  "U_LV0102": 0.99965626046821,
  "I_LV0102_MV0102": 0.018930651310022507,
  "P_LV0103": 0.0156144578313253,
  "Q_LV0103": -0.004461273666092943,
  "U_LV0103": 0.9995570173598225,
  "I_LV0103_MV0103": 0.016246478008407783,
  "P_LV0201": 0.020081135902636917,
  "Q_LV0201": -0.004381338742393509,
  "U_LV0201": 0.9996966864364586,
  "I_LV0201_MV0201": 0.020559779331187862,
  "P_LV0202": 0.018755690440060698,
  "Q_LV0202": -0.004370257966616085,
  "U_LV0202": 0.9996841448004664,
  "I_LV0202_MV0202": 0.019264201748335482,
  "P_LV0203": 0.018406015037593985,
  "Q_LV0203": -0.004150375939849624,
  "U_LV0203": 0.9997161057786216,
  "I_LV0203_MV0203": 0.018873505962886183,
  "P_POIMV_MV0101": -0.05623950646654404,
  "Q_POIMV_MV0101": 0.012008370482405202,
  "U_POIMV": 0.9996999612344548,
  "I_POIMV_MV0101": 0.057524503031100474,
  "P_POIMV_MV0201": -0.057206082193589386,
  "Q_POIMV_MV0201": 0.011509444308722777,
  "I_POIMV_MV0201": 0.05836991805780033,
  "P_POI_POIMV": -0.11344558958536427,
  "Q_POI_POIMV": 0.023126790810089976,
  "U_POI": 1.0,
  "I_POI_POIMV": 0.11577888516281619
}