{
  "P_LV0101": 0.11302420729628365,
  "Q_LV0101": -0.014933515172178655,
  "U_LV0101": 0.999730130722534,
  "I_LV0101_MV0101": 0.11403727194627093,
  "P_LV0102": 0.3614754098360656,
  "Q_LV0102": -0.0149077868852459,
  "U_LV0102": 1.0000813033152798,
  "I_LV0102_MV0102": 0.12140065960975033,
  "P_LV0103": 0.1290877796901893,
  "Q_LV0103": -0.015077452667814113,
  "U_LV0103": 1.0003565524203275,
  "I_LV0103_MV0103": 0.1299189972270928,
  "P_LV0201": 0.11759634888438132,
  "Q_LV0201": -0.014756592292089248,
  "U_LV0201": 1.0000925889168408,
  "I_LV0201_MV0201": 0.1185076264147888,
  "P_LV0202": 0.11881638846737481,
  "Q_LV0202": -0.014719271623672231,
  "U_LV0202": 1.0002783539487383,
  "I_LV0202_MV0202": 0.11969133055528622,
  "P_LV0203": 0.11849624060150377,
  "Q_LV0203": -0.014586466165413535,
  "U_LV0203": 1.0003633477280742,
  "I_LV0203_MV0203": 0.11934727172223059,
  "P_POIMV_MV0101": -0.36126206565337565,
  "Q_POIMV_MV0101": 0.04991487799467394,
  "U_POIMV": 0.9986801211675039,
  "I_POIMV_MV0101": 0.365176072470864,
  "P_POIMV_MV0201": -0.3535420160274321,
  "Q_POIMV_MV0201": 0.048551504428658236,
  "I_POIMV_MV0201": 0.35733183940368585,
  "P_POI_POIMV": -0.7148040816814704,
  "Q_POI_POIMV": 0.10469762702823215,
  "U_POI": 1.0,
  "I_POI_POIMV": 0.7224309436159507
}