{
  "P_LV0101": 0.21774292533242412,
  "Q_LV0101": -0.01927037163314013,
  "U_LV0101": 1.0010329033547187,
  "I_LV0101_MV0101": 0.2183684280342268,
  "P_LV0102": 0.6229918032786885,
  "Q_LV0102": -0.018995901639344264,
  "U_LV0102": 1.001089635947974,
  "I_LV0102_MV0102": 0.20830396691476816,
  "P_LV0103": 0.19443717728055077,
  "Q_LV0103": -0.019456110154905334,
  "U_LV0103": 1.000834666127134,
  "I_LV0103_MV0103": 0.1952452136941762,
  "P_LV0201": 0.2113995943204868,
  "Q_LV0201": -0.018803245436105474,
  "U_LV0201": 1.0013535870314967,
  "I_LV0201_MV0201": 0.21194729879502258,
  "P_LV0202": 0.20904400606980272,
  "Q_LV0202": -0.018937784522003034,
  "U_LV0202": 1.001545684246899,
  "I_LV0202_MV0202": 0.20957612379383997,
  "P_LV0203": 0.20896240601503757,
  "Q_LV0203": -0.01876691729323308,
  "U_LV0203": 1.0017006523546066,
  "I_LV0203_MV0203": 0.20944724513861024,
  "P_POIMV_MV0101": -0.61598046629251,
  "Q_POIMV_MV0101": 0.07458325942099536,
  "U_POIMV": 0.9979405126889744,
  "I_POIMV_MV0101": 0.621759835268435,
  "P_POIMV_MV0201": -0.6251505558390261,
  "Q_POIMV_MV0201": 0.0737731548214802,
  "I_POIMV_MV0201": 0.6307875387290419,
  "P_POI_POIMV": -1.2411310221489071,
  "Q_POI_POIMV": 0.1682186672841235,
  "U_POI": 1.0,
  "I_POI_POIMV": 1.2524790354186524
}