{
  "P_LV0101": 0.08172519604500511,
  "Q_LV0101": -0.012274122059324922,
  "U_LV0101": 0.9995510468246046,
  "I_LV0101_MV0101": 0.08267888648127952,
  "P_LV0102": 0.2678790983606557,
  "Q_LV0102": -0.012448770491803278,
  "U_LV0102": 0.9998414165143653,
  "I_LV0102_MV0102": 0.09017092772376725,
  "P_LV0103": 0.09748709122203097,
  "Q_LV0103": -0.012495697074010326,
  "U_LV0103": 1.0001085766017246,
  "I_LV0103_MV0103": 0.09827399487655723,
  "P_LV0201": 0.08671399594320486,
  "Q_LV0201": -0.012322515212981743,
  "U_LV0201": 0.9998359333667027,
  "I_LV0201_MV0201": 0.0875995391340292,
  "P_LV0202": 0.0874051593323217,
  "Q_LV0202": -0.012291350531107739,
  "U_LV0202": 0.999967617581225,
  "I_LV0202_MV0202": 0.08826802233115758,
  "P_LV0203": 0.08721804511278196,
  "Q_LV0203": -0.012030075187969926,
  "U_LV0203": 1.000053710740558,
  "I_LV0203_MV0203": 0.08803906785754612,
  "P_POIMV_MV0101": -0.26776427186036494,
  "Q_POIMV_MV0101": 0.03940614427099539,
  "U_POIMV": 0.9989697377255043,
  "I_POIMV_MV0101": 0.27092751359130823,
  "P_POIMV_MV0201": -0.26059257523672535,
  "Q_POIMV_MV0201": 0.0383818696211888,
  "I_POIMV_MV0201": 0.2636756379179234,
  "P_POI_POIMV": -0.5283568470976864,
  "Q_POI_POIMV": 0.08094349279158641,
  "U_POI": 1.0,
  "I_POI_POIMV": 0.5345211005192495
}