{
  "P_LV0101": 0.3436754176610978,
  "Q_LV0101": -0.0074872144561882025,
  "U_LV0101": 1.0054546324754496,
  "I_LV0101_MV0101": 0.3418920696266395,
  "P_LV0102": 1.0407172131147542,
  "Q_LV0102": -0.007377049180327869,
  "U_LV0102": 1.0059938813103313,
  "I_LV0102_MV0102": 0.34491677623482914,
  "P_LV0103": 0.34934251290877794,
  "Q_LV0103": -0.0075593803786574865,
  "U_LV0103": 1.0062482841135851,
  "I_LV0103_MV0103": 0.3472545466295659,
  "P_LV0201": 0.34685598377281945,
  "Q_LV0201": -0.007302231237322515,
  "U_LV0201": 1.0062308218487221,
  "I_LV0201_MV0201": 0.34478454984234785,
  "P_LV0202": 0.3468892261001517,
  "Q_LV0202": -0.0072837632776934745,
  "U_LV0202": 1.0066901182494317,
  "I_LV0202_MV0202": 0.344659872443998,
  "P_LV0203": 0.3486315789473684,
  "Q_LV0203": -0.007218045112781954,
  "U_LV0203": 1.0069639932823997,
  "I_LV0203_MV0203": 0.34629469808411306,
  "P_POIMV_MV0101": -1.0292317905179802,
  "Q_POIMV_MV0101": 0.07119553423267982,
  "U_POIMV": 0.9977908720949286,
  "I_POIMV_MV0101": 1.0339754569979753,
  "P_POIMV_MV0201": -1.0309058739959442,
  "Q_POIMV_MV0201": 0.07095661406936442,
  "I_POIMV_MV0201": 1.0356327838770887,
  "P_POI_POIMV": -2.060137665440082,
  "Q_POI_POIMV": 0.19735850172932445,
  "U_POI": 1.0,
  "I_POI_POIMV": 2.0695694186882823
}