{
  "P_LV0101": 0.02503920900102284,
  "Q_LV0101": -0.0060143198090692115,
  "U_LV0101": 0.99946160548939,
  "I_LV0101_MV0101": 0.025765259977482986,
  "P_LV0102": 0.08963114754098361,
  "Q_LV0102": -0.005717213114754098,
  "U_LV0102": 0.9996746750678919,
  "I_LV0102_MV0102": 0.030429047096882385,
  "P_LV0103": 0.03494664371772805,
  "Q_LV0103": -0.005824440619621342,
  "U_LV0103": 0.9998189741209065,
  "I_LV0103_MV0103": 0.03543510321861375,
  "P_LV0201": 0.027748478701825556,
  "Q_LV0201": -0.005659229208924949,
  "U_LV0201": 0.9996339772551551,
  "I_LV0201_MV0201": 0.028330060605870403,
  "P_LV0202": 0.028042488619119878,
  "Q_LV0202": -0.005644916540212443,
  "U_LV0202": 0.9996780290130587,
  "I_LV0202_MV0202": 0.02861421628294388,
  "P_LV0203": 0.028150375939849624,
  "Q_LV0203": -0.005774436090225564,
  "U_LV0203": 0.9996799246203478,
  "I_LV0203_MV0203": 0.028745723606470108,
  "P_POIMV_MV0101": -0.08977706864437125,
  "Q_POIMV_MV0101": 0.016683389082923383,
  "U_POIMV": 0.9995807523357102,
  "I_POIMV_MV0101": 0.09135235910978363,
  "P_POIMV_MV0201": -0.08386287225985348,
  "Q_POIMV_MV0201": 0.015870382018003334,
  "I_POIMV_MV0201": 0.08538713325534532,
  "P_POI_POIMV": -0.17363994573150618,
  "Q_POI_POIMV": 0.03239459767019952,
  "U_POI": 1.0,
  "I_POI_POIMV": 0.17663589870650445
}