{
  "P_LV0101": 0.049955676781452435,
  "Q_LV0101": -0.009942038868053187,
  "U_LV0101": 0.9992582719149674,
  "I_LV0101_MV0101": 0.05097318774620625,
  "P_LV0102": 0.17151639344262296,
  "Q_LV0102": -0.009959016393442623,
  "U_LV0102": 0.9995241254362403,
  "I_LV0102_MV0102": 0.05806066923324508,
  "P_LV0103": 0.06481239242685026,
  "Q_LV0103": -0.01003786574870912,
  "U_LV0103": 0.9997563476605216,
  "I_LV0103_MV0103": 0.06560107461062761,
  "P_LV0201": 0.05440162271805274,
  "Q_LV0201": -0.009858012170385394,
  "U_LV0201": 0.9994877820469217,
  "I_LV0201_MV0201": 0.05531591049124286,
  "P_LV0202": 0.05553869499241274,
  "Q_LV0202": -0.009833080424886191,
  "U_LV0202": 0.9995893390932838,
  "I_LV0202_MV0202": 0.05642561312241558,
  "P_LV0203": 0.055037593984962406,
  "Q_LV0203": -0.009744360902255639,
  "U_LV0203": 0.999621967462363,
  "I_LV0203_MV0203": 0.05591468516477414,
  "P_POIMV_MV0101": -0.17163059391892965,
  "Q_POIMV_MV0101": 0.030110361542289323,
  "U_POIMV": 0.9992247653862245,
  "I_POIMV_MV0101": 0.17438700472426846,
  "P_POIMV_MV0201": -0.16467736653101064,
  "Q_POIMV_MV0201": 0.029209546886129898,
  "I_POIMV_MV0201": 0.16737757504257206,
  "P_POI_POIMV": -0.3363080260931274,
  "Q_POI_POIMV": 0.06027494139359955,
  "U_POI": 1.0,
  "I_POI_POIMV": 0.341666733784045
}