{
  "P_LV0101": 0.2735901807023525,
  "Q_LV0101": -0.017061029662461643,
  "U_LV0101": 1.0024634616048373,
  "I_LV0101_MV0101": 0.27344799712168416,
  "P_LV0102": 0.7961680327868853,
  "Q_LV0102": -0.0169672131147541,
  "U_LV0102": 1.0026275276878547,
  "I_LV0102_MV0102": 0.2652342656270735,
  "P_LV0103": 0.25416867469879517,
  "Q_LV0103": -0.017225473321858864,
  "U_LV0103": 1.0025019067501522,
  "I_LV0103_MV0103": 0.25411593245958236,
  "P_LV0201": 0.26853955375253546,
  "Q_LV0201": -0.016795131845841783,
  "U_LV0201": 1.002907159456076,
  "I_LV0201_MV0201": 0.26828430059236397,
  "P_LV0202": 0.26640364188163884,
  "Q_LV0202": -0.016752655538694993,
  "U_LV0202": 1.0032087719251241,
  "I_LV0202_MV0202": 0.2660760857469681,
  "P_LV0203": 0.2667067669172932,
  "Q_LV0203": -0.016601503759398496,
  "U_LV0203": 1.003408432109503,
  "I_LV0203_MV0203": 0.26631524089719255,
  "P_POIMV_MV0101": -0.7868712543057989,
  "Q_POIMV_MV0101": 0.07941562222505087,
  "U_POIMV": 0.9977282235072609,
  "I_POIMV_MV0101": 0.7926694116371024,
  "P_POIMV_MV0201": -0.7947968310237419,
  "Q_POIMV_MV0201": 0.07889802362324501,
  "I_POIMV_MV0201": 0.8005218687681462,
  "P_POI_POIMV": -1.5816680854458596,
  "Q_POI_POIMV": 0.19079819801759285,
  "U_POI": 1.0,
  "I_POI_POIMV": 1.5931346097818386
}