{
  "P_LV0101": 0.018513467439481755,
  "Q_LV0101": -0.0036822366177974766,
  "U_LV0101": 0.9997713887405251,
  "I_LV0101_MV0101": 0.018880421265714945,
  "P_LV0102": 0.046106557377049176,
  "Q_LV0102": -0.0035348360655737703,
  "U_LV0102": 0.999722303885999,
  "I_LV0102_MV0102": 0.015774500661844184,
  "P_LV0103": 0.013012048192771084,
  "Q_LV0103": -0.0037177280550774526,
  "U_LV0103": 0.9996395012261164,
  "I_LV0103_MV0103": 0.013537614604887758,
  "P_LV0201": 0.016734279918864097,
  "Q_LV0201": -0.003651115618661257,
  "U_LV0201": 0.9997561533070106,
  "I_LV0201_MV0201": 0.01713213040499966,
  "P_LV0202": 0.015629742033383916,
  "Q_LV0202": -0.0036418816388467377,
  "U_LV0202": 0.9997457061377174,
  "I_LV0202_MV0202": 0.016052512990569066,
  "P_LV0203": 0.015338345864661655,
  "Q_LV0203": -0.0034586466165413532,
  "U_LV0203": 0.9997723444027882,
  "I_LV0203_MV0203": 0.015727036971169783,
  "P_POIMV_MV0101": -0.0468709469418414,
  "Q_POIMV_MV0101": 0.009772610730718263,
  "U_POIMV": 0.9997580880608398,
  "I_POIMV_MV0101": 0.047890490738050656,
  "P_POIMV_MV0201": -0.04767685019944801,
  "Q_POIMV_MV0201": 0.009309150398248218,
  "I_POIMV_MV0201": 0.04858893330977431,
  "P_POI_POIMV": -0.09454779758257914,
  "Q_POI_POIMV": 0.018637049508632268,
  "U_POI": 1.0,
  "I_POI_POIMV": 0.09636713984602618
}