{
  "P_LV0101": 0.08775997272417319,
  "Q_LV0101": -0.013092396863279917,
  "U_LV0101": 0.9995311878982148,
  "I_LV0101_MV0101": 0.08877280545153138,
  "P_LV0102": 0.2858606557377049,
  "Q_LV0102": -0.013063524590163933,
  "U_LV0102": 0.9998554446435074,
  "I_LV0102_MV0102": 0.09619210518461488,
  "P_LV0103": 0.10347676419965576,
  "Q_LV0103": -0.013218588640275386,
  "U_LV0103": 1.0001101957395953,
  "I_LV0103_MV0103": 0.10430615453222429,
  "P_LV0201": 0.09173427991886408,
  "Q_LV0201": -0.012931034482758619,
  "U_LV0201": 0.9998288279160122,
  "I_LV0201_MV0201": 0.09265704857522192,
  "P_LV0202": 0.09347496206373293,
  "Q_LV0202": -0.012898330804248861,
  "U_LV0202": 0.9999954564221375,
  "I_LV0202_MV0202": 0.09436109570342804,
  "P_LV0203": 0.09323308270676692,
  "Q_LV0203": -0.012781954887218045,
  "U_LV0203": 1.0000637368874765,
  "I_LV0203_MV0203": 0.09409918867440531,
  "P_POIMV_MV0101": -0.285680776469628,
  "Q_POIMV_MV0101": 0.042038082668201436,
  "U_POIMV": 0.9989006863203895,
  "I_POIMV_MV0101": 0.28907495961982754,
  "P_POIMV_MV0201": -0.2775971459490062,
  "Q_POIMV_MV0201": 0.04079311842890233,
  "I_POIMV_MV0201": 0.2808872106028177,
  "P_POI_POIMV": -0.5632779224188731,
  "Q_POI_POIMV": 0.08649522988627095,
  "U_POI": 1.0,
  "I_POI_POIMV": 0.5698802002856398
}