{
  "P_LV0101": 0.010228435049437434,
  "Q_LV0101": -0.007159904534606205,
  "U_LV0101": 0.9989696471674478,
  "I_LV0101_MV0101": 0.012498273671390872,
  "P_LV0102": 0.02581967213114754,
  "Q_LV0102": -0.006915983606557377,
  "U_LV0102": 0.9989619322985415,
  "I_LV0102_MV0102": 0.011052472152322598,
  "P_LV0103": 0.0,
  "Q_LV0103": 0.0,
  "U_LV0103": 0.999685262601326,
  "I_LV0103_MV0103": 1.4352493934898893e-19,
  "P_LV0201": 0.009584178498985801,
  "Q_LV0201": -0.007150101419878295,
  "U_LV0201": 0.9989603713634518,
  "I_LV0201_MV0201": 0.011969886514148915,
  "P_LV0202": 0.0,
  "Q_LV0202": 0.0,
  "U_LV0202": 0.9996926298495198,
  "I_LV0202_MV0202": 1.5309326863892153e-18,
  "P_LV0203": 0.009022556390977444,
  "Q_LV0203": -0.006766917293233083,
  "U_LV0203": 0.9990048992831283,
  "I_LV0203_MV0203": 0.011289429536001643,
  "P_POIMV_MV0101": -0.018827001411901984,
  "Q_POIMV_MV0101": 0.012842241863786531,
  "U_POIMV": 0.9996784691530337,
  "I_POIMV_MV0101": 0.022797221590484147,
  "P_POIMV_MV0201": -0.01859852422081224,
  "Q_POIMV_MV0201": 0.0123998070235143,
  "I_POIMV_MV0201": 0.022360272468305926,
  "P_POI_POIMV": -0.037425525699590935,
  "Q_POI_POIMV": 0.024702690925663254,
  "U_POI": 1.0,
  "I_POI_POIMV": 0.04484298064200893
}