{
  "P_LV0101": 0.3456392771905898,
  "Q_LV0101": -0.007241732015001704,
  "U_LV0101": 1.005532485859005,
  "I_LV0101_MV0101": 0.3438129917396175,
  "P_LV0102": 1.0445901639344264,
  "Q_LV0102": -0.007192622950819672,
  "U_LV0102": 1.006051422450329,
  "I_LV0102_MV0102": 0.3461761436084634,
  "P_LV0103": 0.35132530120481925,
  "Q_LV0103": -0.007311531841652323,
  "U_LV0103": 1.0063302688977265,
  "I_LV0103_MV0103": 0.34919090196441693,
  "P_LV0201": 0.3479513184584178,
  "Q_LV0201": -0.007119675456389452,
  "U_LV0201": 1.0062842853537577,
  "I_LV0201_MV0201": 0.34585072661396943,
  "P_LV0202": 0.34907435508345974,
  "Q_LV0202": -0.007101669195751138,
  "U_LV0202": 1.0067682895439685,
  "I_LV0202_MV0202": 0.3467993485306864,
  "P_LV0203": 0.34953383458646614,
  "Q_LV0203": -0.007037593984962406,
  "U_LV0203": 1.007015884547868,
  "I_LV0203_MV0203": 0.3471689783329326,
  "P_POIMV_MV0101": -1.0343634676595996,
  "Q_POIMV_MV0101": 0.07101412191701048,
  "U_POIMV": 0.9977918889652179,
  "I_POIMV_MV0101": 1.0390927678248836,
  "P_POIMV_MV0201": -1.0349980165065638,
  "Q_POIMV_MV0201": 0.07081168583502193,
  "I_POIMV_MV0201": 1.039713360243323,
  "P_POI_POIMV": -2.06936148512592,
  "Q_POI_POIMV": 0.19752899707751415,
  "U_POI": 1.0,
  "I_POI_POIMV": 2.0787675822008103
}