{
  "P_LV0101": 0.015097170132969654,
  "Q_LV0101": -0.004418683941356972,
  "U_LV0101": 0.9995182043857431,
  "I_LV0101_MV0101": 0.01573810416906336,
  "P_LV0102": 0.038729508196721316,
  "Q_LV0102": -0.004241803278688525,
  "U_LV0102": 0.9994959021164901,
  "I_LV0102_MV0102": 0.013595700457711808,
  "P_LV0103": 0.01140103270223752,
  "Q_LV0103": -0.004337349397590362,
  "U_LV0103": 0.9994470765935051,
  "I_LV0103_MV0103": 0.01220495091450449,
  "P_LV0201": 0.014056795131845842,
  "Q_LV0201": -0.004381338742393509,
  "U_LV0201": 0.9995179301756438,
  "I_LV0201_MV0201": 0.014730878535730232,
  "P_LV0202": 0.013292867981790591,
  "Q_LV0202": -0.004370257966616085,
  "U_LV0202": 0.9995131282205191,
  "I_LV0202_MV0202": 0.0139996531820147,
  "P_LV0203": 0.012992481203007517,
  "Q_LV0203": -0.004150375939849624,
  "U_LV0203": 0.9995426518634198,
  "I_LV0203_MV0203": 0.013645529083561267,
  "P_POIMV_MV0101": -0.03939074015342022,
  "Q_POIMV_MV0101": 0.011806787043588092,
  "U_POIMV": 0.9997041569827279,
  "I_POIMV_MV0101": 0.041134312119234906,
  "P_POIMV_MV0201": -0.04032301068335453,
  "Q_POIMV_MV0201": 0.011431423963710191,
  "I_POIMV_MV0201": 0.041924485386368275,
  "P_POI_POIMV": -0.0797137511144541,
  "Q_POI_POIMV": 0.02276212500420839,
  "U_POI": 1.0,
  "I_POI_POIMV": 0.08289991828370122
}