{
  "P_LV0101": 0.19356290487555403,
  "Q_LV0101": -0.018288441868394133,
  "U_LV0101": 1.0006906167948577,
  "I_LV0101_MV0101": 0.1942907799838396,
  "P_LV0102": 0.6069467213114754,
  "Q_LV0102": -0.018442622950819672,
  "U_LV0102": 1.0011415584052317,
  "I_LV0102_MV0102": 0.20292278007871314,
  "P_LV0103": 0.21153872633390705,
  "Q_LV0103": -0.01858864027538726,
  "U_LV0103": 1.0014740865598357,
  "I_LV0103_MV0103": 0.21204131259858733,
  "P_LV0201": 0.1997160243407708,
  "Q_LV0201": -0.018255578093306288,
  "U_LV0201": 1.0012236566466959,
  "I_LV0201_MV0201": 0.2003035360106076,
  "P_LV0202": 0.20066767830045523,
  "Q_LV0202": -0.018209408194233688,
  "U_LV0202": 1.0015089053815165,
  "I_LV0202_MV0202": 0.20118860805754787,
  "P_LV0203": 0.20102255639097744,
  "Q_LV0203": -0.018045112781954885,
  "U_LV0203": 1.0016683893865654,
  "I_LV0203_MV0203": 0.20149468401073042,
  "P_POIMV_MV0101": -0.6036952218219418,
  "Q_POIMV_MV0101": 0.07144707496229778,
  "U_POIMV": 0.998037292198043,
  "I_POIMV_MV0101": 0.6091038786075468,
  "P_POIMV_MV0201": -0.5975183610916767,
  "Q_POIMV_MV0201": 0.0701436960436499,
  "I_POIMV_MV0201": 0.6028045466382381,
  "P_POI_POIMV": -1.2012135829274162,
  "Q_POI_POIMV": 0.16014898288257656,
  "U_POI": 1.0,
  "I_POI_POIMV": 1.211842303489874
}