{
  "P_LV0101": 0.35926355267644045,
  "Q_LV0101": -0.0054006137061029654,
  "U_LV0101": 1.0061231734944331,
  "I_LV0101_MV0101": 0.35711745062688727,
  "P_LV0102": 1.0761270491803279,
  "Q_LV0102": -0.005348360655737705,
  "U_LV0102": 1.0065904416291598,
  "I_LV0102_MV0102": 0.3564000526601957,
  "P_LV0103": 0.3581411359724613,
  "Q_LV0103": -0.005452667814113597,
  "U_LV0103": 1.0067997707877374,
  "I_LV0103_MV0103": 0.3557635314361555,
  "P_LV0201": 0.3585395537525355,
  "Q_LV0201": -0.005294117647058823,
  "U_LV0201": 1.0068326180643832,
  "I_LV0201_MV0201": 0.3561452333075877,
  "P_LV0202": 0.36,
  "Q_LV0202": -0.0052807283763277695,
  "U_LV0202": 1.00733779397089,
  "I_LV0202_MV0202": 0.357416083187957,
  "P_LV0203": 0.36,
  "Q_LV0203": -0.005233082706766917,
  "U_LV0203": 1.0075809705566312,
  "I_LV0203_MV0203": 0.3573291314839707,
  "P_POIMV_MV0101": -1.0646867554608388,
  "Q_POIMV_MV0101": 0.0684344286145267,
  "U_POIMV": 0.9978343072805328,
  "I_POIMV_MV0101": 1.069199411544159,
  "P_POIMV_MV0201": -1.06627682635775,
  "Q_POIMV_MV0201": 0.0684602838544761,
  "I_POIMV_MV0201": 1.0707913166695529,
  "P_POI_POIMV": -2.130963583026331,
  "Q_POI_POIMV": 0.1959589353870042,
  "U_POI": 1.0,
  "I_POI_POIMV": 2.1399546015143467
}