{
  "P_LV0101": 0.29556085918854413,
  "Q_LV0101": -0.014728946471189906,
  "U_LV0101": 1.0032975172552336,
  "I_LV0101_MV0101": 0.294955012709758,
  "P_LV0102": 0.8636680327868852,
  "Q_LV0102": -0.014754098360655738,
  "U_LV0102": 1.003492694007263,
  "I_LV0102_MV0102": 0.28726383952424595,
  "P_LV0103": 0.27845783132530116,
  "Q_LV0103": -0.01487091222030981,
  "U_LV0103": 1.0034483979221924,
  "I_LV0103_MV0103": 0.2778963385636676,
  "P_LV0201": 0.2908113590263692,
  "Q_LV0201": -0.01460446247464503,
  "U_LV0201": 1.003777162562092,
  "I_LV0201_MV0201": 0.29008215659759984,
  "P_LV0202": 0.28989377845220027,
  "Q_LV0202": -0.014567526555386949,
  "U_LV0202": 1.004137431365533,
  "I_LV0202_MV0202": 0.28906358520620773,
  "P_LV0203": 0.28926315789473683,
  "Q_LV0203": -0.014436090225563908,
  "U_LV0203": 1.0043292356231013,
  "I_LV0203_MV0203": 0.2883747186194148,
  "P_POIMV_MV0101": -0.8545197497767325,
  "Q_POIMV_MV0101": 0.07771689054147563,
  "U_POIMV": 0.9977291191023115,
  "I_POIMV_MV0101": 0.8599995273991861,
  "P_POIMV_MV0201": -0.861922702721294,
  "Q_POIMV_MV0201": 0.07762715677681131,
  "I_POIMV_MV0201": 0.867381020589881,
  "P_POI_POIMV": -1.716442452719835,
  "Q_POI_POIMV": 0.19363054648329603,
  "U_POI": 1.0,
  "I_POI_POIMV": 1.7273295811831346
}