{
  "P_LV0101": 0.004602795772246845,
  "Q_LV0101": -0.0018411183088987383,
  "U_LV0101": 0.9997786644026022,
  "I_LV0101_MV0101": 0.004958460243363821,
  "P_LV0102": 0.01567622950819672,
  "Q_LV0102": -0.001997950819672131,
  "U_LV0102": 0.9997799273593565,
  "I_LV0102_MV0102": 0.005595578170164807,
  "P_LV0103": 0.005163511187607573,
  "Q_LV0103": -0.0018588640275387263,
  "U_LV0103": 0.9998003950542945,
  "I_LV0103_MV0103": 0.005489011744405915,
  "P_LV0201": 0.004716024340770791,
  "Q_LV0201": -0.0016734279918864095,
  "U_LV0201": 0.9998134135505733,
  "I_LV0201_MV0201": 0.005005056856975383,
  "P_LV0202": 0.004855842185128983,
  "Q_LV0202": -0.001669195751138088,
  "U_LV0202": 0.9998233701919673,
  "I_LV0202_MV0202": 0.005135633755626467,
  "P_LV0203": 0.00481203007518797,
  "Q_LV0203": -0.0018045112781954887,
  "U_LV0203": 0.9998059899538334,
  "I_LV0203_MV0203": 0.0051402476311043195,
  "P_POIMV_MV0101": -0.014989140083527518,
  "Q_POIMV_MV0101": 0.00443694659691236,
  "U_POIMV": 0.99990260843383,
  "I_POIMV_MV0101": 0.01563356708709861,
  "P_POIMV_MV0201": -0.014381416528159809,
  "Q_POIMV_MV0201": 0.0036021757754337393,
  "I_POIMV_MV0201": 0.014827124853438714,
  "P_POI_POIMV": -0.02937055661661609,
  "Q_POI_POIMV": 0.007485288907166564,
  "U_POI": 1.0,
  "I_POI_POIMV": 0.03030939039297231
}