{
  "P_LV0101": 0.3043982270712581,
  "Q_LV0101": -0.014851687691783156,
  "U_LV0101": 1.0033869982218915,
  "I_LV0101_MV0101": 0.3037315827058761,
  "P_LV0102": 0.8940983606557378,
  "Q_LV0102": -0.014938524590163935,
  "U_LV0102": 1.0036165894882982,
  "I_LV0102_MV0102": 0.2973316131841315,
  "P_LV0103": 0.28886746987951806,
  "Q_LV0103": -0.01499483648881239,
  "U_LV0103": 1.003595126548132,
  "I_LV0103_MV0103": 0.2882202038437223,
  "P_LV0201": 0.30103448275862066,
  "Q_LV0201": -0.014787018255578092,
  "U_LV0201": 1.0039097552933318,
  "I_LV0201_MV0201": 0.30022363720558626,
  "P_LV0202": 0.2997268588770865,
  "Q_LV0202": -0.014749620637329286,
  "U_LV0202": 1.0042751789835533,
  "I_LV0202_MV0202": 0.2988120802661388,
  "P_LV0203": 0.30045112781954886,
  "Q_LV0203": -0.014616541353383458,
  "U_LV0203": 1.0045039493825931,
  "I_LV0203_MV0203": 0.29945771284418476,
  "P_POIMV_MV0101": -0.8834001924653113,
  "Q_POIMV_MV0101": 0.0805330053140878,
  "U_POIMV": 0.997633541848768,
  "I_POIMV_MV0101": 0.8891675718583071,
  "P_POIMV_MV0201": -0.892581617378741,
  "Q_POIMV_MV0201": 0.08075806657412789,
  "I_POIMV_MV0201": 0.8983534589590458,
  "P_POI_POIMV": -1.7759818101355584,
  "Q_POI_POIMV": 0.20233004043351038,
  "U_POI": 1.0,
  "I_POI_POIMV": 1.787469953647949
}