{
  "P_LV0101": 0.359509035117627,
  "Q_LV0101": -0.0051551312649164675,
  "U_LV0101": 1.0061743550958495,
  "I_LV0101_MV0101": 0.3573396520788507,
  "P_LV0102": 1.0783401639344263,
  "Q_LV0102": -0.0051639344262295085,
  "U_LV0102": 1.006644289647319,
  "I_LV0102_MV0102": 0.35711106360961675,
  "P_LV0103": 0.35876075731497414,
  "Q_LV0103": -0.005328743545611015,
  "U_LV0103": 1.0068432657142452,
  "I_LV0103_MV0103": 0.3563616522316384,
  "P_LV0201": 0.3594523326572008,
  "Q_LV0201": -0.00511156186612576,
  "U_LV0201": 1.0068887233963824,
  "I_LV0201_MV0201": 0.35702919983103737,
  "P_LV0202": 0.3596358118361153,
  "Q_LV0202": -0.005098634294385432,
  "U_LV0202": 1.0073672515346996,
  "I_LV0202_MV0202": 0.3570415375912537,
  "P_LV0203": 0.35963909774436087,
  "Q_LV0203": -0.0050526315789473685,
  "U_LV0203": 1.0076101167929883,
  "I_LV0203_MV0203": 0.3569580960195593,
  "P_POIMV_MV0101": -1.0662564897414946,
  "Q_POIMV_MV0101": 0.06803408565418985,
  "U_POIMV": 0.9978458653046992,
  "I_POIMV_MV0101": 1.0707312926278199,
  "P_POIMV_MV0201": -1.0664624132658085,
  "Q_POIMV_MV0201": 0.06792831259464183,
  "I_POIMV_MV0201": 1.0709304986374837,
  "P_POI_POIMV": -2.1327189042223686,
  "Q_POI_POIMV": 0.19511978466179863,
  "U_POI": 1.0,
  "I_POI_POIMV": 2.1416259371780892
}