{
  "P_LV0101": 0.24425502898056595,
  "Q_LV0101": -0.018411183088987385,
  "U_LV0101": 1.0016757188794958,
  "I_LV0101_MV0101": 0.24453815776024804,
  "P_LV0102": 0.7054303278688525,
  "Q_LV0102": -0.018442622950819672,
  "U_LV0102": 1.0017547557147033,
  "I_LV0102_MV0102": 0.23545241243144663,
  "P_LV0103": 0.22244406196213423,
  "Q_LV0103": -0.01858864027538726,
  "U_LV0103": 1.0015820644772102,
  "I_LV0103_MV0103": 0.2228668052221532,
  "P_LV0201": 0.23914807302231236,
  "Q_LV0201": -0.018255578093306288,
  "U_LV0201": 1.0020394959186396,
  "I_LV0201_MV0201": 0.23935567378016728,
  "P_LV0202": 0.23617602427921092,
  "Q_LV0202": -0.018391502276176024,
  "U_LV0202": 1.0022548563744065,
  "I_LV0202_MV0202": 0.23635808007867876,
  "P_LV0203": 0.236390977443609,
  "Q_LV0203": -0.018225563909774437,
  "U_LV0203": 1.0024342618848592,
  "I_LV0203_MV0203": 0.23651678118641115,
  "P_POIMV_MV0101": -0.6969086748798435,
  "Q_POIMV_MV0101": 0.077316283755341,
  "U_POIMV": 0.9978221100600195,
  "I_POIMV_MV0101": 0.7027147970187299,
  "P_POIMV_MV0201": -0.7062929181423842,
  "Q_POIMV_MV0201": 0.07729692683796542,
  "I_POIMV_MV0201": 0.7120608189585147,
  "P_POI_POIMV": -1.4032015930680637,
  "Q_POI_POIMV": 0.18010984914507386,
  "U_POI": 1.0,
  "I_POI_POIMV": 1.4147134934494026
}