{
  "P_LV0101": 0.012683259461302419,
  "Q_LV0101": -0.0033753835663143535,
  "U_LV0101": 0.9996812494365592,
  "I_LV0101_MV0101": 0.013128905154511048,
  "P_LV0102": 0.04564549180327869,
  "Q_LV0102": -0.0033811475409836066,
  "U_LV0102": 0.9997702813381557,
  "I_LV0102_MV0102": 0.015589901265932932,
  "P_LV0103": 0.01776247848537005,
  "Q_LV0103": -0.0033046471600688466,
  "U_LV0103": 0.9998617737175204,
  "I_LV0103_MV0103": 0.01806977014158702,
  "P_LV0201": 0.014148073022312371,
  "Q_LV0201": -0.0031947261663286,
  "U_LV0201": 0.999772564468113,
  "I_LV0201_MV0201": 0.014507583181887156,
  "P_LV0202": 0.014719271623672231,
  "Q_LV0202": -0.0031866464339908953,
  "U_LV0202": 0.9998071936098366,
  "I_LV0202_MV0202": 0.015063172239763702,
  "P_LV0203": 0.014586466165413535,
  "Q_LV0203": -0.003157894736842105,
  "U_LV0203": 0.9998163335028699,
  "I_LV0203_MV0203": 0.014927127462636606,
  "P_POIMV_MV0101": -0.04563853021851112,
  "Q_POIMV_MV0101": 0.008892599413159483,
  "U_POIMV": 0.999785686703888,
  "I_POIMV_MV0101": 0.046506781588125656,
  "P_POIMV_MV0201": -0.04343265632712236,
  "Q_POIMV_MV0201": 0.008077134215709441,
  "I_POIMV_MV0201": 0.04418679129259966,
  "P_POI_POIMV": -0.08907118688421567,
  "Q_POI_POIMV": 0.01651092376938758,
  "U_POI": 1.0,
  "I_POI_POIMV": 0.0905885585307626
}