{
  "P_LV0101": 0.3428162291169451,
  "Q_LV0101": -0.009082850323900443,
  "U_LV0101": 1.005134928806767,
  "I_LV0101_MV0101": 0.34118457375906214,
  "P_LV0102": 1.0241188524590166,
  "Q_LV0102": -0.009036885245901639,
  "U_LV0102": 1.0055540111354888,
  "I_LV0102_MV0102": 0.33960636542121386,
  "P_LV0103": 0.3355869191049914,
  "Q_LV0103": -0.009170395869191049,
  "U_LV0103": 1.0056335662140465,
  "I_LV0103_MV0103": 0.3338315308991521,
  "P_LV0201": 0.3432048681541582,
  "Q_LV0201": -0.00894523326572008,
  "U_LV0201": 1.0058364403312436,
  "I_LV0201_MV0201": 0.3413292740218916,
  "P_LV0202": 0.3412443095599393,
  "Q_LV0202": -0.008922610015174507,
  "U_LV0202": 1.0062460703160216,
  "I_LV0202_MV0202": 0.33924201125251147,
  "P_LV0203": 0.34303759398496236,
  "Q_LV0203": -0.008842105263157894,
  "U_LV0203": 1.0065190104083823,
  "I_LV0203_MV0203": 0.340929012034514,
  "P_POIMV_MV0101": -1.009490667387607,
  "Q_POIMV_MV0101": 0.0741947145008098,
  "U_POIMV": 0.9977175383391169,
  "I_POIMV_MV0101": 1.0145291701801067,
  "P_POIMV_MV0201": -1.016330588328575,
  "Q_POIMV_MV0201": 0.07447732490680617,
  "I_POIMV_MV0201": 1.02138708332732,
  "P_POI_POIMV": -2.0258212565303584,
  "Q_POI_POIMV": 0.20207729606146618,
  "U_POI": 1.0,
  "I_POI_POIMV": 2.0358749954242654
}